model,family,sequence_length,separation,l_fraction,precision
PEINT,1a2t_1_A,134,short,1.0,0.208955223880597
PEINT,1a2t_1_A,134,short,0.5,0.1791044776119403
PEINT,1a2t_1_A,134,short,0.2,0.15384615384615385
PEINT,1a2t_1_A,134,medium,1.0,0.3880597014925373
PEINT,1a2t_1_A,134,medium,0.5,0.5373134328358209
PEINT,1a2t_1_A,134,medium,0.2,0.7692307692307693
PEINT,1a2t_1_A,134,long,1.0,0.3880597014925373
PEINT,1a2t_1_A,134,long,0.5,0.5223880597014925
PEINT,1a2t_1_A,134,long,0.2,0.7692307692307693
PEINT,1a2t_1_A,134,all,1.0,0.3880597014925373
PEINT,1a2t_1_A,134,all,0.5,0.4626865671641791
PEINT,1a2t_1_A,134,all,0.2,0.3076923076923077
PEINT,1acf_1_A,125,short,1.0,0.304
PEINT,1acf_1_A,125,short,0.5,0.4838709677419355
PEINT,1acf_1_A,125,short,0.2,0.48
PEINT,1acf_1_A,125,medium,1.0,0.288
PEINT,1acf_1_A,125,medium,0.5,0.41935483870967744
PEINT,1acf_1_A,125,medium,0.2,0.4
PEINT,1acf_1_A,125,long,1.0,0.16
PEINT,1acf_1_A,125,long,0.5,0.22580645161290322
PEINT,1acf_1_A,125,long,0.2,0.4
PEINT,1acf_1_A,125,all,1.0,0.352
PEINT,1acf_1_A,125,all,0.5,0.5161290322580645
PEINT,1acf_1_A,125,all,0.2,0.64
PEINT,1amx_1_A,150,short,1.0,0.26666666666666666
PEINT,1amx_1_A,150,short,0.5,0.48
PEINT,1amx_1_A,150,short,0.2,0.4666666666666667
PEINT,1amx_1_A,150,medium,1.0,0.25333333333333335
PEINT,1amx_1_A,150,medium,0.5,0.29333333333333333
PEINT,1amx_1_A,150,medium,0.2,0.5333333333333333
PEINT,1amx_1_A,150,long,1.0,0.6133333333333333
PEINT,1amx_1_A,150,long,0.5,0.8133333333333334
PEINT,1amx_1_A,150,long,0.2,1.0
PEINT,1amx_1_A,150,all,1.0,0.56
PEINT,1amx_1_A,150,all,0.5,0.5466666666666666
PEINT,1amx_1_A,150,all,0.2,0.6666666666666666
PEINT,1aq6_1_A,245,short,1.0,0.20408163265306123
PEINT,1aq6_1_A,245,short,0.5,0.2459016393442623
PEINT,1aq6_1_A,245,short,0.2,0.32653061224489793
PEINT,1aq6_1_A,245,medium,1.0,0.22857142857142856
PEINT,1aq6_1_A,245,medium,0.5,0.39344262295081966
PEINT,1aq6_1_A,245,medium,0.2,0.5918367346938775
PEINT,1aq6_1_A,245,long,1.0,0.4204081632653061
PEINT,1aq6_1_A,245,long,0.5,0.45901639344262296
PEINT,1aq6_1_A,245,long,0.2,0.5510204081632653
PEINT,1aq6_1_A,245,all,1.0,0.3795918367346939
PEINT,1aq6_1_A,245,all,0.5,0.3770491803278688
PEINT,1aq6_1_A,245,all,0.2,0.4897959183673469
PEINT,1bai_1_A,124,short,1.0,0.0967741935483871
PEINT,1bai_1_A,124,short,0.5,0.12903225806451613
PEINT,1bai_1_A,124,short,0.2,0.08333333333333333
PEINT,1bai_1_A,124,medium,1.0,0.20967741935483872
PEINT,1bai_1_A,124,medium,0.5,0.25806451612903225
PEINT,1bai_1_A,124,medium,0.2,0.5833333333333334
PEINT,1bai_1_A,124,long,1.0,0.1774193548387097
PEINT,1bai_1_A,124,long,0.5,0.0967741935483871
PEINT,1bai_1_A,124,long,0.2,0.08333333333333333
PEINT,1bai_1_A,124,all,1.0,0.20967741935483872
PEINT,1bai_1_A,124,all,0.5,0.22580645161290322
PEINT,1bai_1_A,124,all,0.2,0.08333333333333333
PEINT,1bf2_1_A,750,short,1.0,0.11466666666666667
PEINT,1bf2_1_A,750,short,0.5,0.11733333333333333
PEINT,1bf2_1_A,750,short,0.2,0.10666666666666667
PEINT,1bf2_1_A,750,medium,1.0,0.11466666666666667
PEINT,1bf2_1_A,750,medium,0.5,0.15733333333333333
PEINT,1bf2_1_A,750,medium,0.2,0.16
PEINT,1bf2_1_A,750,long,1.0,0.18933333333333333
PEINT,1bf2_1_A,750,long,0.5,0.2773333333333333
PEINT,1bf2_1_A,750,long,0.2,0.4266666666666667
PEINT,1bf2_1_A,750,all,1.0,0.17333333333333334
PEINT,1bf2_1_A,750,all,0.5,0.18133333333333335
PEINT,1bf2_1_A,750,all,0.2,0.17333333333333334
PEINT,1bja_1_A,95,short,1.0,0.21052631578947367
PEINT,1bja_1_A,95,short,0.5,0.2553191489361702
PEINT,1bja_1_A,95,short,0.2,0.5263157894736842
PEINT,1bja_1_A,95,medium,1.0,0.10526315789473684
PEINT,1bja_1_A,95,medium,0.5,0.1276595744680851
PEINT,1bja_1_A,95,medium,0.2,0.3157894736842105
PEINT,1bja_1_A,95,long,1.0,0.25263157894736843
PEINT,1bja_1_A,95,long,0.5,0.3404255319148936
PEINT,1bja_1_A,95,long,0.2,0.631578947368421
PEINT,1bja_1_A,95,all,1.0,0.25263157894736843
PEINT,1bja_1_A,95,all,0.5,0.3404255319148936
PEINT,1bja_1_A,95,all,0.2,0.6842105263157895
PEINT,1byu_1_B,215,short,1.0,0.14883720930232558
PEINT,1byu_1_B,215,short,0.5,0.22429906542056074
PEINT,1byu_1_B,215,short,0.2,0.23255813953488372
PEINT,1byu_1_B,215,medium,1.0,0.17674418604651163
PEINT,1byu_1_B,215,medium,0.5,0.2523364485981308
PEINT,1byu_1_B,215,medium,0.2,0.37209302325581395
PEINT,1byu_1_B,215,long,1.0,0.30697674418604654
PEINT,1byu_1_B,215,long,0.5,0.3925233644859813
PEINT,1byu_1_B,215,long,0.2,0.6046511627906976
PEINT,1byu_1_B,215,all,1.0,0.30697674418604654
PEINT,1byu_1_B,215,all,0.5,0.35514018691588783
PEINT,1byu_1_B,215,all,0.2,0.46511627906976744
PEINT,1cg2_1_A,389,short,1.0,0.08740359897172237
PEINT,1cg2_1_A,389,short,0.5,0.12371134020618557
PEINT,1cg2_1_A,389,short,0.2,0.1038961038961039
PEINT,1cg2_1_A,389,medium,1.0,0.16709511568123395
PEINT,1cg2_1_A,389,medium,0.5,0.2268041237113402
PEINT,1cg2_1_A,389,medium,0.2,0.2857142857142857
PEINT,1cg2_1_A,389,long,1.0,0.35475578406169667
PEINT,1cg2_1_A,389,long,0.5,0.4639175257731959
PEINT,1cg2_1_A,389,long,0.2,0.5324675324675324
PEINT,1cg2_1_A,389,all,1.0,0.17994858611825193
PEINT,1cg2_1_A,389,all,0.5,0.18556701030927836
PEINT,1cg2_1_A,389,all,0.2,0.2077922077922078
PEINT,1d8h_1_A,288,short,1.0,0.1111111111111111
PEINT,1d8h_1_A,288,short,0.5,0.08333333333333333
PEINT,1d8h_1_A,288,short,0.2,0.0
PEINT,1d8h_1_A,288,medium,1.0,0.0625
PEINT,1d8h_1_A,288,medium,0.5,0.08333333333333333
PEINT,1d8h_1_A,288,medium,0.2,0.08771929824561403
PEINT,1d8h_1_A,288,long,1.0,0.0625
PEINT,1d8h_1_A,288,long,0.5,0.06944444444444445
PEINT,1d8h_1_A,288,long,0.2,0.07017543859649122
PEINT,1d8h_1_A,288,all,1.0,0.1111111111111111
PEINT,1d8h_1_A,288,all,0.5,0.09722222222222222
PEINT,1d8h_1_A,288,all,0.2,0.0
PEINT,1e7u_1_A,872,short,1.0,0.05733944954128441
PEINT,1e7u_1_A,872,short,0.5,0.08256880733944955
PEINT,1e7u_1_A,872,short,0.2,0.09195402298850575
PEINT,1e7u_1_A,872,medium,1.0,0.052752293577981654
PEINT,1e7u_1_A,872,medium,0.5,0.03669724770642202
PEINT,1e7u_1_A,872,medium,0.2,0.022988505747126436
PEINT,1e7u_1_A,872,long,1.0,0.08027522935779817
PEINT,1e7u_1_A,872,long,0.5,0.11467889908256881
PEINT,1e7u_1_A,872,long,0.2,0.12643678160919541
PEINT,1e7u_1_A,872,all,1.0,0.05963302752293578
PEINT,1e7u_1_A,872,all,0.5,0.08256880733944955
PEINT,1e7u_1_A,872,all,0.2,0.09195402298850575
PEINT,1eg4_1_A,260,short,1.0,0.13076923076923078
PEINT,1eg4_1_A,260,short,0.5,0.16923076923076924
PEINT,1eg4_1_A,260,short,0.2,0.15384615384615385
PEINT,1eg4_1_A,260,medium,1.0,0.12307692307692308
PEINT,1eg4_1_A,260,medium,0.5,0.15384615384615385
PEINT,1eg4_1_A,260,medium,0.2,0.2692307692307692
PEINT,1eg4_1_A,260,long,1.0,0.007692307692307693
PEINT,1eg4_1_A,260,long,0.5,0.0
PEINT,1eg4_1_A,260,long,0.2,0.0
PEINT,1eg4_1_A,260,all,1.0,0.16923076923076924
PEINT,1eg4_1_A,260,all,0.5,0.16923076923076924
PEINT,1eg4_1_A,260,all,0.2,0.15384615384615385
PEINT,1ekj_1_C,217,short,1.0,0.10138248847926268
PEINT,1ekj_1_C,217,short,0.5,0.12962962962962962
PEINT,1ekj_1_C,217,short,0.2,0.18604651162790697
PEINT,1ekj_1_C,217,medium,1.0,0.12903225806451613
PEINT,1ekj_1_C,217,medium,0.5,0.1111111111111111
PEINT,1ekj_1_C,217,medium,0.2,0.046511627906976744
PEINT,1ekj_1_C,217,long,1.0,0.16589861751152074
PEINT,1ekj_1_C,217,long,0.5,0.14814814814814814
PEINT,1ekj_1_C,217,long,0.2,0.23255813953488372
PEINT,1ekj_1_C,217,all,1.0,0.11981566820276497
PEINT,1ekj_1_C,217,all,0.5,0.12962962962962962
PEINT,1ekj_1_C,217,all,0.2,0.20930232558139536
PEINT,1f3v_1_A,158,short,1.0,0.02531645569620253
PEINT,1f3v_1_A,158,short,0.5,0.02531645569620253
PEINT,1f3v_1_A,158,short,0.2,0.0
PEINT,1f3v_1_A,158,medium,1.0,0.012658227848101266
PEINT,1f3v_1_A,158,medium,0.5,0.02531645569620253
PEINT,1f3v_1_A,158,medium,0.2,0.06451612903225806
PEINT,1f3v_1_A,158,long,1.0,0.12658227848101267
PEINT,1f3v_1_A,158,long,0.5,0.1518987341772152
PEINT,1f3v_1_A,158,long,0.2,0.1935483870967742
PEINT,1f3v_1_A,158,all,1.0,0.05063291139240506
PEINT,1f3v_1_A,158,all,0.5,0.02531645569620253
PEINT,1f3v_1_A,158,all,0.2,0.0
PEINT,1fep_1_A,680,short,1.0,0.19117647058823528
PEINT,1fep_1_A,680,short,0.5,0.21764705882352942
PEINT,1fep_1_A,680,short,0.2,0.17647058823529413
PEINT,1fep_1_A,680,medium,1.0,0.31176470588235294
PEINT,1fep_1_A,680,medium,0.5,0.3941176470588235
PEINT,1fep_1_A,680,medium,0.2,0.4117647058823529
PEINT,1fep_1_A,680,long,1.0,0.3558823529411765
PEINT,1fep_1_A,680,long,0.5,0.48823529411764705
PEINT,1fep_1_A,680,long,0.2,0.6323529411764706
PEINT,1fep_1_A,680,all,1.0,0.29705882352941176
PEINT,1fep_1_A,680,all,0.5,0.32941176470588235
PEINT,1fep_1_A,680,all,0.2,0.2647058823529412
PEINT,1g4w_1_A,341,short,1.0,0.14076246334310852
PEINT,1g4w_1_A,341,short,0.5,0.21176470588235294
PEINT,1g4w_1_A,341,short,0.2,0.11764705882352941
PEINT,1g4w_1_A,341,medium,1.0,0.11730205278592376
PEINT,1g4w_1_A,341,medium,0.5,0.16470588235294117
PEINT,1g4w_1_A,341,medium,0.2,0.20588235294117646
PEINT,1g4w_1_A,341,long,1.0,0.1436950146627566
PEINT,1g4w_1_A,341,long,0.5,0.16470588235294117
PEINT,1g4w_1_A,341,long,0.2,0.2647058823529412
PEINT,1g4w_1_A,341,all,1.0,0.1466275659824047
PEINT,1g4w_1_A,341,all,0.5,0.23529411764705882
PEINT,1g4w_1_A,341,all,0.2,0.11764705882352941
PEINT,1ghe_1_A,170,short,1.0,0.29411764705882354
PEINT,1ghe_1_A,170,short,0.5,0.35294117647058826
PEINT,1ghe_1_A,170,short,0.2,0.4117647058823529
PEINT,1ghe_1_A,170,medium,1.0,0.29411764705882354
PEINT,1ghe_1_A,170,medium,0.5,0.4117647058823529
PEINT,1ghe_1_A,170,medium,0.2,0.47058823529411764
PEINT,1ghe_1_A,170,long,1.0,0.4588235294117647
PEINT,1ghe_1_A,170,long,0.5,0.5882352941176471
PEINT,1ghe_1_A,170,long,0.2,0.7647058823529411
PEINT,1ghe_1_A,170,all,1.0,0.4235294117647059
PEINT,1ghe_1_A,170,all,0.5,0.49411764705882355
PEINT,1ghe_1_A,170,all,0.2,0.4117647058823529
PEINT,1gl2_1_A,53,short,1.0,0.0
PEINT,1gl2_1_A,53,short,0.5,0.0
PEINT,1gl2_1_A,53,short,0.2,0.0
PEINT,1gl2_1_A,53,medium,1.0,0.0
PEINT,1gl2_1_A,53,medium,0.5,0.0
PEINT,1gl2_1_A,53,medium,0.2,0.0
PEINT,1gl2_1_A,53,long,1.0,0.0
PEINT,1gl2_1_A,53,long,0.5,0.0
PEINT,1gl2_1_A,53,long,0.2,0.0
PEINT,1gl2_1_A,53,all,1.0,0.0
PEINT,1gl2_1_A,53,all,0.5,0.0
PEINT,1gl2_1_A,53,all,0.2,0.0
PEINT,1gmi_1_A,135,short,1.0,0.11851851851851852
PEINT,1gmi_1_A,135,short,0.5,0.14925373134328357
PEINT,1gmi_1_A,135,short,0.2,0.14814814814814814
PEINT,1gmi_1_A,135,medium,1.0,0.3111111111111111
PEINT,1gmi_1_A,135,medium,0.5,0.3283582089552239
PEINT,1gmi_1_A,135,medium,0.2,0.2962962962962963
PEINT,1gmi_1_A,135,long,1.0,0.4444444444444444
PEINT,1gmi_1_A,135,long,0.5,0.417910447761194
PEINT,1gmi_1_A,135,long,0.2,0.5925925925925926
PEINT,1gmi_1_A,135,all,1.0,0.2074074074074074
PEINT,1gmi_1_A,135,all,0.5,0.23880597014925373
PEINT,1gmi_1_A,135,all,0.2,0.18518518518518517
PEINT,1h3o_1_B,74,short,1.0,0.13513513513513514
PEINT,1h3o_1_B,74,short,0.5,0.21621621621621623
PEINT,1h3o_1_B,74,short,0.2,0.2857142857142857
PEINT,1h3o_1_B,74,medium,1.0,0.13513513513513514
PEINT,1h3o_1_B,74,medium,0.5,0.1891891891891892
PEINT,1h3o_1_B,74,medium,0.2,0.2857142857142857
PEINT,1h3o_1_B,74,long,1.0,0.0
PEINT,1h3o_1_B,74,long,0.5,0.0
PEINT,1h3o_1_B,74,long,0.2,0.0
PEINT,1h3o_1_B,74,all,1.0,0.16216216216216217
PEINT,1h3o_1_B,74,all,0.5,0.2702702702702703
PEINT,1h3o_1_B,74,all,0.2,0.2857142857142857
PEINT,1htm_1_B,114,short,1.0,0.0
PEINT,1htm_1_B,114,short,0.5,0.0
PEINT,1htm_1_B,114,short,0.2,0.0
PEINT,1htm_1_B,114,medium,1.0,0.0
PEINT,1htm_1_B,114,medium,0.5,0.0
PEINT,1htm_1_B,114,medium,0.2,0.0
PEINT,1htm_1_B,114,long,1.0,0.0
PEINT,1htm_1_B,114,long,0.5,0.0
PEINT,1htm_1_B,114,long,0.2,0.0
PEINT,1htm_1_B,114,all,1.0,0.0
PEINT,1htm_1_B,114,all,0.5,0.0
PEINT,1htm_1_B,114,all,0.2,0.0
PEINT,1iah_1_A,276,short,1.0,0.09420289855072464
PEINT,1iah_1_A,276,short,0.5,0.11594202898550725
PEINT,1iah_1_A,276,short,0.2,0.03636363636363636
PEINT,1iah_1_A,276,medium,1.0,0.057971014492753624
PEINT,1iah_1_A,276,medium,0.5,0.043478260869565216
PEINT,1iah_1_A,276,medium,0.2,0.0
PEINT,1iah_1_A,276,long,1.0,0.050724637681159424
PEINT,1iah_1_A,276,long,0.5,0.043478260869565216
PEINT,1iah_1_A,276,long,0.2,0.10909090909090909
PEINT,1iah_1_A,276,all,1.0,0.07971014492753623
PEINT,1iah_1_A,276,all,0.5,0.10144927536231885
PEINT,1iah_1_A,276,all,0.2,0.03636363636363636
PEINT,1in4_1_A,298,short,1.0,0.15436241610738255
PEINT,1in4_1_A,298,short,0.5,0.1476510067114094
PEINT,1in4_1_A,298,short,0.2,0.1016949152542373
PEINT,1in4_1_A,298,medium,1.0,0.16778523489932887
PEINT,1in4_1_A,298,medium,0.5,0.24161073825503357
PEINT,1in4_1_A,298,medium,0.2,0.4745762711864407
PEINT,1in4_1_A,298,long,1.0,0.38926174496644295
PEINT,1in4_1_A,298,long,0.5,0.5906040268456376
PEINT,1in4_1_A,298,long,0.2,0.6949152542372882
PEINT,1in4_1_A,298,all,1.0,0.2348993288590604
PEINT,1in4_1_A,298,all,0.5,0.26174496644295303
PEINT,1in4_1_A,298,all,0.2,0.3389830508474576
PEINT,1isu_1_B,62,short,1.0,0.16129032258064516
PEINT,1isu_1_B,62,short,0.5,0.12903225806451613
PEINT,1isu_1_B,62,short,0.2,0.16666666666666666
PEINT,1isu_1_B,62,medium,1.0,0.16129032258064516
PEINT,1isu_1_B,62,medium,0.5,0.3225806451612903
PEINT,1isu_1_B,62,medium,0.2,0.5
PEINT,1isu_1_B,62,long,1.0,0.0
PEINT,1isu_1_B,62,long,0.5,0.0
PEINT,1isu_1_B,62,long,0.2,0.0
PEINT,1isu_1_B,62,all,1.0,0.1935483870967742
PEINT,1isu_1_B,62,all,0.5,0.1935483870967742
PEINT,1isu_1_B,62,all,0.2,0.16666666666666666
PEINT,1j1v_1_A,94,short,1.0,0.23404255319148937
PEINT,1j1v_1_A,94,short,0.5,0.2765957446808511
PEINT,1j1v_1_A,94,short,0.2,0.4444444444444444
PEINT,1j1v_1_A,94,medium,1.0,0.19148936170212766
PEINT,1j1v_1_A,94,medium,0.5,0.3617021276595745
PEINT,1j1v_1_A,94,medium,0.2,0.5555555555555556
PEINT,1j1v_1_A,94,long,1.0,0.2553191489361702
PEINT,1j1v_1_A,94,long,0.5,0.3191489361702128
PEINT,1j1v_1_A,94,long,0.2,0.2222222222222222
PEINT,1j1v_1_A,94,all,1.0,0.3404255319148936
PEINT,1j1v_1_A,94,all,0.5,0.44680851063829785
PEINT,1j1v_1_A,94,all,0.2,0.6666666666666666
PEINT,1j72_1_A,337,short,1.0,0.1543026706231454
PEINT,1j72_1_A,337,short,0.5,0.19047619047619047
PEINT,1j72_1_A,337,short,0.2,0.26865671641791045
PEINT,1j72_1_A,337,medium,1.0,0.11275964391691394
PEINT,1j72_1_A,337,medium,0.5,0.16666666666666666
PEINT,1j72_1_A,337,medium,0.2,0.23880597014925373
PEINT,1j72_1_A,337,long,1.0,0.09198813056379822
PEINT,1j72_1_A,337,long,0.5,0.11904761904761904
PEINT,1j72_1_A,337,long,0.2,0.1791044776119403
PEINT,1j72_1_A,337,all,1.0,0.16023738872403562
PEINT,1j72_1_A,337,all,0.5,0.20238095238095238
PEINT,1j72_1_A,337,all,0.2,0.2537313432835821
PEINT,1jn9_1_A,157,short,1.0,0.17834394904458598
PEINT,1jn9_1_A,157,short,0.5,0.23076923076923078
PEINT,1jn9_1_A,157,short,0.2,0.3870967741935484
PEINT,1jn9_1_A,157,medium,1.0,0.10828025477707007
PEINT,1jn9_1_A,157,medium,0.5,0.1282051282051282
PEINT,1jn9_1_A,157,medium,0.2,0.25806451612903225
PEINT,1jn9_1_A,157,long,1.0,0.050955414012738856
PEINT,1jn9_1_A,157,long,0.5,0.07692307692307693
PEINT,1jn9_1_A,157,long,0.2,0.06451612903225806
PEINT,1jn9_1_A,157,all,1.0,0.24203821656050956
PEINT,1jn9_1_A,157,all,0.5,0.2564102564102564
PEINT,1jn9_1_A,157,all,0.2,0.45161290322580644
PEINT,1jog_1_B,135,short,1.0,0.044444444444444446
PEINT,1jog_1_B,135,short,0.5,0.05970149253731343
PEINT,1jog_1_B,135,short,0.2,0.07407407407407407
PEINT,1jog_1_B,135,medium,1.0,0.08888888888888889
PEINT,1jog_1_B,135,medium,0.5,0.11940298507462686
PEINT,1jog_1_B,135,medium,0.2,0.0
PEINT,1jog_1_B,135,long,1.0,0.28888888888888886
PEINT,1jog_1_B,135,long,0.5,0.2835820895522388
PEINT,1jog_1_B,135,long,0.2,0.4444444444444444
PEINT,1jog_1_B,135,all,1.0,0.05925925925925926
PEINT,1jog_1_B,135,all,0.5,0.05970149253731343
PEINT,1jog_1_B,135,all,0.2,0.14814814814814814
PEINT,1jql_1_B,140,short,1.0,0.11428571428571428
PEINT,1jql_1_B,140,short,0.5,0.14285714285714285
PEINT,1jql_1_B,140,short,0.2,0.07142857142857142
PEINT,1jql_1_B,140,medium,1.0,0.04285714285714286
PEINT,1jql_1_B,140,medium,0.5,0.05714285714285714
PEINT,1jql_1_B,140,medium,0.2,0.14285714285714285
PEINT,1jql_1_B,140,long,1.0,0.5
PEINT,1jql_1_B,140,long,0.5,0.7142857142857143
PEINT,1jql_1_B,140,long,0.2,0.7142857142857143
PEINT,1jql_1_B,140,all,1.0,0.3
PEINT,1jql_1_B,140,all,0.5,0.22857142857142856
PEINT,1jql_1_B,140,all,0.2,0.42857142857142855
PEINT,1kcf_1_B,228,short,1.0,0.07017543859649122
PEINT,1kcf_1_B,228,short,0.5,0.12280701754385964
PEINT,1kcf_1_B,228,short,0.2,0.13333333333333333
PEINT,1kcf_1_B,228,medium,1.0,0.15789473684210525
PEINT,1kcf_1_B,228,medium,0.5,0.21052631578947367
PEINT,1kcf_1_B,228,medium,0.2,0.26666666666666666
PEINT,1kcf_1_B,228,long,1.0,0.3157894736842105
PEINT,1kcf_1_B,228,long,0.5,0.45614035087719296
PEINT,1kcf_1_B,228,long,0.2,0.6222222222222222
PEINT,1kcf_1_B,228,all,1.0,0.21052631578947367
PEINT,1kcf_1_B,228,all,0.5,0.2807017543859649
PEINT,1kcf_1_B,228,all,0.2,0.3111111111111111
PEINT,1ko7_1_A,285,short,1.0,0.16140350877192983
PEINT,1ko7_1_A,285,short,0.5,0.16901408450704225
PEINT,1ko7_1_A,285,short,0.2,0.2807017543859649
PEINT,1ko7_1_A,285,medium,1.0,0.1824561403508772
PEINT,1ko7_1_A,285,medium,0.5,0.22535211267605634
PEINT,1ko7_1_A,285,medium,0.2,0.2982456140350877
PEINT,1ko7_1_A,285,long,1.0,0.23859649122807017
PEINT,1ko7_1_A,285,long,0.5,0.352112676056338
PEINT,1ko7_1_A,285,long,0.2,0.43859649122807015
PEINT,1ko7_1_A,285,all,1.0,0.23157894736842105
PEINT,1ko7_1_A,285,all,0.5,0.23943661971830985
PEINT,1ko7_1_A,285,all,0.2,0.3684210526315789
PEINT,1ktj_1_A,129,short,1.0,0.21705426356589147
PEINT,1ktj_1_A,129,short,0.5,0.34375
PEINT,1ktj_1_A,129,short,0.2,0.36
PEINT,1ktj_1_A,129,medium,1.0,0.13953488372093023
PEINT,1ktj_1_A,129,medium,0.5,0.21875
PEINT,1ktj_1_A,129,medium,0.2,0.32
PEINT,1ktj_1_A,129,long,1.0,0.43410852713178294
PEINT,1ktj_1_A,129,long,0.5,0.5625
PEINT,1ktj_1_A,129,long,0.2,0.76
PEINT,1ktj_1_A,129,all,1.0,0.35658914728682173
PEINT,1ktj_1_A,129,all,0.5,0.53125
PEINT,1ktj_1_A,129,all,0.2,0.52
PEINT,1kut_1_A,213,short,1.0,0.28169014084507044
PEINT,1kut_1_A,213,short,0.5,0.24528301886792453
PEINT,1kut_1_A,213,short,0.2,0.3333333333333333
PEINT,1kut_1_A,213,medium,1.0,0.10328638497652583
PEINT,1kut_1_A,213,medium,0.5,0.16981132075471697
PEINT,1kut_1_A,213,medium,0.2,0.3333333333333333
PEINT,1kut_1_A,213,long,1.0,0.11267605633802817
PEINT,1kut_1_A,213,long,0.5,0.09433962264150944
PEINT,1kut_1_A,213,long,0.2,0.047619047619047616
PEINT,1kut_1_A,213,all,1.0,0.215962441314554
PEINT,1kut_1_A,213,all,0.5,0.2830188679245283
PEINT,1kut_1_A,213,all,0.2,0.5238095238095238
PEINT,1l2p_1_A,61,short,1.0,0.0
PEINT,1l2p_1_A,61,short,0.5,0.0
PEINT,1l2p_1_A,61,short,0.2,0.0
PEINT,1l2p_1_A,61,medium,1.0,0.0
PEINT,1l2p_1_A,61,medium,0.5,0.0
PEINT,1l2p_1_A,61,medium,0.2,0.0
PEINT,1l2p_1_A,61,long,1.0,0.0
PEINT,1l2p_1_A,61,long,0.5,0.0
PEINT,1l2p_1_A,61,long,0.2,0.0
PEINT,1l2p_1_A,61,all,1.0,0.0
PEINT,1l2p_1_A,61,all,0.5,0.0
PEINT,1l2p_1_A,61,all,0.2,0.0
PEINT,1l8w_1_A,271,short,1.0,0.02952029520295203
PEINT,1l8w_1_A,271,short,0.5,0.02962962962962963
PEINT,1l8w_1_A,271,short,0.2,0.07407407407407407
PEINT,1l8w_1_A,271,medium,1.0,0.05166051660516605
PEINT,1l8w_1_A,271,medium,0.5,0.06666666666666667
PEINT,1l8w_1_A,271,medium,0.2,0.07407407407407407
PEINT,1l8w_1_A,271,long,1.0,0.014760147601476014
PEINT,1l8w_1_A,271,long,0.5,0.014814814814814815
PEINT,1l8w_1_A,271,long,0.2,0.037037037037037035
PEINT,1l8w_1_A,271,all,1.0,0.02952029520295203
PEINT,1l8w_1_A,271,all,0.5,0.02962962962962963
PEINT,1l8w_1_A,271,all,0.2,0.07407407407407407
PEINT,1lb6_1_A,155,short,1.0,0.11612903225806452
PEINT,1lb6_1_A,155,short,0.5,0.18181818181818182
PEINT,1lb6_1_A,155,short,0.2,0.12903225806451613
PEINT,1lb6_1_A,155,medium,1.0,0.04516129032258064
PEINT,1lb6_1_A,155,medium,0.5,0.05194805194805195
PEINT,1lb6_1_A,155,medium,0.2,0.0
PEINT,1lb6_1_A,155,long,1.0,0.14193548387096774
PEINT,1lb6_1_A,155,long,0.5,0.15584415584415584
PEINT,1lb6_1_A,155,long,0.2,0.1935483870967742
PEINT,1lb6_1_A,155,all,1.0,0.11612903225806452
PEINT,1lb6_1_A,155,all,0.5,0.15584415584415584
PEINT,1lb6_1_A,155,all,0.2,0.12903225806451613
PEINT,1lc7_1_A,358,short,1.0,0.22905027932960895
PEINT,1lc7_1_A,358,short,0.5,0.2681564245810056
PEINT,1lc7_1_A,358,short,0.2,0.39436619718309857
PEINT,1lc7_1_A,358,medium,1.0,0.2122905027932961
PEINT,1lc7_1_A,358,medium,0.5,0.3240223463687151
PEINT,1lc7_1_A,358,medium,0.2,0.36619718309859156
PEINT,1lc7_1_A,358,long,1.0,0.3687150837988827
PEINT,1lc7_1_A,358,long,0.5,0.4860335195530726
PEINT,1lc7_1_A,358,long,0.2,0.6056338028169014
PEINT,1lc7_1_A,358,all,1.0,0.37988826815642457
PEINT,1lc7_1_A,358,all,0.5,0.441340782122905
PEINT,1lc7_1_A,358,all,0.2,0.5492957746478874
PEINT,1lsh_1_A,953,short,1.0,0.048268625393494226
PEINT,1lsh_1_A,953,short,0.5,0.04201680672268908
PEINT,1lsh_1_A,953,short,0.2,0.042105263157894736
PEINT,1lsh_1_A,953,medium,1.0,0.09863588667366212
PEINT,1lsh_1_A,953,medium,0.5,0.10084033613445378
PEINT,1lsh_1_A,953,medium,0.2,0.15789473684210525
PEINT,1lsh_1_A,953,long,1.0,0.08814270724029381
PEINT,1lsh_1_A,953,long,0.5,0.07983193277310924
PEINT,1lsh_1_A,953,long,0.2,0.07368421052631578
PEINT,1lsh_1_A,953,all,1.0,0.055613850996852045
PEINT,1lsh_1_A,953,all,0.5,0.046218487394957986
PEINT,1lsh_1_A,953,all,0.2,0.042105263157894736
PEINT,1ltq_1_A,298,short,1.0,0.1476510067114094
PEINT,1ltq_1_A,298,short,0.5,0.1610738255033557
PEINT,1ltq_1_A,298,short,0.2,0.3050847457627119
PEINT,1ltq_1_A,298,medium,1.0,0.1610738255033557
PEINT,1ltq_1_A,298,medium,0.5,0.22818791946308725
PEINT,1ltq_1_A,298,medium,0.2,0.2711864406779661
PEINT,1ltq_1_A,298,long,1.0,0.2684563758389262
PEINT,1ltq_1_A,298,long,0.5,0.30201342281879195
PEINT,1ltq_1_A,298,long,0.2,0.3898305084745763
PEINT,1ltq_1_A,298,all,1.0,0.18120805369127516
PEINT,1ltq_1_A,298,all,0.5,0.22818791946308725
PEINT,1ltq_1_A,298,all,0.2,0.3559322033898305
PEINT,1mb1_1_A,98,short,1.0,0.3673469387755102
PEINT,1mb1_1_A,98,short,0.5,0.32653061224489793
PEINT,1mb1_1_A,98,short,0.2,0.47368421052631576
PEINT,1mb1_1_A,98,medium,1.0,0.24489795918367346
PEINT,1mb1_1_A,98,medium,0.5,0.3673469387755102
PEINT,1mb1_1_A,98,medium,0.2,0.5789473684210527
PEINT,1mb1_1_A,98,long,1.0,0.04081632653061224
PEINT,1mb1_1_A,98,long,0.5,0.04081632653061224
PEINT,1mb1_1_A,98,long,0.2,0.10526315789473684
PEINT,1mb1_1_A,98,all,1.0,0.3877551020408163
PEINT,1mb1_1_A,98,all,0.5,0.3673469387755102
PEINT,1mb1_1_A,98,all,0.2,0.47368421052631576
PEINT,1mg5_1_A,255,short,1.0,0.10196078431372549
PEINT,1mg5_1_A,255,short,0.5,0.16535433070866143
PEINT,1mg5_1_A,255,short,0.2,0.3137254901960784
PEINT,1mg5_1_A,255,medium,1.0,0.2823529411764706
PEINT,1mg5_1_A,255,medium,0.5,0.2992125984251969
PEINT,1mg5_1_A,255,medium,0.2,0.5294117647058824
PEINT,1mg5_1_A,255,long,1.0,0.5254901960784314
PEINT,1mg5_1_A,255,long,0.5,0.7007874015748031
PEINT,1mg5_1_A,255,long,0.2,0.8627450980392157
PEINT,1mg5_1_A,255,all,1.0,0.35294117647058826
PEINT,1mg5_1_A,255,all,0.5,0.47244094488188976
PEINT,1mg5_1_A,255,all,0.2,0.7254901960784313
PEINT,1mu7_1_A,422,short,1.0,0.08056872037914692
PEINT,1mu7_1_A,422,short,0.5,0.0947867298578199
PEINT,1mu7_1_A,422,short,0.2,0.07142857142857142
PEINT,1mu7_1_A,422,medium,1.0,0.05687203791469194
PEINT,1mu7_1_A,422,medium,0.5,0.0947867298578199
PEINT,1mu7_1_A,422,medium,0.2,0.11904761904761904
PEINT,1mu7_1_A,422,long,1.0,0.09004739336492891
PEINT,1mu7_1_A,422,long,0.5,0.08530805687203792
PEINT,1mu7_1_A,422,long,0.2,0.14285714285714285
PEINT,1mu7_1_A,422,all,1.0,0.0947867298578199
PEINT,1mu7_1_A,422,all,0.5,0.12322274881516587
PEINT,1mu7_1_A,422,all,0.2,0.047619047619047616
PEINT,1n1i_1_A,91,short,1.0,0.4065934065934066
PEINT,1n1i_1_A,91,short,0.5,0.4222222222222222
PEINT,1n1i_1_A,91,short,0.2,0.5555555555555556
PEINT,1n1i_1_A,91,medium,1.0,0.24175824175824176
PEINT,1n1i_1_A,91,medium,0.5,0.26666666666666666
PEINT,1n1i_1_A,91,medium,0.2,0.3333333333333333
PEINT,1n1i_1_A,91,long,1.0,0.02197802197802198
PEINT,1n1i_1_A,91,long,0.5,0.044444444444444446
PEINT,1n1i_1_A,91,long,0.2,0.0
PEINT,1n1i_1_A,91,all,1.0,0.43956043956043955
PEINT,1n1i_1_A,91,all,0.5,0.4888888888888889
PEINT,1n1i_1_A,91,all,0.2,0.7777777777777778
PEINT,1n3l_1_A,331,short,1.0,0.10876132930513595
PEINT,1n3l_1_A,331,short,0.5,0.15757575757575756
PEINT,1n3l_1_A,331,short,0.2,0.21212121212121213
PEINT,1n3l_1_A,331,medium,1.0,0.12084592145015106
PEINT,1n3l_1_A,331,medium,0.5,0.15757575757575756
PEINT,1n3l_1_A,331,medium,0.2,0.21212121212121213
PEINT,1n3l_1_A,331,long,1.0,0.2537764350453172
PEINT,1n3l_1_A,331,long,0.5,0.4
PEINT,1n3l_1_A,331,long,0.2,0.7272727272727273
PEINT,1n3l_1_A,331,all,1.0,0.24169184290030213
PEINT,1n3l_1_A,331,all,0.5,0.36363636363636365
PEINT,1n3l_1_A,331,all,0.2,0.42424242424242425
PEINT,1n8y_1_A,592,short,1.0,0.13513513513513514
PEINT,1n8y_1_A,592,short,0.5,0.14864864864864866
PEINT,1n8y_1_A,592,short,0.2,0.1864406779661017
PEINT,1n8y_1_A,592,medium,1.0,0.08783783783783784
PEINT,1n8y_1_A,592,medium,0.5,0.08783783783783784
PEINT,1n8y_1_A,592,medium,0.2,0.0847457627118644
PEINT,1n8y_1_A,592,long,1.0,0.16216216216216217
PEINT,1n8y_1_A,592,long,0.5,0.17567567567567569
PEINT,1n8y_1_A,592,long,0.2,0.2542372881355932
PEINT,1n8y_1_A,592,all,1.0,0.14189189189189189
PEINT,1n8y_1_A,592,all,0.5,0.14864864864864866
PEINT,1n8y_1_A,592,all,0.2,0.1864406779661017
PEINT,1nap_1_C,63,short,1.0,0.19047619047619047
PEINT,1nap_1_C,63,short,0.5,0.3225806451612903
PEINT,1nap_1_C,63,short,0.2,0.6666666666666666
PEINT,1nap_1_C,63,medium,1.0,0.12698412698412698
PEINT,1nap_1_C,63,medium,0.5,0.1935483870967742
PEINT,1nap_1_C,63,medium,0.2,0.3333333333333333
PEINT,1nap_1_C,63,long,1.0,0.19047619047619047
PEINT,1nap_1_C,63,long,0.5,0.3870967741935484
PEINT,1nap_1_C,63,long,0.2,0.3333333333333333
PEINT,1nap_1_C,63,all,1.0,0.2857142857142857
PEINT,1nap_1_C,63,all,0.5,0.3870967741935484
PEINT,1nap_1_C,63,all,0.2,0.6666666666666666
PEINT,1nd6_1_A,342,short,1.0,0.0935672514619883
PEINT,1nd6_1_A,342,short,0.5,0.15204678362573099
PEINT,1nd6_1_A,342,short,0.2,0.20588235294117646
PEINT,1nd6_1_A,342,medium,1.0,0.16374269005847952
PEINT,1nd6_1_A,342,medium,0.5,0.15204678362573099
PEINT,1nd6_1_A,342,medium,0.2,0.17647058823529413
PEINT,1nd6_1_A,342,long,1.0,0.1695906432748538
PEINT,1nd6_1_A,342,long,0.5,0.23391812865497075
PEINT,1nd6_1_A,342,long,0.2,0.4117647058823529
PEINT,1nd6_1_A,342,all,1.0,0.13450292397660818
PEINT,1nd6_1_A,342,all,0.5,0.16374269005847952
PEINT,1nd6_1_A,342,all,0.2,0.23529411764705882
PEINT,1nf4_1_H,170,short,1.0,0.08235294117647059
PEINT,1nf4_1_H,170,short,0.5,0.09411764705882353
PEINT,1nf4_1_H,170,short,0.2,0.17647058823529413
PEINT,1nf4_1_H,170,medium,1.0,0.17647058823529413
PEINT,1nf4_1_H,170,medium,0.5,0.23529411764705882
PEINT,1nf4_1_H,170,medium,0.2,0.35294117647058826
PEINT,1nf4_1_H,170,long,1.0,0.36470588235294116
PEINT,1nf4_1_H,170,long,0.5,0.4588235294117647
PEINT,1nf4_1_H,170,long,0.2,0.7058823529411765
PEINT,1nf4_1_H,170,all,1.0,0.2823529411764706
PEINT,1nf4_1_H,170,all,0.5,0.4235294117647059
PEINT,1nf4_1_H,170,all,0.2,0.7058823529411765
PEINT,1nnx_1_A,93,short,1.0,0.3010752688172043
PEINT,1nnx_1_A,93,short,0.5,0.391304347826087
PEINT,1nnx_1_A,93,short,0.2,0.5555555555555556
PEINT,1nnx_1_A,93,medium,1.0,0.3010752688172043
PEINT,1nnx_1_A,93,medium,0.5,0.4782608695652174
PEINT,1nnx_1_A,93,medium,0.2,0.5555555555555556
PEINT,1nnx_1_A,93,long,1.0,0.5053763440860215
PEINT,1nnx_1_A,93,long,0.5,0.6521739130434783
PEINT,1nnx_1_A,93,long,0.2,0.8888888888888888
PEINT,1nnx_1_A,93,all,1.0,0.43010752688172044
PEINT,1nnx_1_A,93,all,0.5,0.5652173913043478
PEINT,1nnx_1_A,93,all,0.2,0.5555555555555556
PEINT,1no5_1_A,100,short,1.0,0.08
PEINT,1no5_1_A,100,short,0.5,0.08
PEINT,1no5_1_A,100,short,0.2,0.1
PEINT,1no5_1_A,100,medium,1.0,0.28
PEINT,1no5_1_A,100,medium,0.5,0.36
PEINT,1no5_1_A,100,medium,0.2,0.6
PEINT,1no5_1_A,100,long,1.0,0.34
PEINT,1no5_1_A,100,long,0.5,0.56
PEINT,1no5_1_A,100,long,0.2,0.7
PEINT,1no5_1_A,100,all,1.0,0.32
PEINT,1no5_1_A,100,all,0.5,0.48
PEINT,1no5_1_A,100,all,0.2,0.4
PEINT,1np6_1_A,158,short,1.0,0.20253164556962025
PEINT,1np6_1_A,158,short,0.5,0.24050632911392406
PEINT,1np6_1_A,158,short,0.2,0.22580645161290322
PEINT,1np6_1_A,158,medium,1.0,0.189873417721519
PEINT,1np6_1_A,158,medium,0.5,0.3037974683544304
PEINT,1np6_1_A,158,medium,0.2,0.5483870967741935
PEINT,1np6_1_A,158,long,1.0,0.379746835443038
PEINT,1np6_1_A,158,long,0.5,0.569620253164557
PEINT,1np6_1_A,158,long,0.2,0.7419354838709677
PEINT,1np6_1_A,158,all,1.0,0.43037974683544306
PEINT,1np6_1_A,158,all,0.5,0.45569620253164556
PEINT,1np6_1_A,158,all,0.2,0.4838709677419355
PEINT,1nvp_1_B,43,short,1.0,0.0
PEINT,1nvp_1_B,43,short,0.5,0.0
PEINT,1nvp_1_B,43,short,0.2,0.0
PEINT,1nvp_1_B,43,medium,1.0,0.0
PEINT,1nvp_1_B,43,medium,0.5,0.0
PEINT,1nvp_1_B,43,medium,0.2,0.0
PEINT,1nvp_1_B,43,long,1.0,0.0
PEINT,1nvp_1_B,43,long,0.5,0.0
PEINT,1nvp_1_B,43,long,0.2,0.0
PEINT,1nvp_1_B,43,all,1.0,0.0
PEINT,1nvp_1_B,43,all,0.5,0.0
PEINT,1nvp_1_B,43,all,0.2,0.0
PEINT,1o12_1_B,363,short,1.0,0.2644628099173554
PEINT,1o12_1_B,363,short,0.5,0.30939226519337015
PEINT,1o12_1_B,363,short,0.2,0.4444444444444444
PEINT,1o12_1_B,363,medium,1.0,0.18732782369146006
PEINT,1o12_1_B,363,medium,0.5,0.23204419889502761
PEINT,1o12_1_B,363,medium,0.2,0.3055555555555556
PEINT,1o12_1_B,363,long,1.0,0.3168044077134986
PEINT,1o12_1_B,363,long,0.5,0.3314917127071823
PEINT,1o12_1_B,363,long,0.2,0.3888888888888889
PEINT,1o12_1_B,363,all,1.0,0.3140495867768595
PEINT,1o12_1_B,363,all,0.5,0.35911602209944754
PEINT,1o12_1_B,363,all,0.2,0.5277777777777778
PEINT,1o9q_1_A,411,short,1.0,0.17518248175182483
PEINT,1o9q_1_A,411,short,0.5,0.24390243902439024
PEINT,1o9q_1_A,411,short,0.2,0.34146341463414637
PEINT,1o9q_1_A,411,medium,1.0,0.11678832116788321
PEINT,1o9q_1_A,411,medium,0.5,0.15609756097560976
PEINT,1o9q_1_A,411,medium,0.2,0.24390243902439024
PEINT,1o9q_1_A,411,long,1.0,0.30656934306569344
PEINT,1o9q_1_A,411,long,0.5,0.4585365853658537
PEINT,1o9q_1_A,411,long,0.2,0.7317073170731707
PEINT,1o9q_1_A,411,all,1.0,0.25790754257907544
PEINT,1o9q_1_A,411,all,0.5,0.32195121951219513
PEINT,1o9q_1_A,411,all,0.2,0.43902439024390244
PEINT,1oae_1_A,124,short,1.0,0.12903225806451613
PEINT,1oae_1_A,124,short,0.5,0.16129032258064516
PEINT,1oae_1_A,124,short,0.2,0.3333333333333333
PEINT,1oae_1_A,124,medium,1.0,0.0
PEINT,1oae_1_A,124,medium,0.5,0.0
PEINT,1oae_1_A,124,medium,0.2,0.0
PEINT,1oae_1_A,124,long,1.0,0.0
PEINT,1oae_1_A,124,long,0.5,0.0
PEINT,1oae_1_A,124,long,0.2,0.0
PEINT,1oae_1_A,124,all,1.0,0.12903225806451613
PEINT,1oae_1_A,124,all,0.5,0.16129032258064516
PEINT,1oae_1_A,124,all,0.2,0.3333333333333333
PEINT,1ouo_1_A,210,short,1.0,0.08571428571428572
PEINT,1ouo_1_A,210,short,0.5,0.0761904761904762
PEINT,1ouo_1_A,210,short,0.2,0.09523809523809523
PEINT,1ouo_1_A,210,medium,1.0,0.02857142857142857
PEINT,1ouo_1_A,210,medium,0.5,0.0380952380952381
PEINT,1ouo_1_A,210,medium,0.2,0.09523809523809523
PEINT,1ouo_1_A,210,long,1.0,0.20952380952380953
PEINT,1ouo_1_A,210,long,0.5,0.24761904761904763
PEINT,1ouo_1_A,210,long,0.2,0.23809523809523808
PEINT,1ouo_1_A,210,all,1.0,0.10476190476190476
PEINT,1ouo_1_A,210,all,0.5,0.1523809523809524
PEINT,1ouo_1_A,210,all,0.2,0.14285714285714285
PEINT,1ouv_1_A,265,short,1.0,0.1660377358490566
PEINT,1ouv_1_A,265,short,0.5,0.18181818181818182
PEINT,1ouv_1_A,265,short,0.2,0.18867924528301888
PEINT,1ouv_1_A,265,medium,1.0,0.3018867924528302
PEINT,1ouv_1_A,265,medium,0.5,0.3484848484848485
PEINT,1ouv_1_A,265,medium,0.2,0.41509433962264153
PEINT,1ouv_1_A,265,long,1.0,0.10566037735849057
PEINT,1ouv_1_A,265,long,0.5,0.09090909090909091
PEINT,1ouv_1_A,265,long,0.2,0.07547169811320754
PEINT,1ouv_1_A,265,all,1.0,0.19622641509433963
PEINT,1ouv_1_A,265,all,0.5,0.24242424242424243
PEINT,1ouv_1_A,265,all,0.2,0.2641509433962264
PEINT,1oyw_1_A,516,short,1.0,0.16279069767441862
PEINT,1oyw_1_A,516,short,0.5,0.2248062015503876
PEINT,1oyw_1_A,516,short,0.2,0.27184466019417475
PEINT,1oyw_1_A,516,medium,1.0,0.13178294573643412
PEINT,1oyw_1_A,516,medium,0.5,0.17829457364341086
PEINT,1oyw_1_A,516,medium,0.2,0.2524271844660194
PEINT,1oyw_1_A,516,long,1.0,0.29069767441860467
PEINT,1oyw_1_A,516,long,0.5,0.32558139534883723
PEINT,1oyw_1_A,516,long,0.2,0.34951456310679613
PEINT,1oyw_1_A,516,all,1.0,0.24806201550387597
PEINT,1oyw_1_A,516,all,0.5,0.29457364341085274
PEINT,1oyw_1_A,516,all,0.2,0.3300970873786408
PEINT,1p3d_1_A,463,short,1.0,0.2203023758099352
PEINT,1p3d_1_A,463,short,0.5,0.27705627705627706
PEINT,1p3d_1_A,463,short,0.2,0.34782608695652173
PEINT,1p3d_1_A,463,medium,1.0,0.28509719222462204
PEINT,1p3d_1_A,463,medium,0.5,0.354978354978355
PEINT,1p3d_1_A,463,medium,0.2,0.5434782608695652
PEINT,1p3d_1_A,463,long,1.0,0.4190064794816415
PEINT,1p3d_1_A,463,long,0.5,0.5497835497835498
PEINT,1p3d_1_A,463,long,0.2,0.7391304347826086
PEINT,1p3d_1_A,463,all,1.0,0.4298056155507559
PEINT,1p3d_1_A,463,all,0.5,0.4329004329004329
PEINT,1p3d_1_A,463,all,0.2,0.5434782608695652
PEINT,1pii_1_A,452,short,1.0,0.17256637168141592
PEINT,1pii_1_A,452,short,0.5,0.23893805309734514
PEINT,1pii_1_A,452,short,0.2,0.35555555555555557
PEINT,1pii_1_A,452,medium,1.0,0.3584070796460177
PEINT,1pii_1_A,452,medium,0.5,0.40707964601769914
PEINT,1pii_1_A,452,medium,0.2,0.5555555555555556
PEINT,1pii_1_A,452,long,1.0,0.45132743362831856
PEINT,1pii_1_A,452,long,0.5,0.5663716814159292
PEINT,1pii_1_A,452,long,0.2,0.7111111111111111
PEINT,1pii_1_A,452,all,1.0,0.4469026548672566
PEINT,1pii_1_A,452,all,0.5,0.5398230088495575
PEINT,1pii_1_A,452,all,0.2,0.5555555555555556
PEINT,1q6y_1_A,417,short,1.0,0.20623501199040767
PEINT,1q6y_1_A,417,short,0.5,0.23076923076923078
PEINT,1q6y_1_A,417,short,0.2,0.26506024096385544
PEINT,1q6y_1_A,417,medium,1.0,0.12949640287769784
PEINT,1q6y_1_A,417,medium,0.5,0.19230769230769232
PEINT,1q6y_1_A,417,medium,0.2,0.2891566265060241
PEINT,1q6y_1_A,417,long,1.0,0.3645083932853717
PEINT,1q6y_1_A,417,long,0.5,0.5384615384615384
PEINT,1q6y_1_A,417,long,0.2,0.7108433734939759
PEINT,1q6y_1_A,417,all,1.0,0.38369304556354916
PEINT,1q6y_1_A,417,all,0.5,0.5
PEINT,1q6y_1_A,417,all,0.2,0.6626506024096386
PEINT,1qd6_1_B,240,short,1.0,0.19166666666666668
PEINT,1qd6_1_B,240,short,0.5,0.13333333333333333
PEINT,1qd6_1_B,240,short,0.2,0.125
PEINT,1qd6_1_B,240,medium,1.0,0.38333333333333336
PEINT,1qd6_1_B,240,medium,0.5,0.45
PEINT,1qd6_1_B,240,medium,0.2,0.5833333333333334
PEINT,1qd6_1_B,240,long,1.0,0.225
PEINT,1qd6_1_B,240,long,0.5,0.25
PEINT,1qd6_1_B,240,long,0.2,0.2916666666666667
PEINT,1qd6_1_B,240,all,1.0,0.275
PEINT,1qd6_1_B,240,all,0.5,0.35
PEINT,1qd6_1_B,240,all,0.2,0.3333333333333333
PEINT,1r0u_1_A,142,short,1.0,0.29577464788732394
PEINT,1r0u_1_A,142,short,0.5,0.43661971830985913
PEINT,1r0u_1_A,142,short,0.2,0.6428571428571429
PEINT,1r0u_1_A,142,medium,1.0,0.4788732394366197
PEINT,1r0u_1_A,142,medium,0.5,0.5633802816901409
PEINT,1r0u_1_A,142,medium,0.2,0.6428571428571429
PEINT,1r0u_1_A,142,long,1.0,0.23943661971830985
PEINT,1r0u_1_A,142,long,0.5,0.3380281690140845
PEINT,1r0u_1_A,142,long,0.2,0.5
PEINT,1r0u_1_A,142,all,1.0,0.4647887323943662
PEINT,1r0u_1_A,142,all,0.5,0.5915492957746479
PEINT,1r0u_1_A,142,all,0.2,0.6428571428571429
PEINT,1r8e_1_B,275,short,1.0,0.1890909090909091
PEINT,1r8e_1_B,275,short,0.5,0.29927007299270075
PEINT,1r8e_1_B,275,short,0.2,0.45454545454545453
PEINT,1r8e_1_B,275,medium,1.0,0.23272727272727273
PEINT,1r8e_1_B,275,medium,0.5,0.26277372262773724
PEINT,1r8e_1_B,275,medium,0.2,0.34545454545454546
PEINT,1r8e_1_B,275,long,1.0,0.28363636363636363
PEINT,1r8e_1_B,275,long,0.5,0.3795620437956204
PEINT,1r8e_1_B,275,long,0.2,0.5272727272727272
PEINT,1r8e_1_B,275,all,1.0,0.31272727272727274
PEINT,1r8e_1_B,275,all,0.5,0.3357664233576642
PEINT,1r8e_1_B,275,all,0.2,0.45454545454545453
PEINT,1r9w_1_A,137,short,1.0,0.0364963503649635
PEINT,1r9w_1_A,137,short,0.5,0.058823529411764705
PEINT,1r9w_1_A,137,short,0.2,0.07407407407407407
PEINT,1r9w_1_A,137,medium,1.0,0.043795620437956206
PEINT,1r9w_1_A,137,medium,0.5,0.0
PEINT,1r9w_1_A,137,medium,0.2,0.0
PEINT,1r9w_1_A,137,long,1.0,0.043795620437956206
PEINT,1r9w_1_A,137,long,0.5,0.058823529411764705
PEINT,1r9w_1_A,137,long,0.2,0.14814814814814814
PEINT,1r9w_1_A,137,all,1.0,0.029197080291970802
PEINT,1r9w_1_A,137,all,0.5,0.058823529411764705
PEINT,1r9w_1_A,137,all,0.2,0.07407407407407407
PEINT,1rfs_1_A,127,short,1.0,0.4645669291338583
PEINT,1rfs_1_A,127,short,0.5,0.5873015873015873
PEINT,1rfs_1_A,127,short,0.2,0.88
PEINT,1rfs_1_A,127,medium,1.0,0.41732283464566927
PEINT,1rfs_1_A,127,medium,0.5,0.47619047619047616
PEINT,1rfs_1_A,127,medium,0.2,0.72
PEINT,1rfs_1_A,127,long,1.0,0.15748031496062992
PEINT,1rfs_1_A,127,long,0.5,0.09523809523809523
PEINT,1rfs_1_A,127,long,0.2,0.08
PEINT,1rfs_1_A,127,all,1.0,0.5196850393700787
PEINT,1rfs_1_A,127,all,0.5,0.6825396825396826
PEINT,1rfs_1_A,127,all,0.2,0.92
PEINT,1ri6_1_A,333,short,1.0,0.45045045045045046
PEINT,1ri6_1_A,333,short,0.5,0.5421686746987951
PEINT,1ri6_1_A,333,short,0.2,0.6363636363636364
PEINT,1ri6_1_A,333,medium,1.0,0.5195195195195195
PEINT,1ri6_1_A,333,medium,0.5,0.5662650602409639
PEINT,1ri6_1_A,333,medium,0.2,0.5757575757575758
PEINT,1ri6_1_A,333,long,1.0,0.3933933933933934
PEINT,1ri6_1_A,333,long,0.5,0.4457831325301205
PEINT,1ri6_1_A,333,long,0.2,0.5151515151515151
PEINT,1ri6_1_A,333,all,1.0,0.5255255255255256
PEINT,1ri6_1_A,333,all,0.5,0.5903614457831325
PEINT,1ri6_1_A,333,all,0.2,0.696969696969697
PEINT,1rkt_1_B,200,short,1.0,0.13
PEINT,1rkt_1_B,200,short,0.5,0.18
PEINT,1rkt_1_B,200,short,0.2,0.35
PEINT,1rkt_1_B,200,medium,1.0,0.22
PEINT,1rkt_1_B,200,medium,0.5,0.3
PEINT,1rkt_1_B,200,medium,0.2,0.5
PEINT,1rkt_1_B,200,long,1.0,0.44
PEINT,1rkt_1_B,200,long,0.5,0.5
PEINT,1rkt_1_B,200,long,0.2,0.55
PEINT,1rkt_1_B,200,all,1.0,0.35
PEINT,1rkt_1_B,200,all,0.5,0.5
PEINT,1rkt_1_B,200,all,0.2,0.55
PEINT,1s12_1_B,91,short,1.0,0.15384615384615385
PEINT,1s12_1_B,91,short,0.5,0.17777777777777778
PEINT,1s12_1_B,91,short,0.2,0.2222222222222222
PEINT,1s12_1_B,91,medium,1.0,0.08791208791208792
PEINT,1s12_1_B,91,medium,0.5,0.08888888888888889
PEINT,1s12_1_B,91,medium,0.2,0.0
PEINT,1s12_1_B,91,long,1.0,0.17582417582417584
PEINT,1s12_1_B,91,long,0.5,0.17777777777777778
PEINT,1s12_1_B,91,long,0.2,0.1111111111111111
PEINT,1s12_1_B,91,all,1.0,0.14285714285714285
PEINT,1s12_1_B,91,all,0.5,0.17777777777777778
PEINT,1s12_1_B,91,all,0.2,0.2222222222222222
PEINT,1s29_1_A,92,short,1.0,0.06521739130434782
PEINT,1s29_1_A,92,short,0.5,0.13043478260869565
PEINT,1s29_1_A,92,short,0.2,0.1111111111111111
PEINT,1s29_1_A,92,medium,1.0,0.13043478260869565
PEINT,1s29_1_A,92,medium,0.5,0.13043478260869565
PEINT,1s29_1_A,92,medium,0.2,0.2222222222222222
PEINT,1s29_1_A,92,long,1.0,0.1956521739130435
PEINT,1s29_1_A,92,long,0.5,0.21739130434782608
PEINT,1s29_1_A,92,long,0.2,0.2222222222222222
PEINT,1s29_1_A,92,all,1.0,0.06521739130434782
PEINT,1s29_1_A,92,all,0.5,0.08695652173913043
PEINT,1s29_1_A,92,all,0.2,0.1111111111111111
PEINT,1s99_1_A,186,short,1.0,0.12903225806451613
PEINT,1s99_1_A,186,short,0.5,0.12903225806451613
PEINT,1s99_1_A,186,short,0.2,0.2702702702702703
PEINT,1s99_1_A,186,medium,1.0,0.10752688172043011
PEINT,1s99_1_A,186,medium,0.5,0.12903225806451613
PEINT,1s99_1_A,186,medium,0.2,0.21621621621621623
PEINT,1s99_1_A,186,long,1.0,0.26881720430107525
PEINT,1s99_1_A,186,long,0.5,0.3870967741935484
PEINT,1s99_1_A,186,long,0.2,0.5135135135135135
PEINT,1s99_1_A,186,all,1.0,0.21505376344086022
PEINT,1s99_1_A,186,all,0.5,0.17204301075268819
PEINT,1s99_1_A,186,all,0.2,0.35135135135135137
PEINT,1sc4_1_D,80,short,1.0,0.0
PEINT,1sc4_1_D,80,short,0.5,0.0
PEINT,1sc4_1_D,80,short,0.2,0.0
PEINT,1sc4_1_D,80,medium,1.0,0.0
PEINT,1sc4_1_D,80,medium,0.5,0.0
PEINT,1sc4_1_D,80,medium,0.2,0.0
PEINT,1sc4_1_D,80,long,1.0,0.0
PEINT,1sc4_1_D,80,long,0.5,0.0
PEINT,1sc4_1_D,80,long,0.2,0.0
PEINT,1sc4_1_D,80,all,1.0,0.0
PEINT,1sc4_1_D,80,all,0.5,0.0
PEINT,1sc4_1_D,80,all,0.2,0.0
PEINT,1smp_1_B,100,short,1.0,0.42
PEINT,1smp_1_B,100,short,0.5,0.48
PEINT,1smp_1_B,100,short,0.2,0.6
PEINT,1smp_1_B,100,medium,1.0,0.24
PEINT,1smp_1_B,100,medium,0.5,0.32
PEINT,1smp_1_B,100,medium,0.2,0.5
PEINT,1smp_1_B,100,long,1.0,0.18
PEINT,1smp_1_B,100,long,0.5,0.24
PEINT,1smp_1_B,100,long,0.2,0.2
PEINT,1smp_1_B,100,all,1.0,0.48
PEINT,1smp_1_B,100,all,0.5,0.6
PEINT,1smp_1_B,100,all,0.2,0.8
PEINT,1ss4_1_B,145,short,1.0,0.2896551724137931
PEINT,1ss4_1_B,145,short,0.5,0.3333333333333333
PEINT,1ss4_1_B,145,short,0.2,0.4827586206896552
PEINT,1ss4_1_B,145,medium,1.0,0.3724137931034483
PEINT,1ss4_1_B,145,medium,0.5,0.5277777777777778
PEINT,1ss4_1_B,145,medium,0.2,0.5862068965517241
PEINT,1ss4_1_B,145,long,1.0,0.4
PEINT,1ss4_1_B,145,long,0.5,0.6111111111111112
PEINT,1ss4_1_B,145,long,0.2,0.8620689655172413
PEINT,1ss4_1_B,145,all,1.0,0.3931034482758621
PEINT,1ss4_1_B,145,all,0.5,0.5
PEINT,1ss4_1_B,145,all,0.2,0.5862068965517241
PEINT,1t08_1_B,46,short,1.0,0.0
PEINT,1t08_1_B,46,short,0.5,0.0
PEINT,1t08_1_B,46,short,0.2,0.0
PEINT,1t08_1_B,46,medium,1.0,0.0
PEINT,1t08_1_B,46,medium,0.5,0.0
PEINT,1t08_1_B,46,medium,0.2,0.0
PEINT,1t08_1_B,46,long,1.0,0.0
PEINT,1t08_1_B,46,long,0.5,0.0
PEINT,1t08_1_B,46,long,0.2,0.0
PEINT,1t08_1_B,46,all,1.0,0.0
PEINT,1t08_1_B,46,all,0.5,0.0
PEINT,1t08_1_B,46,all,0.2,0.0
PEINT,1t0p_1_B,86,short,1.0,0.06976744186046512
PEINT,1t0p_1_B,86,short,0.5,0.13953488372093023
PEINT,1t0p_1_B,86,short,0.2,0.23529411764705882
PEINT,1t0p_1_B,86,medium,1.0,0.27906976744186046
PEINT,1t0p_1_B,86,medium,0.5,0.32558139534883723
PEINT,1t0p_1_B,86,medium,0.2,0.23529411764705882
PEINT,1t0p_1_B,86,long,1.0,0.3488372093023256
PEINT,1t0p_1_B,86,long,0.5,0.4186046511627907
PEINT,1t0p_1_B,86,long,0.2,0.7058823529411765
PEINT,1t0p_1_B,86,all,1.0,0.23255813953488372
PEINT,1t0p_1_B,86,all,0.5,0.3023255813953488
PEINT,1t0p_1_B,86,all,0.2,0.47058823529411764
PEINT,1t57_1_A,186,short,1.0,0.23655913978494625
PEINT,1t57_1_A,186,short,0.5,0.3225806451612903
PEINT,1t57_1_A,186,short,0.2,0.43243243243243246
PEINT,1t57_1_A,186,medium,1.0,0.1827956989247312
PEINT,1t57_1_A,186,medium,0.5,0.27956989247311825
PEINT,1t57_1_A,186,medium,0.2,0.3783783783783784
PEINT,1t57_1_A,186,long,1.0,0.3010752688172043
PEINT,1t57_1_A,186,long,0.5,0.45161290322580644
PEINT,1t57_1_A,186,long,0.2,0.7027027027027027
PEINT,1t57_1_A,186,all,1.0,0.3763440860215054
PEINT,1t57_1_A,186,all,0.5,0.5376344086021505
PEINT,1t57_1_A,186,all,0.2,0.7567567567567568
PEINT,1tlv_1_B,204,short,1.0,0.11764705882352941
PEINT,1tlv_1_B,204,short,0.5,0.09803921568627451
PEINT,1tlv_1_B,204,short,0.2,0.05
PEINT,1tlv_1_B,204,medium,1.0,0.08823529411764706
PEINT,1tlv_1_B,204,medium,0.5,0.0392156862745098
PEINT,1tlv_1_B,204,medium,0.2,0.0
PEINT,1tlv_1_B,204,long,1.0,0.27450980392156865
PEINT,1tlv_1_B,204,long,0.5,0.3137254901960784
PEINT,1tlv_1_B,204,long,0.2,0.35
PEINT,1tlv_1_B,204,all,1.0,0.11764705882352941
PEINT,1tlv_1_B,204,all,0.5,0.1568627450980392
PEINT,1tlv_1_B,204,all,0.2,0.05
PEINT,1tqn_1_A,468,short,1.0,0.09829059829059829
PEINT,1tqn_1_A,468,short,0.5,0.11965811965811966
PEINT,1tqn_1_A,468,short,0.2,0.12903225806451613
PEINT,1tqn_1_A,468,medium,1.0,0.11538461538461539
PEINT,1tqn_1_A,468,medium,0.5,0.1452991452991453
PEINT,1tqn_1_A,468,medium,0.2,0.1935483870967742
PEINT,1tqn_1_A,468,long,1.0,0.1581196581196581
PEINT,1tqn_1_A,468,long,0.5,0.21367521367521367
PEINT,1tqn_1_A,468,long,0.2,0.21505376344086022
PEINT,1tqn_1_A,468,all,1.0,0.11538461538461539
PEINT,1tqn_1_A,468,all,0.5,0.13675213675213677
PEINT,1tqn_1_A,468,all,0.2,0.17204301075268819
PEINT,1tzw_1_A,142,short,1.0,0.14084507042253522
PEINT,1tzw_1_A,142,short,0.5,0.19718309859154928
PEINT,1tzw_1_A,142,short,0.2,0.2857142857142857
PEINT,1tzw_1_A,142,medium,1.0,0.2676056338028169
PEINT,1tzw_1_A,142,medium,0.5,0.39436619718309857
PEINT,1tzw_1_A,142,medium,0.2,0.7857142857142857
PEINT,1tzw_1_A,142,long,1.0,0.323943661971831
PEINT,1tzw_1_A,142,long,0.5,0.4647887323943662
PEINT,1tzw_1_A,142,long,0.2,0.7142857142857143
PEINT,1tzw_1_A,142,all,1.0,0.323943661971831
PEINT,1tzw_1_A,142,all,0.5,0.3380281690140845
PEINT,1tzw_1_A,142,all,0.2,0.5
PEINT,1u08_1_B,378,short,1.0,0.17989417989417988
PEINT,1u08_1_B,378,short,0.5,0.24867724867724866
PEINT,1u08_1_B,378,short,0.2,0.32
PEINT,1u08_1_B,378,medium,1.0,0.21164021164021163
PEINT,1u08_1_B,378,medium,0.5,0.291005291005291
PEINT,1u08_1_B,378,medium,0.2,0.37333333333333335
PEINT,1u08_1_B,378,long,1.0,0.4074074074074074
PEINT,1u08_1_B,378,long,0.5,0.5396825396825397
PEINT,1u08_1_B,378,long,0.2,0.8133333333333334
PEINT,1u08_1_B,378,all,1.0,0.3862433862433862
PEINT,1u08_1_B,378,all,0.5,0.4656084656084656
PEINT,1u08_1_B,378,all,0.2,0.5866666666666667
PEINT,1u8b_1_A,131,short,1.0,0.2748091603053435
PEINT,1u8b_1_A,131,short,0.5,0.3384615384615385
PEINT,1u8b_1_A,131,short,0.2,0.23076923076923078
PEINT,1u8b_1_A,131,medium,1.0,0.0916030534351145
PEINT,1u8b_1_A,131,medium,0.5,0.12307692307692308
PEINT,1u8b_1_A,131,medium,0.2,0.23076923076923078
PEINT,1u8b_1_A,131,long,1.0,0.15267175572519084
PEINT,1u8b_1_A,131,long,0.5,0.18461538461538463
PEINT,1u8b_1_A,131,long,0.2,0.3076923076923077
PEINT,1u8b_1_A,131,all,1.0,0.3053435114503817
PEINT,1u8b_1_A,131,all,0.5,0.3384615384615385
PEINT,1u8b_1_A,131,all,0.2,0.23076923076923078
PEINT,1u9c_1_A,220,short,1.0,0.14545454545454545
PEINT,1u9c_1_A,220,short,0.5,0.21818181818181817
PEINT,1u9c_1_A,220,short,0.2,0.3181818181818182
PEINT,1u9c_1_A,220,medium,1.0,0.14545454545454545
PEINT,1u9c_1_A,220,medium,0.5,0.14545454545454545
PEINT,1u9c_1_A,220,medium,0.2,0.3181818181818182
PEINT,1u9c_1_A,220,long,1.0,0.42727272727272725
PEINT,1u9c_1_A,220,long,0.5,0.5454545454545454
PEINT,1u9c_1_A,220,long,0.2,0.7272727272727273
PEINT,1u9c_1_A,220,all,1.0,0.34545454545454546
PEINT,1u9c_1_A,220,all,0.5,0.45454545454545453
PEINT,1u9c_1_A,220,all,0.2,0.5454545454545454
PEINT,1uad_1_B,92,short,1.0,0.2608695652173913
PEINT,1uad_1_B,92,short,0.5,0.2608695652173913
PEINT,1uad_1_B,92,short,0.2,0.3333333333333333
PEINT,1uad_1_B,92,medium,1.0,0.2826086956521739
PEINT,1uad_1_B,92,medium,0.5,0.391304347826087
PEINT,1uad_1_B,92,medium,0.2,0.5555555555555556
PEINT,1uad_1_B,92,long,1.0,0.2826086956521739
PEINT,1uad_1_B,92,long,0.5,0.391304347826087
PEINT,1uad_1_B,92,long,0.2,0.4444444444444444
PEINT,1uad_1_B,92,all,1.0,0.34782608695652173
PEINT,1uad_1_B,92,all,0.5,0.5217391304347826
PEINT,1uad_1_B,92,all,0.2,0.5555555555555556
PEINT,1up8_1_A,597,short,1.0,0.04355108877721943
PEINT,1up8_1_A,597,short,0.5,0.03355704697986577
PEINT,1up8_1_A,597,short,0.2,0.01680672268907563
PEINT,1up8_1_A,597,medium,1.0,0.03685092127303183
PEINT,1up8_1_A,597,medium,0.5,0.03355704697986577
PEINT,1up8_1_A,597,medium,0.2,0.01680672268907563
PEINT,1up8_1_A,597,long,1.0,0.03015075376884422
PEINT,1up8_1_A,597,long,0.5,0.03355704697986577
PEINT,1up8_1_A,597,long,0.2,0.03361344537815126
PEINT,1up8_1_A,597,all,1.0,0.04355108877721943
PEINT,1up8_1_A,597,all,0.5,0.040268456375838924
PEINT,1up8_1_A,597,all,0.2,0.01680672268907563
PEINT,1utg_1_A,70,short,1.0,0.11428571428571428
PEINT,1utg_1_A,70,short,0.5,0.08571428571428572
PEINT,1utg_1_A,70,short,0.2,0.0
PEINT,1utg_1_A,70,medium,1.0,0.02857142857142857
PEINT,1utg_1_A,70,medium,0.5,0.0
PEINT,1utg_1_A,70,medium,0.2,0.0
PEINT,1utg_1_A,70,long,1.0,0.0
PEINT,1utg_1_A,70,long,0.5,0.0
PEINT,1utg_1_A,70,long,0.2,0.0
PEINT,1utg_1_A,70,all,1.0,0.11428571428571428
PEINT,1utg_1_A,70,all,0.5,0.0
PEINT,1utg_1_A,70,all,0.2,0.0
PEINT,1vgj_1_A,184,short,1.0,0.09782608695652174
PEINT,1vgj_1_A,184,short,0.5,0.15217391304347827
PEINT,1vgj_1_A,184,short,0.2,0.3333333333333333
PEINT,1vgj_1_A,184,medium,1.0,0.1956521739130435
PEINT,1vgj_1_A,184,medium,0.5,0.2608695652173913
PEINT,1vgj_1_A,184,medium,0.2,0.5
PEINT,1vgj_1_A,184,long,1.0,0.34782608695652173
PEINT,1vgj_1_A,184,long,0.5,0.5
PEINT,1vgj_1_A,184,long,0.2,0.7222222222222222
PEINT,1vgj_1_A,184,all,1.0,0.30434782608695654
PEINT,1vgj_1_A,184,all,0.5,0.43478260869565216
PEINT,1vgj_1_A,184,all,0.2,0.5
PEINT,1vjx_1_A,148,short,1.0,0.06756756756756757
PEINT,1vjx_1_A,148,short,0.5,0.10810810810810811
PEINT,1vjx_1_A,148,short,0.2,0.20689655172413793
PEINT,1vjx_1_A,148,medium,1.0,0.20270270270270271
PEINT,1vjx_1_A,148,medium,0.5,0.2702702702702703
PEINT,1vjx_1_A,148,medium,0.2,0.41379310344827586
PEINT,1vjx_1_A,148,long,1.0,0.3108108108108108
PEINT,1vjx_1_A,148,long,0.5,0.35135135135135137
PEINT,1vjx_1_A,148,long,0.2,0.4482758620689655
PEINT,1vjx_1_A,148,all,1.0,0.21621621621621623
PEINT,1vjx_1_A,148,all,0.5,0.24324324324324326
PEINT,1vjx_1_A,148,all,0.2,0.4827586206896552
PEINT,1w6k_1_A,725,short,1.0,0.07724137931034483
PEINT,1w6k_1_A,725,short,0.5,0.08287292817679558
PEINT,1w6k_1_A,725,short,0.2,0.041379310344827586
PEINT,1w6k_1_A,725,medium,1.0,0.06620689655172414
PEINT,1w6k_1_A,725,medium,0.5,0.04419889502762431
PEINT,1w6k_1_A,725,medium,0.2,0.05517241379310345
PEINT,1w6k_1_A,725,long,1.0,0.041379310344827586
PEINT,1w6k_1_A,725,long,0.5,0.049723756906077346
PEINT,1w6k_1_A,725,long,0.2,0.09655172413793103
PEINT,1w6k_1_A,725,all,1.0,0.08275862068965517
PEINT,1w6k_1_A,725,all,0.5,0.07734806629834254
PEINT,1w6k_1_A,725,all,0.2,0.041379310344827586
PEINT,1wd4_1_A,482,short,1.0,0.25311203319502074
PEINT,1wd4_1_A,482,short,0.5,0.24066390041493776
PEINT,1wd4_1_A,482,short,0.2,0.2916666666666667
PEINT,1wd4_1_A,482,medium,1.0,0.11618257261410789
PEINT,1wd4_1_A,482,medium,0.5,0.14107883817427386
PEINT,1wd4_1_A,482,medium,0.2,0.1875
PEINT,1wd4_1_A,482,long,1.0,0.12448132780082988
PEINT,1wd4_1_A,482,long,0.5,0.14937759336099585
PEINT,1wd4_1_A,482,long,0.2,0.20833333333333334
PEINT,1wd4_1_A,482,all,1.0,0.26141078838174275
PEINT,1wd4_1_A,482,all,0.5,0.27385892116182575
PEINT,1wd4_1_A,482,all,0.2,0.2916666666666667
PEINT,1wlf_1_A,164,short,1.0,0.12195121951219512
PEINT,1wlf_1_A,164,short,0.5,0.12195121951219512
PEINT,1wlf_1_A,164,short,0.2,0.1875
PEINT,1wlf_1_A,164,medium,1.0,0.10975609756097561
PEINT,1wlf_1_A,164,medium,0.5,0.17073170731707318
PEINT,1wlf_1_A,164,medium,0.2,0.25
PEINT,1wlf_1_A,164,long,1.0,0.10975609756097561
PEINT,1wlf_1_A,164,long,0.5,0.17073170731707318
PEINT,1wlf_1_A,164,long,0.2,0.25
PEINT,1wlf_1_A,164,all,1.0,0.17073170731707318
PEINT,1wlf_1_A,164,all,0.5,0.12195121951219512
PEINT,1wlf_1_A,164,all,0.2,0.1875
PEINT,1wo8_1_B,123,short,1.0,0.24390243902439024
PEINT,1wo8_1_B,123,short,0.5,0.32786885245901637
PEINT,1wo8_1_B,123,short,0.2,0.4166666666666667
PEINT,1wo8_1_B,123,medium,1.0,0.2845528455284553
PEINT,1wo8_1_B,123,medium,0.5,0.36065573770491804
PEINT,1wo8_1_B,123,medium,0.2,0.5833333333333334
PEINT,1wo8_1_B,123,long,1.0,0.4715447154471545
PEINT,1wo8_1_B,123,long,0.5,0.6229508196721312
PEINT,1wo8_1_B,123,long,0.2,0.9166666666666666
PEINT,1wo8_1_B,123,all,1.0,0.4715447154471545
PEINT,1wo8_1_B,123,all,0.5,0.6065573770491803
PEINT,1wo8_1_B,123,all,0.2,0.9166666666666666
PEINT,1wy2_1_A,351,short,1.0,0.1737891737891738
PEINT,1wy2_1_A,351,short,0.5,0.21714285714285714
PEINT,1wy2_1_A,351,short,0.2,0.2
PEINT,1wy2_1_A,351,medium,1.0,0.25925925925925924
PEINT,1wy2_1_A,351,medium,0.5,0.29714285714285715
PEINT,1wy2_1_A,351,medium,0.2,0.4857142857142857
PEINT,1wy2_1_A,351,long,1.0,0.47863247863247865
PEINT,1wy2_1_A,351,long,0.5,0.5942857142857143
PEINT,1wy2_1_A,351,long,0.2,0.7714285714285715
PEINT,1wy2_1_A,351,all,1.0,0.33618233618233617
PEINT,1wy2_1_A,351,all,0.5,0.38857142857142857
PEINT,1wy2_1_A,351,all,0.2,0.4857142857142857
PEINT,1wy7_1_A,196,short,1.0,0.25510204081632654
PEINT,1wy7_1_A,196,short,0.5,0.32653061224489793
PEINT,1wy7_1_A,196,short,0.2,0.28205128205128205
PEINT,1wy7_1_A,196,medium,1.0,0.2857142857142857
PEINT,1wy7_1_A,196,medium,0.5,0.42857142857142855
PEINT,1wy7_1_A,196,medium,0.2,0.6153846153846154
PEINT,1wy7_1_A,196,long,1.0,0.6836734693877551
PEINT,1wy7_1_A,196,long,0.5,0.7959183673469388
PEINT,1wy7_1_A,196,long,0.2,0.8974358974358975
PEINT,1wy7_1_A,196,all,1.0,0.5102040816326531
PEINT,1wy7_1_A,196,all,0.5,0.6326530612244898
PEINT,1wy7_1_A,196,all,0.2,0.7435897435897436
PEINT,1x7f_1_A,347,short,1.0,0.069164265129683
PEINT,1x7f_1_A,347,short,0.5,0.10404624277456648
PEINT,1x7f_1_A,347,short,0.2,0.2028985507246377
PEINT,1x7f_1_A,347,medium,1.0,0.14985590778097982
PEINT,1x7f_1_A,347,medium,0.5,0.20809248554913296
PEINT,1x7f_1_A,347,medium,0.2,0.3188405797101449
PEINT,1x7f_1_A,347,long,1.0,0.44668587896253603
PEINT,1x7f_1_A,347,long,0.5,0.5895953757225434
PEINT,1x7f_1_A,347,long,0.2,0.8260869565217391
PEINT,1x7f_1_A,347,all,1.0,0.26512968299711814
PEINT,1x7f_1_A,347,all,0.5,0.3468208092485549
PEINT,1x7f_1_A,347,all,0.2,0.4492753623188406
PEINT,1x87_1_B,493,short,1.0,0.12981744421906694
PEINT,1x87_1_B,493,short,0.5,0.14634146341463414
PEINT,1x87_1_B,493,short,0.2,0.24489795918367346
PEINT,1x87_1_B,493,medium,1.0,0.11359026369168357
PEINT,1x87_1_B,493,medium,0.5,0.15447154471544716
PEINT,1x87_1_B,493,medium,0.2,0.20408163265306123
PEINT,1x87_1_B,493,long,1.0,0.0973630831643002
PEINT,1x87_1_B,493,long,0.5,0.12195121951219512
PEINT,1x87_1_B,493,long,0.2,0.14285714285714285
PEINT,1x87_1_B,493,all,1.0,0.14807302231237324
PEINT,1x87_1_B,493,all,0.5,0.18699186991869918
PEINT,1x87_1_B,493,all,0.2,0.20408163265306123
PEINT,1xf1_1_B,925,short,1.0,0.20756756756756756
PEINT,1xf1_1_B,925,short,0.5,0.2727272727272727
PEINT,1xf1_1_B,925,short,0.2,0.3783783783783784
PEINT,1xf1_1_B,925,medium,1.0,0.19675675675675675
PEINT,1xf1_1_B,925,medium,0.5,0.23809523809523808
PEINT,1xf1_1_B,925,medium,0.2,0.41621621621621624
PEINT,1xf1_1_B,925,long,1.0,0.31135135135135134
PEINT,1xf1_1_B,925,long,0.5,0.42424242424242425
PEINT,1xf1_1_B,925,long,0.2,0.6054054054054054
PEINT,1xf1_1_B,925,all,1.0,0.37513513513513513
PEINT,1xf1_1_B,925,all,0.5,0.47619047619047616
PEINT,1xf1_1_B,925,all,0.2,0.6270270270270271
PEINT,1xwy_1_A,260,short,1.0,0.2
PEINT,1xwy_1_A,260,short,0.5,0.3076923076923077
PEINT,1xwy_1_A,260,short,0.2,0.38461538461538464
PEINT,1xwy_1_A,260,medium,1.0,0.2076923076923077
PEINT,1xwy_1_A,260,medium,0.5,0.27692307692307694
PEINT,1xwy_1_A,260,medium,0.2,0.38461538461538464
PEINT,1xwy_1_A,260,long,1.0,0.6076923076923076
PEINT,1xwy_1_A,260,long,0.5,0.7846153846153846
PEINT,1xwy_1_A,260,long,0.2,0.7692307692307693
PEINT,1xwy_1_A,260,all,1.0,0.5
PEINT,1xwy_1_A,260,all,0.5,0.5846153846153846
PEINT,1xwy_1_A,260,all,0.2,0.6923076923076923
PEINT,1y25_1_A,165,short,1.0,0.3212121212121212
PEINT,1y25_1_A,165,short,0.5,0.43902439024390244
PEINT,1y25_1_A,165,short,0.2,0.696969696969697
PEINT,1y25_1_A,165,medium,1.0,0.2787878787878788
PEINT,1y25_1_A,165,medium,0.5,0.2682926829268293
PEINT,1y25_1_A,165,medium,0.2,0.48484848484848486
PEINT,1y25_1_A,165,long,1.0,0.30303030303030304
PEINT,1y25_1_A,165,long,0.5,0.4634146341463415
PEINT,1y25_1_A,165,long,0.2,0.6363636363636364
PEINT,1y25_1_A,165,all,1.0,0.4303030303030303
PEINT,1y25_1_A,165,all,0.5,0.5853658536585366
PEINT,1y25_1_A,165,all,0.2,0.8787878787878788
PEINT,1y3t_1_B,320,short,1.0,0.075
PEINT,1y3t_1_B,320,short,0.5,0.1125
PEINT,1y3t_1_B,320,short,0.2,0.1875
PEINT,1y3t_1_B,320,medium,1.0,0.11875
PEINT,1y3t_1_B,320,medium,0.5,0.125
PEINT,1y3t_1_B,320,medium,0.2,0.21875
PEINT,1y3t_1_B,320,long,1.0,0.2875
PEINT,1y3t_1_B,320,long,0.5,0.4125
PEINT,1y3t_1_B,320,long,0.2,0.46875
PEINT,1y3t_1_B,320,all,1.0,0.175
PEINT,1y3t_1_B,320,all,0.5,0.2
PEINT,1y3t_1_B,320,all,0.2,0.3125
PEINT,1y6z_1_A,242,short,1.0,0.0743801652892562
PEINT,1y6z_1_A,242,short,0.5,0.049586776859504134
PEINT,1y6z_1_A,242,short,0.2,0.0
PEINT,1y6z_1_A,242,medium,1.0,0.049586776859504134
PEINT,1y6z_1_A,242,medium,0.5,0.03305785123966942
PEINT,1y6z_1_A,242,medium,0.2,0.0
PEINT,1y6z_1_A,242,long,1.0,0.06611570247933884
PEINT,1y6z_1_A,242,long,0.5,0.06611570247933884
PEINT,1y6z_1_A,242,long,0.2,0.041666666666666664
PEINT,1y6z_1_A,242,all,1.0,0.0743801652892562
PEINT,1y6z_1_A,242,all,0.5,0.049586776859504134
PEINT,1y6z_1_A,242,all,0.2,0.0
PEINT,1ye8_1_A,172,short,1.0,0.18604651162790697
PEINT,1ye8_1_A,172,short,0.5,0.23255813953488372
PEINT,1ye8_1_A,172,short,0.2,0.17647058823529413
PEINT,1ye8_1_A,172,medium,1.0,0.18604651162790697
PEINT,1ye8_1_A,172,medium,0.5,0.23255813953488372
PEINT,1ye8_1_A,172,medium,0.2,0.29411764705882354
PEINT,1ye8_1_A,172,long,1.0,0.37209302325581395
PEINT,1ye8_1_A,172,long,0.5,0.5116279069767442
PEINT,1ye8_1_A,172,long,0.2,0.5882352941176471
PEINT,1ye8_1_A,172,all,1.0,0.3023255813953488
PEINT,1ye8_1_A,172,all,0.5,0.27906976744186046
PEINT,1ye8_1_A,172,all,0.2,0.23529411764705882
PEINT,1z9l_1_A,126,short,1.0,0.07936507936507936
PEINT,1z9l_1_A,126,short,0.5,0.031746031746031744
PEINT,1z9l_1_A,126,short,0.2,0.08
PEINT,1z9l_1_A,126,medium,1.0,0.1111111111111111
PEINT,1z9l_1_A,126,medium,0.5,0.19047619047619047
PEINT,1z9l_1_A,126,medium,0.2,0.32
PEINT,1z9l_1_A,126,long,1.0,0.30158730158730157
PEINT,1z9l_1_A,126,long,0.5,0.4444444444444444
PEINT,1z9l_1_A,126,long,0.2,0.72
PEINT,1z9l_1_A,126,all,1.0,0.20634920634920634
PEINT,1z9l_1_A,126,all,0.5,0.2857142857142857
PEINT,1z9l_1_A,126,all,0.2,0.32
PEINT,1ze3_1_B,116,short,1.0,0.27586206896551724
PEINT,1ze3_1_B,116,short,0.5,0.3448275862068966
PEINT,1ze3_1_B,116,short,0.2,0.6956521739130435
PEINT,1ze3_1_B,116,medium,1.0,0.27586206896551724
PEINT,1ze3_1_B,116,medium,0.5,0.41379310344827586
PEINT,1ze3_1_B,116,medium,0.2,0.5652173913043478
PEINT,1ze3_1_B,116,long,1.0,0.06896551724137931
PEINT,1ze3_1_B,116,long,0.5,0.10344827586206896
PEINT,1ze3_1_B,116,long,0.2,0.2608695652173913
PEINT,1ze3_1_B,116,all,1.0,0.3620689655172414
PEINT,1ze3_1_B,116,all,0.5,0.4827586206896552
PEINT,1ze3_1_B,116,all,0.2,0.8260869565217391
PEINT,1zzm_1_A,259,short,1.0,0.2625482625482625
PEINT,1zzm_1_A,259,short,0.5,0.35658914728682173
PEINT,1zzm_1_A,259,short,0.2,0.5882352941176471
PEINT,1zzm_1_A,259,medium,1.0,0.21621621621621623
PEINT,1zzm_1_A,259,medium,0.5,0.2868217054263566
PEINT,1zzm_1_A,259,medium,0.2,0.43137254901960786
PEINT,1zzm_1_A,259,long,1.0,0.5328185328185329
PEINT,1zzm_1_A,259,long,0.5,0.5813953488372093
PEINT,1zzm_1_A,259,long,0.2,0.7450980392156863
PEINT,1zzm_1_A,259,all,1.0,0.44015444015444016
PEINT,1zzm_1_A,259,all,0.5,0.5193798449612403
PEINT,1zzm_1_A,259,all,0.2,0.7647058823529411
PEINT,2a5h_1_B,410,short,1.0,0.15609756097560976
PEINT,2a5h_1_B,410,short,0.5,0.2146341463414634
PEINT,2a5h_1_B,410,short,0.2,0.2682926829268293
PEINT,2a5h_1_B,410,medium,1.0,0.07804878048780488
PEINT,2a5h_1_B,410,medium,0.5,0.11707317073170732
PEINT,2a5h_1_B,410,medium,0.2,0.12195121951219512
PEINT,2a5h_1_B,410,long,1.0,0.3463414634146341
PEINT,2a5h_1_B,410,long,0.5,0.4878048780487805
PEINT,2a5h_1_B,410,long,0.2,0.6829268292682927
PEINT,2a5h_1_B,410,all,1.0,0.2682926829268293
PEINT,2a5h_1_B,410,all,0.5,0.28780487804878047
PEINT,2a5h_1_B,410,all,0.2,0.3902439024390244
PEINT,2a6b_1_A,219,short,1.0,0.0821917808219178
PEINT,2a6b_1_A,219,short,0.5,0.05504587155963303
PEINT,2a6b_1_A,219,short,0.2,0.09302325581395349
PEINT,2a6b_1_A,219,medium,1.0,0.0639269406392694
PEINT,2a6b_1_A,219,medium,0.5,0.03669724770642202
PEINT,2a6b_1_A,219,medium,0.2,0.046511627906976744
PEINT,2a6b_1_A,219,long,1.0,0.1552511415525114
PEINT,2a6b_1_A,219,long,0.5,0.14678899082568808
PEINT,2a6b_1_A,219,long,0.2,0.18604651162790697
PEINT,2a6b_1_A,219,all,1.0,0.1004566210045662
PEINT,2a6b_1_A,219,all,0.5,0.05504587155963303
PEINT,2a6b_1_A,219,all,0.2,0.09302325581395349
PEINT,2a6c_1_B,76,short,1.0,0.13157894736842105
PEINT,2a6c_1_B,76,short,0.5,0.15789473684210525
PEINT,2a6c_1_B,76,short,0.2,0.26666666666666666
PEINT,2a6c_1_B,76,medium,1.0,0.05263157894736842
PEINT,2a6c_1_B,76,medium,0.5,0.05263157894736842
PEINT,2a6c_1_B,76,medium,0.2,0.0
PEINT,2a6c_1_B,76,long,1.0,0.21052631578947367
PEINT,2a6c_1_B,76,long,0.5,0.3684210526315789
PEINT,2a6c_1_B,76,long,0.2,0.5333333333333333
PEINT,2a6c_1_B,76,all,1.0,0.15789473684210525
PEINT,2a6c_1_B,76,all,0.5,0.15789473684210525
PEINT,2a6c_1_B,76,all,0.2,0.26666666666666666
PEINT,2aee_1_B,203,short,1.0,0.2561576354679803
PEINT,2aee_1_B,203,short,0.5,0.3564356435643564
PEINT,2aee_1_B,203,short,0.2,0.6
PEINT,2aee_1_B,203,medium,1.0,0.2561576354679803
PEINT,2aee_1_B,203,medium,0.5,0.27722772277227725
PEINT,2aee_1_B,203,medium,0.2,0.3
PEINT,2aee_1_B,203,long,1.0,0.4236453201970443
PEINT,2aee_1_B,203,long,0.5,0.45544554455445546
PEINT,2aee_1_B,203,long,0.2,0.7
PEINT,2aee_1_B,203,all,1.0,0.3793103448275862
PEINT,2aee_1_B,203,all,0.5,0.5148514851485149
PEINT,2aee_1_B,203,all,0.2,0.75
PEINT,2afh_1_E,289,short,1.0,0.16608996539792387
PEINT,2afh_1_E,289,short,0.5,0.18055555555555555
PEINT,2afh_1_E,289,short,0.2,0.21052631578947367
PEINT,2afh_1_E,289,medium,1.0,0.16608996539792387
PEINT,2afh_1_E,289,medium,0.5,0.25
PEINT,2afh_1_E,289,medium,0.2,0.45614035087719296
PEINT,2afh_1_E,289,long,1.0,0.3737024221453287
PEINT,2afh_1_E,289,long,0.5,0.5
PEINT,2afh_1_E,289,long,0.2,0.5964912280701754
PEINT,2afh_1_E,289,all,1.0,0.3460207612456747
PEINT,2afh_1_E,289,all,0.5,0.4027777777777778
PEINT,2afh_1_E,289,all,0.2,0.42105263157894735
PEINT,2ahr_1_E,259,short,1.0,0.1776061776061776
PEINT,2ahr_1_E,259,short,0.5,0.24806201550387597
PEINT,2ahr_1_E,259,short,0.2,0.2549019607843137
PEINT,2ahr_1_E,259,medium,1.0,0.2084942084942085
PEINT,2ahr_1_E,259,medium,0.5,0.27906976744186046
PEINT,2ahr_1_E,259,medium,0.2,0.43137254901960786
PEINT,2ahr_1_E,259,long,1.0,0.3552123552123552
PEINT,2ahr_1_E,259,long,0.5,0.4806201550387597
PEINT,2ahr_1_E,259,long,0.2,0.803921568627451
PEINT,2ahr_1_E,259,all,1.0,0.3166023166023166
PEINT,2ahr_1_E,259,all,0.5,0.37209302325581395
PEINT,2ahr_1_E,259,all,0.2,0.5098039215686274
PEINT,2ar5_1_A,117,short,1.0,0.06837606837606838
PEINT,2ar5_1_A,117,short,0.5,0.034482758620689655
PEINT,2ar5_1_A,117,short,0.2,0.08695652173913043
PEINT,2ar5_1_A,117,medium,1.0,0.3076923076923077
PEINT,2ar5_1_A,117,medium,0.5,0.41379310344827586
PEINT,2ar5_1_A,117,medium,0.2,0.6086956521739131
PEINT,2ar5_1_A,117,long,1.0,0.17094017094017094
PEINT,2ar5_1_A,117,long,0.5,0.1724137931034483
PEINT,2ar5_1_A,117,long,0.2,0.2608695652173913
PEINT,2ar5_1_A,117,all,1.0,0.18803418803418803
PEINT,2ar5_1_A,117,all,0.5,0.1724137931034483
PEINT,2ar5_1_A,117,all,0.2,0.17391304347826086
PEINT,2atr_1_A,132,short,1.0,0.21212121212121213
PEINT,2atr_1_A,132,short,0.5,0.3333333333333333
PEINT,2atr_1_A,132,short,0.2,0.38461538461538464
PEINT,2atr_1_A,132,medium,1.0,0.24242424242424243
PEINT,2atr_1_A,132,medium,0.5,0.30303030303030304
PEINT,2atr_1_A,132,medium,0.2,0.46153846153846156
PEINT,2atr_1_A,132,long,1.0,0.42424242424242425
PEINT,2atr_1_A,132,long,0.5,0.5757575757575758
PEINT,2atr_1_A,132,long,0.2,0.6923076923076923
PEINT,2atr_1_A,132,all,1.0,0.4090909090909091
PEINT,2atr_1_A,132,all,0.5,0.5151515151515151
PEINT,2atr_1_A,132,all,0.2,0.46153846153846156
PEINT,2b0a_1_B,186,short,1.0,0.15053763440860216
PEINT,2b0a_1_B,186,short,0.5,0.17204301075268819
PEINT,2b0a_1_B,186,short,0.2,0.13513513513513514
PEINT,2b0a_1_B,186,medium,1.0,0.24731182795698925
PEINT,2b0a_1_B,186,medium,0.5,0.26881720430107525
PEINT,2b0a_1_B,186,medium,0.2,0.32432432432432434
PEINT,2b0a_1_B,186,long,1.0,0.2903225806451613
PEINT,2b0a_1_B,186,long,0.5,0.3978494623655914
PEINT,2b0a_1_B,186,long,0.2,0.4864864864864865
PEINT,2b0a_1_B,186,all,1.0,0.26881720430107525
PEINT,2b0a_1_B,186,all,0.5,0.23655913978494625
PEINT,2b0a_1_B,186,all,0.2,0.32432432432432434
PEINT,2b0c_1_B,199,short,1.0,0.22110552763819097
PEINT,2b0c_1_B,199,short,0.5,0.3434343434343434
PEINT,2b0c_1_B,199,short,0.2,0.46153846153846156
PEINT,2b0c_1_B,199,medium,1.0,0.23115577889447236
PEINT,2b0c_1_B,199,medium,0.5,0.30303030303030304
PEINT,2b0c_1_B,199,medium,0.2,0.38461538461538464
PEINT,2b0c_1_B,199,long,1.0,0.5125628140703518
PEINT,2b0c_1_B,199,long,0.5,0.6161616161616161
PEINT,2b0c_1_B,199,long,0.2,0.7948717948717948
PEINT,2b0c_1_B,199,all,1.0,0.37185929648241206
PEINT,2b0c_1_B,199,all,0.5,0.48484848484848486
PEINT,2b0c_1_B,199,all,0.2,0.46153846153846156
PEINT,2b3y_1_A,888,short,1.0,0.13288288288288289
PEINT,2b3y_1_A,888,short,0.5,0.17567567567567569
PEINT,2b3y_1_A,888,short,0.2,0.23163841807909605
PEINT,2b3y_1_A,888,medium,1.0,0.05855855855855856
PEINT,2b3y_1_A,888,medium,0.5,0.05855855855855856
PEINT,2b3y_1_A,888,medium,0.2,0.06779661016949153
PEINT,2b3y_1_A,888,long,1.0,0.05630630630630631
PEINT,2b3y_1_A,888,long,0.5,0.07657657657657657
PEINT,2b3y_1_A,888,long,0.2,0.06779661016949153
PEINT,2b3y_1_A,888,all,1.0,0.12162162162162163
PEINT,2b3y_1_A,888,all,0.5,0.16216216216216217
PEINT,2b3y_1_A,888,all,0.2,0.23728813559322035
PEINT,2b5w_1_A,357,short,1.0,0.11764705882352941
PEINT,2b5w_1_A,357,short,0.5,0.16853932584269662
PEINT,2b5w_1_A,357,short,0.2,0.30985915492957744
PEINT,2b5w_1_A,357,medium,1.0,0.21568627450980393
PEINT,2b5w_1_A,357,medium,0.5,0.3146067415730337
PEINT,2b5w_1_A,357,medium,0.2,0.36619718309859156
PEINT,2b5w_1_A,357,long,1.0,0.42857142857142855
PEINT,2b5w_1_A,357,long,0.5,0.6292134831460674
PEINT,2b5w_1_A,357,long,0.2,0.8450704225352113
PEINT,2b5w_1_A,357,all,1.0,0.31932773109243695
PEINT,2b5w_1_A,357,all,0.5,0.42696629213483145
PEINT,2b5w_1_A,357,all,0.2,0.6338028169014085
PEINT,2ba2_1_A,81,short,1.0,0.024691358024691357
PEINT,2ba2_1_A,81,short,0.5,0.05
PEINT,2ba2_1_A,81,short,0.2,0.0
PEINT,2ba2_1_A,81,medium,1.0,0.0
PEINT,2ba2_1_A,81,medium,0.5,0.0
PEINT,2ba2_1_A,81,medium,0.2,0.0
PEINT,2ba2_1_A,81,long,1.0,0.0
PEINT,2ba2_1_A,81,long,0.5,0.0
PEINT,2ba2_1_A,81,long,0.2,0.0
PEINT,2ba2_1_A,81,all,1.0,0.024691358024691357
PEINT,2ba2_1_A,81,all,0.5,0.05
PEINT,2ba2_1_A,81,all,0.2,0.0
PEINT,2bdt_1_B,172,short,1.0,0.1511627906976744
PEINT,2bdt_1_B,172,short,0.5,0.2558139534883721
PEINT,2bdt_1_B,172,short,0.2,0.47058823529411764
PEINT,2bdt_1_B,172,medium,1.0,0.22093023255813954
PEINT,2bdt_1_B,172,medium,0.5,0.3023255813953488
PEINT,2bdt_1_B,172,medium,0.2,0.4117647058823529
PEINT,2bdt_1_B,172,long,1.0,0.4418604651162791
PEINT,2bdt_1_B,172,long,0.5,0.627906976744186
PEINT,2bdt_1_B,172,long,0.2,0.7647058823529411
PEINT,2bdt_1_B,172,all,1.0,0.38372093023255816
PEINT,2bdt_1_B,172,all,0.5,0.5348837209302325
PEINT,2bdt_1_B,172,all,0.2,0.7058823529411765
PEINT,2bl0_1_A,63,short,1.0,0.0
PEINT,2bl0_1_A,63,short,0.5,0.0
PEINT,2bl0_1_A,63,short,0.2,0.0
PEINT,2bl0_1_A,63,medium,1.0,0.0
PEINT,2bl0_1_A,63,medium,0.5,0.0
PEINT,2bl0_1_A,63,medium,0.2,0.0
PEINT,2bl0_1_A,63,long,1.0,0.0
PEINT,2bl0_1_A,63,long,0.5,0.0
PEINT,2bl0_1_A,63,long,0.2,0.0
PEINT,2bl0_1_A,63,all,1.0,0.0
PEINT,2bl0_1_A,63,all,0.5,0.0
PEINT,2bl0_1_A,63,all,0.2,0.0
PEINT,2ca9_1_B,139,short,1.0,0.15827338129496402
PEINT,2ca9_1_B,139,short,0.5,0.17391304347826086
PEINT,2ca9_1_B,139,short,0.2,0.2962962962962963
PEINT,2ca9_1_B,139,medium,1.0,0.12949640287769784
PEINT,2ca9_1_B,139,medium,0.5,0.14492753623188406
PEINT,2ca9_1_B,139,medium,0.2,0.2222222222222222
PEINT,2ca9_1_B,139,long,1.0,0.10071942446043165
PEINT,2ca9_1_B,139,long,0.5,0.08695652173913043
PEINT,2ca9_1_B,139,long,0.2,0.14814814814814814
PEINT,2ca9_1_B,139,all,1.0,0.17266187050359713
PEINT,2ca9_1_B,139,all,0.5,0.2318840579710145
PEINT,2ca9_1_B,139,all,0.2,0.37037037037037035
PEINT,2d7v_1_B,154,short,1.0,0.12987012987012986
PEINT,2d7v_1_B,154,short,0.5,0.18181818181818182
PEINT,2d7v_1_B,154,short,0.2,0.2
PEINT,2d7v_1_B,154,medium,1.0,0.23376623376623376
PEINT,2d7v_1_B,154,medium,0.5,0.3116883116883117
PEINT,2d7v_1_B,154,medium,0.2,0.2
PEINT,2d7v_1_B,154,long,1.0,0.22077922077922077
PEINT,2d7v_1_B,154,long,0.5,0.2597402597402597
PEINT,2d7v_1_B,154,long,0.2,0.3333333333333333
PEINT,2d7v_1_B,154,all,1.0,0.16883116883116883
PEINT,2d7v_1_B,154,all,0.5,0.2077922077922078
PEINT,2d7v_1_B,154,all,0.2,0.2
PEINT,2e11_1_B,265,short,1.0,0.27169811320754716
PEINT,2e11_1_B,265,short,0.5,0.3181818181818182
PEINT,2e11_1_B,265,short,0.2,0.39622641509433965
PEINT,2e11_1_B,265,medium,1.0,0.2792452830188679
PEINT,2e11_1_B,265,medium,0.5,0.4393939393939394
PEINT,2e11_1_B,265,medium,0.2,0.6037735849056604
PEINT,2e11_1_B,265,long,1.0,0.5207547169811321
PEINT,2e11_1_B,265,long,0.5,0.6363636363636364
PEINT,2e11_1_B,265,long,0.2,0.6792452830188679
PEINT,2e11_1_B,265,all,1.0,0.45660377358490567
PEINT,2e11_1_B,265,all,0.5,0.5757575757575758
PEINT,2e11_1_B,265,all,0.2,0.660377358490566
PEINT,2ebj_1_A,192,short,1.0,0.16666666666666666
PEINT,2ebj_1_A,192,short,0.5,0.20833333333333334
PEINT,2ebj_1_A,192,short,0.2,0.2631578947368421
PEINT,2ebj_1_A,192,medium,1.0,0.15625
PEINT,2ebj_1_A,192,medium,0.5,0.20833333333333334
PEINT,2ebj_1_A,192,medium,0.2,0.3684210526315789
PEINT,2ebj_1_A,192,long,1.0,0.6041666666666666
PEINT,2ebj_1_A,192,long,0.5,0.7083333333333334
PEINT,2ebj_1_A,192,long,0.2,0.8947368421052632
PEINT,2ebj_1_A,192,all,1.0,0.4166666666666667
PEINT,2ebj_1_A,192,all,0.5,0.5416666666666666
PEINT,2ebj_1_A,192,all,0.2,0.631578947368421
PEINT,2f06_1_A,144,short,1.0,0.2777777777777778
PEINT,2f06_1_A,144,short,0.5,0.2222222222222222
PEINT,2f06_1_A,144,short,0.2,0.35714285714285715
PEINT,2f06_1_A,144,medium,1.0,0.1527777777777778
PEINT,2f06_1_A,144,medium,0.5,0.19444444444444445
PEINT,2f06_1_A,144,medium,0.2,0.2857142857142857
PEINT,2f06_1_A,144,long,1.0,0.4444444444444444
PEINT,2f06_1_A,144,long,0.5,0.6666666666666666
PEINT,2f06_1_A,144,long,0.2,0.8571428571428571
PEINT,2f06_1_A,144,all,1.0,0.3888888888888889
PEINT,2f06_1_A,144,all,0.5,0.3333333333333333
PEINT,2f06_1_A,144,all,0.2,0.5714285714285714
PEINT,2f1l_1_B,164,short,1.0,0.4024390243902439
PEINT,2f1l_1_B,164,short,0.5,0.5365853658536586
PEINT,2f1l_1_B,164,short,0.2,0.8125
PEINT,2f1l_1_B,164,medium,1.0,0.4146341463414634
PEINT,2f1l_1_B,164,medium,0.5,0.5609756097560976
PEINT,2f1l_1_B,164,medium,0.2,0.6875
PEINT,2f1l_1_B,164,long,1.0,0.35365853658536583
PEINT,2f1l_1_B,164,long,0.5,0.4634146341463415
PEINT,2f1l_1_B,164,long,0.2,0.6875
PEINT,2f1l_1_B,164,all,1.0,0.5609756097560976
PEINT,2f1l_1_B,164,all,0.5,0.7560975609756098
PEINT,2f1l_1_B,164,all,0.2,0.9375
PEINT,2f20_1_A,233,short,1.0,0.2145922746781116
PEINT,2f20_1_A,233,short,0.5,0.27586206896551724
PEINT,2f20_1_A,233,short,0.2,0.30434782608695654
PEINT,2f20_1_A,233,medium,1.0,0.13733905579399142
PEINT,2f20_1_A,233,medium,0.5,0.2413793103448276
PEINT,2f20_1_A,233,medium,0.2,0.30434782608695654
PEINT,2f20_1_A,233,long,1.0,0.04291845493562232
PEINT,2f20_1_A,233,long,0.5,0.05172413793103448
PEINT,2f20_1_A,233,long,0.2,0.13043478260869565
PEINT,2f20_1_A,233,all,1.0,0.24034334763948498
PEINT,2f20_1_A,233,all,0.5,0.3275862068965517
PEINT,2f20_1_A,233,all,0.2,0.34782608695652173
PEINT,2f4w_1_A,147,short,1.0,0.17687074829931973
PEINT,2f4w_1_A,147,short,0.5,0.273972602739726
PEINT,2f4w_1_A,147,short,0.2,0.3448275862068966
PEINT,2f4w_1_A,147,medium,1.0,0.24489795918367346
PEINT,2f4w_1_A,147,medium,0.5,0.410958904109589
PEINT,2f4w_1_A,147,medium,0.2,0.7931034482758621
PEINT,2f4w_1_A,147,long,1.0,0.10884353741496598
PEINT,2f4w_1_A,147,long,0.5,0.0273972602739726
PEINT,2f4w_1_A,147,long,0.2,0.0
PEINT,2f4w_1_A,147,all,1.0,0.32653061224489793
PEINT,2f4w_1_A,147,all,0.5,0.4931506849315068
PEINT,2f4w_1_A,147,all,0.2,0.5517241379310345
PEINT,2f6k_1_A,306,short,1.0,0.13725490196078433
PEINT,2f6k_1_A,306,short,0.5,0.1830065359477124
PEINT,2f6k_1_A,306,short,0.2,0.2459016393442623
PEINT,2f6k_1_A,306,medium,1.0,0.17647058823529413
PEINT,2f6k_1_A,306,medium,0.5,0.24836601307189543
PEINT,2f6k_1_A,306,medium,0.2,0.4098360655737705
PEINT,2f6k_1_A,306,long,1.0,0.477124183006536
PEINT,2f6k_1_A,306,long,0.5,0.6274509803921569
PEINT,2f6k_1_A,306,long,0.2,0.9016393442622951
PEINT,2f6k_1_A,306,all,1.0,0.35294117647058826
PEINT,2f6k_1_A,306,all,0.5,0.48366013071895425
PEINT,2f6k_1_A,306,all,0.2,0.5245901639344263
PEINT,2fqz_1_B,293,short,1.0,0.05460750853242321
PEINT,2fqz_1_B,293,short,0.5,0.0958904109589041
PEINT,2fqz_1_B,293,short,0.2,0.13793103448275862
PEINT,2fqz_1_B,293,medium,1.0,0.19795221843003413
PEINT,2fqz_1_B,293,medium,0.5,0.2328767123287671
PEINT,2fqz_1_B,293,medium,0.2,0.1724137931034483
PEINT,2fqz_1_B,293,long,1.0,0.1296928327645051
PEINT,2fqz_1_B,293,long,0.5,0.2191780821917808
PEINT,2fqz_1_B,293,long,0.2,0.3448275862068966
PEINT,2fqz_1_B,293,all,1.0,0.10238907849829351
PEINT,2fqz_1_B,293,all,0.5,0.1232876712328767
PEINT,2fqz_1_B,293,all,0.2,0.1724137931034483
PEINT,2fr7_1_A,397,short,1.0,0.14609571788413098
PEINT,2fr7_1_A,397,short,0.5,0.20202020202020202
PEINT,2fr7_1_A,397,short,0.2,0.27848101265822783
PEINT,2fr7_1_A,397,medium,1.0,0.10075566750629723
PEINT,2fr7_1_A,397,medium,0.5,0.12121212121212122
PEINT,2fr7_1_A,397,medium,0.2,0.1518987341772152
PEINT,2fr7_1_A,397,long,1.0,0.21158690176322417
PEINT,2fr7_1_A,397,long,0.5,0.29292929292929293
PEINT,2fr7_1_A,397,long,0.2,0.4430379746835443
PEINT,2fr7_1_A,397,all,1.0,0.19143576826196473
PEINT,2fr7_1_A,397,all,0.5,0.26262626262626265
PEINT,2fr7_1_A,397,all,0.2,0.3037974683544304
PEINT,2fz4_1_A,206,short,1.0,0.24271844660194175
PEINT,2fz4_1_A,206,short,0.5,0.3106796116504854
PEINT,2fz4_1_A,206,short,0.2,0.36585365853658536
PEINT,2fz4_1_A,206,medium,1.0,0.18446601941747573
PEINT,2fz4_1_A,206,medium,0.5,0.24271844660194175
PEINT,2fz4_1_A,206,medium,0.2,0.34146341463414637
PEINT,2fz4_1_A,206,long,1.0,0.2524271844660194
PEINT,2fz4_1_A,206,long,0.5,0.3592233009708738
PEINT,2fz4_1_A,206,long,0.2,0.4878048780487805
PEINT,2fz4_1_A,206,all,1.0,0.32038834951456313
PEINT,2fz4_1_A,206,all,0.5,0.3786407766990291
PEINT,2fz4_1_A,206,all,0.2,0.34146341463414637
PEINT,2gah_1_A,965,short,1.0,0.16580310880829016
PEINT,2gah_1_A,965,short,0.5,0.1908713692946058
PEINT,2gah_1_A,965,short,0.2,0.24870466321243523
PEINT,2gah_1_A,965,medium,1.0,0.19481865284974093
PEINT,2gah_1_A,965,medium,0.5,0.26141078838174275
PEINT,2gah_1_A,965,medium,0.2,0.32124352331606215
PEINT,2gah_1_A,965,long,1.0,0.18652849740932642
PEINT,2gah_1_A,965,long,0.5,0.24066390041493776
PEINT,2gah_1_A,965,long,0.2,0.35751295336787564
PEINT,2gah_1_A,965,all,1.0,0.23419689119170983
PEINT,2gah_1_A,965,all,0.5,0.24896265560165975
PEINT,2gah_1_A,965,all,0.2,0.31088082901554404
PEINT,2gc9_1_A,178,short,1.0,0.29213483146067415
PEINT,2gc9_1_A,178,short,0.5,0.39325842696629215
PEINT,2gc9_1_A,178,short,0.2,0.5714285714285714
PEINT,2gc9_1_A,178,medium,1.0,0.2808988764044944
PEINT,2gc9_1_A,178,medium,0.5,0.449438202247191
PEINT,2gc9_1_A,178,medium,0.2,0.6285714285714286
PEINT,2gc9_1_A,178,long,1.0,0.056179775280898875
PEINT,2gc9_1_A,178,long,0.5,0.06741573033707865
PEINT,2gc9_1_A,178,long,0.2,0.05714285714285714
PEINT,2gc9_1_A,178,all,1.0,0.39325842696629215
PEINT,2gc9_1_A,178,all,0.5,0.4943820224719101
PEINT,2gc9_1_A,178,all,0.2,0.5428571428571428
PEINT,2h0e_1_A,112,short,1.0,0.25
PEINT,2h0e_1_A,112,short,0.5,0.32142857142857145
PEINT,2h0e_1_A,112,short,0.2,0.36363636363636365
PEINT,2h0e_1_A,112,medium,1.0,0.26785714285714285
PEINT,2h0e_1_A,112,medium,0.5,0.42857142857142855
PEINT,2h0e_1_A,112,medium,0.2,0.7272727272727273
PEINT,2h0e_1_A,112,long,1.0,0.39285714285714285
PEINT,2h0e_1_A,112,long,0.5,0.4642857142857143
PEINT,2h0e_1_A,112,long,0.2,0.8181818181818182
PEINT,2h0e_1_A,112,all,1.0,0.5178571428571429
PEINT,2h0e_1_A,112,all,0.5,0.6071428571428571
PEINT,2h0e_1_A,112,all,0.2,0.8181818181818182
PEINT,2h7z_1_A,75,short,1.0,0.13333333333333333
PEINT,2h7z_1_A,75,short,0.5,0.16216216216216217
PEINT,2h7z_1_A,75,short,0.2,0.26666666666666666
PEINT,2h7z_1_A,75,medium,1.0,0.16
PEINT,2h7z_1_A,75,medium,0.5,0.10810810810810811
PEINT,2h7z_1_A,75,medium,0.2,0.13333333333333333
PEINT,2h7z_1_A,75,long,1.0,0.24
PEINT,2h7z_1_A,75,long,0.5,0.16216216216216217
PEINT,2h7z_1_A,75,long,0.2,0.4
PEINT,2h7z_1_A,75,all,1.0,0.18666666666666668
PEINT,2h7z_1_A,75,all,0.5,0.16216216216216217
PEINT,2h7z_1_A,75,all,0.2,0.26666666666666666
PEINT,2h9a_1_A,383,short,1.0,0.11488250652741515
PEINT,2h9a_1_A,383,short,0.5,0.14659685863874344
PEINT,2h9a_1_A,383,short,0.2,0.18421052631578946
PEINT,2h9a_1_A,383,medium,1.0,0.16449086161879894
PEINT,2h9a_1_A,383,medium,0.5,0.18848167539267016
PEINT,2h9a_1_A,383,medium,0.2,0.2631578947368421
PEINT,2h9a_1_A,383,long,1.0,0.3028720626631854
PEINT,2h9a_1_A,383,long,0.5,0.45549738219895286
PEINT,2h9a_1_A,383,long,0.2,0.6578947368421053
PEINT,2h9a_1_A,383,all,1.0,0.18798955613577023
PEINT,2h9a_1_A,383,all,0.5,0.2094240837696335
PEINT,2h9a_1_A,383,all,0.2,0.21052631578947367
PEINT,2hdo_1_A,207,short,1.0,0.25120772946859904
PEINT,2hdo_1_A,207,short,0.5,0.42718446601941745
PEINT,2hdo_1_A,207,short,0.2,0.4634146341463415
PEINT,2hdo_1_A,207,medium,1.0,0.30917874396135264
PEINT,2hdo_1_A,207,medium,0.5,0.4077669902912621
PEINT,2hdo_1_A,207,medium,0.2,0.5121951219512195
PEINT,2hdo_1_A,207,long,1.0,0.4492753623188406
PEINT,2hdo_1_A,207,long,0.5,0.6407766990291263
PEINT,2hdo_1_A,207,long,0.2,0.8536585365853658
PEINT,2hdo_1_A,207,all,1.0,0.4927536231884058
PEINT,2hdo_1_A,207,all,0.5,0.5825242718446602
PEINT,2hdo_1_A,207,all,0.2,0.7560975609756098
PEINT,2hi0_1_A,240,short,1.0,0.21666666666666667
PEINT,2hi0_1_A,240,short,0.5,0.2833333333333333
PEINT,2hi0_1_A,240,short,0.2,0.3333333333333333
PEINT,2hi0_1_A,240,medium,1.0,0.19166666666666668
PEINT,2hi0_1_A,240,medium,0.5,0.2833333333333333
PEINT,2hi0_1_A,240,medium,0.2,0.2916666666666667
PEINT,2hi0_1_A,240,long,1.0,0.49166666666666664
PEINT,2hi0_1_A,240,long,0.5,0.5833333333333334
PEINT,2hi0_1_A,240,long,0.2,0.8333333333333334
PEINT,2hi0_1_A,240,all,1.0,0.3416666666666667
PEINT,2hi0_1_A,240,all,0.5,0.35
PEINT,2hi0_1_A,240,all,0.2,0.375
PEINT,2hj9_1_C,210,short,1.0,0.17142857142857143
PEINT,2hj9_1_C,210,short,0.5,0.22857142857142856
PEINT,2hj9_1_C,210,short,0.2,0.23809523809523808
PEINT,2hj9_1_C,210,medium,1.0,0.21904761904761905
PEINT,2hj9_1_C,210,medium,0.5,0.38095238095238093
PEINT,2hj9_1_C,210,medium,0.2,0.47619047619047616
PEINT,2hj9_1_C,210,long,1.0,0.01904761904761905
PEINT,2hj9_1_C,210,long,0.5,0.01904761904761905
PEINT,2hj9_1_C,210,long,0.2,0.047619047619047616
PEINT,2hj9_1_C,210,all,1.0,0.26666666666666666
PEINT,2hj9_1_C,210,all,0.5,0.3333333333333333
PEINT,2hj9_1_C,210,all,0.2,0.3333333333333333
PEINT,2hlh_1_A,286,short,1.0,0.11188811188811189
PEINT,2hlh_1_A,286,short,0.5,0.1258741258741259
PEINT,2hlh_1_A,286,short,0.2,0.21052631578947367
PEINT,2hlh_1_A,286,medium,1.0,0.20279720279720279
PEINT,2hlh_1_A,286,medium,0.5,0.27972027972027974
PEINT,2hlh_1_A,286,medium,0.2,0.3333333333333333
PEINT,2hlh_1_A,286,long,1.0,0.16783216783216784
PEINT,2hlh_1_A,286,long,0.5,0.22377622377622378
PEINT,2hlh_1_A,286,long,0.2,0.3157894736842105
PEINT,2hlh_1_A,286,all,1.0,0.18181818181818182
PEINT,2hlh_1_A,286,all,0.5,0.2097902097902098
PEINT,2hlh_1_A,286,all,0.2,0.2807017543859649
PEINT,2hnh_1_A,910,short,1.0,0.17142857142857143
PEINT,2hnh_1_A,910,short,0.5,0.21978021978021978
PEINT,2hnh_1_A,910,short,0.2,0.23076923076923078
PEINT,2hnh_1_A,910,medium,1.0,0.11648351648351649
PEINT,2hnh_1_A,910,medium,0.5,0.14945054945054945
PEINT,2hnh_1_A,910,medium,0.2,0.21978021978021978
PEINT,2hnh_1_A,910,long,1.0,0.17142857142857143
PEINT,2hnh_1_A,910,long,0.5,0.22857142857142856
PEINT,2hnh_1_A,910,long,0.2,0.2967032967032967
PEINT,2hnh_1_A,910,all,1.0,0.22637362637362637
PEINT,2hnh_1_A,910,all,0.5,0.2879120879120879
PEINT,2hnh_1_A,910,all,0.2,0.3076923076923077
PEINT,2hr7_1_B,464,short,1.0,0.13793103448275862
PEINT,2hr7_1_B,464,short,0.5,0.12931034482758622
PEINT,2hr7_1_B,464,short,0.2,0.15217391304347827
PEINT,2hr7_1_B,464,medium,1.0,0.09051724137931035
PEINT,2hr7_1_B,464,medium,0.5,0.07758620689655173
PEINT,2hr7_1_B,464,medium,0.2,0.10869565217391304
PEINT,2hr7_1_B,464,long,1.0,0.2543103448275862
PEINT,2hr7_1_B,464,long,0.5,0.3103448275862069
PEINT,2hr7_1_B,464,long,0.2,0.45652173913043476
PEINT,2hr7_1_B,464,all,1.0,0.15948275862068967
PEINT,2hr7_1_B,464,all,0.5,0.15517241379310345
PEINT,2hr7_1_B,464,all,0.2,0.1956521739130435
PEINT,2hzr_1_A,161,short,1.0,0.16149068322981366
PEINT,2hzr_1_A,161,short,0.5,0.225
PEINT,2hzr_1_A,161,short,0.2,0.25
PEINT,2hzr_1_A,161,medium,1.0,0.19875776397515527
PEINT,2hzr_1_A,161,medium,0.5,0.275
PEINT,2hzr_1_A,161,medium,0.2,0.5
PEINT,2hzr_1_A,161,long,1.0,0.17391304347826086
PEINT,2hzr_1_A,161,long,0.5,0.2
PEINT,2hzr_1_A,161,long,0.2,0.3125
PEINT,2hzr_1_A,161,all,1.0,0.2236024844720497
PEINT,2hzr_1_A,161,all,0.5,0.325
PEINT,2hzr_1_A,161,all,0.2,0.25
PEINT,2i3o_1_B,503,short,1.0,0.1749502982107356
PEINT,2i3o_1_B,503,short,0.5,0.23904382470119523
PEINT,2i3o_1_B,503,short,0.2,0.36
PEINT,2i3o_1_B,503,medium,1.0,0.24055666003976142
PEINT,2i3o_1_B,503,medium,0.5,0.2868525896414343
PEINT,2i3o_1_B,503,medium,0.2,0.34
PEINT,2i3o_1_B,503,long,1.0,0.15904572564612326
PEINT,2i3o_1_B,503,long,0.5,0.23107569721115537
PEINT,2i3o_1_B,503,long,0.2,0.32
PEINT,2i3o_1_B,503,all,1.0,0.2644135188866799
PEINT,2i3o_1_B,503,all,0.5,0.3745019920318725
PEINT,2i3o_1_B,503,all,0.2,0.52
PEINT,2i6d_1_A,251,short,1.0,0.11952191235059761
PEINT,2i6d_1_A,251,short,0.5,0.176
PEINT,2i6d_1_A,251,short,0.2,0.24
PEINT,2i6d_1_A,251,medium,1.0,0.19123505976095617
PEINT,2i6d_1_A,251,medium,0.5,0.24
PEINT,2i6d_1_A,251,medium,0.2,0.4
PEINT,2i6d_1_A,251,long,1.0,0.4860557768924303
PEINT,2i6d_1_A,251,long,0.5,0.632
PEINT,2i6d_1_A,251,long,0.2,0.8
PEINT,2i6d_1_A,251,all,1.0,0.30278884462151395
PEINT,2i6d_1_A,251,all,0.5,0.36
PEINT,2i6d_1_A,251,all,0.2,0.52
PEINT,2i6t_1_C,280,short,1.0,0.08571428571428572
PEINT,2i6t_1_C,280,short,0.5,0.08571428571428572
PEINT,2i6t_1_C,280,short,0.2,0.07142857142857142
PEINT,2i6t_1_C,280,medium,1.0,0.20714285714285716
PEINT,2i6t_1_C,280,medium,0.5,0.22857142857142856
PEINT,2i6t_1_C,280,medium,0.2,0.32142857142857145
PEINT,2i6t_1_C,280,long,1.0,0.32857142857142857
PEINT,2i6t_1_C,280,long,0.5,0.45714285714285713
PEINT,2i6t_1_C,280,long,0.2,0.5
PEINT,2i6t_1_C,280,all,1.0,0.1357142857142857
PEINT,2i6t_1_C,280,all,0.5,0.15714285714285714
PEINT,2i6t_1_C,280,all,0.2,0.21428571428571427
PEINT,2i7r_1_B,115,short,1.0,0.391304347826087
PEINT,2i7r_1_B,115,short,0.5,0.6666666666666666
PEINT,2i7r_1_B,115,short,0.2,0.8260869565217391
PEINT,2i7r_1_B,115,medium,1.0,0.4260869565217391
PEINT,2i7r_1_B,115,medium,0.5,0.5964912280701754
PEINT,2i7r_1_B,115,medium,0.2,0.6521739130434783
PEINT,2i7r_1_B,115,long,1.0,0.3826086956521739
PEINT,2i7r_1_B,115,long,0.5,0.43859649122807015
PEINT,2i7r_1_B,115,long,0.2,0.34782608695652173
PEINT,2i7r_1_B,115,all,1.0,0.4956521739130435
PEINT,2i7r_1_B,115,all,0.5,0.7192982456140351
PEINT,2i7r_1_B,115,all,0.2,0.9130434782608695
PEINT,2i88_1_A,178,short,1.0,0.11235955056179775
PEINT,2i88_1_A,178,short,0.5,0.11235955056179775
PEINT,2i88_1_A,178,short,0.2,0.2857142857142857
PEINT,2i88_1_A,178,medium,1.0,0.056179775280898875
PEINT,2i88_1_A,178,medium,0.5,0.06741573033707865
PEINT,2i88_1_A,178,medium,0.2,0.11428571428571428
PEINT,2i88_1_A,178,long,1.0,0.011235955056179775
PEINT,2i88_1_A,178,long,0.5,0.02247191011235955
PEINT,2i88_1_A,178,long,0.2,0.05714285714285714
PEINT,2i88_1_A,178,all,1.0,0.12359550561797752
PEINT,2i88_1_A,178,all,0.5,0.1348314606741573
PEINT,2i88_1_A,178,all,0.2,0.2857142857142857
PEINT,2ihr_1_A,351,short,1.0,0.08547008547008547
PEINT,2ihr_1_A,351,short,0.5,0.08
PEINT,2ihr_1_A,351,short,0.2,0.08571428571428572
PEINT,2ihr_1_A,351,medium,1.0,0.14814814814814814
PEINT,2ihr_1_A,351,medium,0.5,0.14285714285714285
PEINT,2ihr_1_A,351,medium,0.2,0.2
PEINT,2ihr_1_A,351,long,1.0,0.11965811965811966
PEINT,2ihr_1_A,351,long,0.5,0.16
PEINT,2ihr_1_A,351,long,0.2,0.2571428571428571
PEINT,2ihr_1_A,351,all,1.0,0.08547008547008547
PEINT,2ihr_1_A,351,all,0.5,0.09142857142857143
PEINT,2ihr_1_A,351,all,0.2,0.02857142857142857
PEINT,2in3_1_A,204,short,1.0,0.2549019607843137
PEINT,2in3_1_A,204,short,0.5,0.29411764705882354
PEINT,2in3_1_A,204,short,0.2,0.45
PEINT,2in3_1_A,204,medium,1.0,0.21568627450980393
PEINT,2in3_1_A,204,medium,0.5,0.3137254901960784
PEINT,2in3_1_A,204,medium,0.2,0.35
PEINT,2in3_1_A,204,long,1.0,0.37254901960784315
PEINT,2in3_1_A,204,long,0.5,0.45098039215686275
PEINT,2in3_1_A,204,long,0.2,0.6
PEINT,2in3_1_A,204,all,1.0,0.37254901960784315
PEINT,2in3_1_A,204,all,0.5,0.43137254901960786
PEINT,2in3_1_A,204,all,0.2,0.65
PEINT,2iya_1_A,392,short,1.0,0.1683673469387755
PEINT,2iya_1_A,392,short,0.5,0.23469387755102042
PEINT,2iya_1_A,392,short,0.2,0.2564102564102564
PEINT,2iya_1_A,392,medium,1.0,0.3010204081632653
PEINT,2iya_1_A,392,medium,0.5,0.3673469387755102
PEINT,2iya_1_A,392,medium,0.2,0.38461538461538464
PEINT,2iya_1_A,392,long,1.0,0.3622448979591837
PEINT,2iya_1_A,392,long,0.5,0.5612244897959183
PEINT,2iya_1_A,392,long,0.2,0.5641025641025641
PEINT,2iya_1_A,392,all,1.0,0.28061224489795916
PEINT,2iya_1_A,392,all,0.5,0.35714285714285715
PEINT,2iya_1_A,392,all,0.2,0.358974358974359
PEINT,2j3t_1_C,141,short,1.0,0.11347517730496454
PEINT,2j3t_1_C,141,short,0.5,0.17142857142857143
PEINT,2j3t_1_C,141,short,0.2,0.35714285714285715
PEINT,2j3t_1_C,141,medium,1.0,0.07092198581560284
PEINT,2j3t_1_C,141,medium,0.5,0.08571428571428572
PEINT,2j3t_1_C,141,medium,0.2,0.07142857142857142
PEINT,2j3t_1_C,141,long,1.0,0.11347517730496454
PEINT,2j3t_1_C,141,long,0.5,0.2
PEINT,2j3t_1_C,141,long,0.2,0.14285714285714285
PEINT,2j3t_1_C,141,all,1.0,0.11347517730496454
PEINT,2j3t_1_C,141,all,0.5,0.17142857142857143
PEINT,2j3t_1_C,141,all,0.2,0.35714285714285715
PEINT,2j3v_1_A,430,short,1.0,0.09767441860465116
PEINT,2j3v_1_A,430,short,0.5,0.15813953488372093
PEINT,2j3v_1_A,430,short,0.2,0.2558139534883721
PEINT,2j3v_1_A,430,medium,1.0,0.13953488372093023
PEINT,2j3v_1_A,430,medium,0.5,0.23255813953488372
PEINT,2j3v_1_A,430,medium,0.2,0.3488372093023256
PEINT,2j3v_1_A,430,long,1.0,0.15813953488372093
PEINT,2j3v_1_A,430,long,0.5,0.13023255813953488
PEINT,2j3v_1_A,430,long,0.2,0.16279069767441862
PEINT,2j3v_1_A,430,all,1.0,0.1813953488372093
PEINT,2j3v_1_A,430,all,0.5,0.22325581395348837
PEINT,2j3v_1_A,430,all,0.2,0.2558139534883721
PEINT,2j7j_1_B,85,short,1.0,0.25882352941176473
PEINT,2j7j_1_B,85,short,0.5,0.38095238095238093
PEINT,2j7j_1_B,85,short,0.2,0.47058823529411764
PEINT,2j7j_1_B,85,medium,1.0,0.3058823529411765
PEINT,2j7j_1_B,85,medium,0.5,0.3333333333333333
PEINT,2j7j_1_B,85,medium,0.2,0.35294117647058826
PEINT,2j7j_1_B,85,long,1.0,0.023529411764705882
PEINT,2j7j_1_B,85,long,0.5,0.047619047619047616
PEINT,2j7j_1_B,85,long,0.2,0.0
PEINT,2j7j_1_B,85,all,1.0,0.3176470588235294
PEINT,2j7j_1_B,85,all,0.5,0.38095238095238093
PEINT,2j7j_1_B,85,all,0.2,0.47058823529411764
PEINT,2jjq_1_A,392,short,1.0,0.20408163265306123
PEINT,2jjq_1_A,392,short,0.5,0.23469387755102042
PEINT,2jjq_1_A,392,short,0.2,0.3333333333333333
PEINT,2jjq_1_A,392,medium,1.0,0.3010204081632653
PEINT,2jjq_1_A,392,medium,0.5,0.3469387755102041
PEINT,2jjq_1_A,392,medium,0.2,0.5128205128205128
PEINT,2jjq_1_A,392,long,1.0,0.336734693877551
PEINT,2jjq_1_A,392,long,0.5,0.4387755102040816
PEINT,2jjq_1_A,392,long,0.2,0.5641025641025641
PEINT,2jjq_1_A,392,all,1.0,0.34183673469387754
PEINT,2jjq_1_A,392,all,0.5,0.41836734693877553
PEINT,2jjq_1_A,392,all,0.2,0.46153846153846156
PEINT,2jkd_1_A,149,short,1.0,0.1610738255033557
PEINT,2jkd_1_A,149,short,0.5,0.2702702702702703
PEINT,2jkd_1_A,149,short,0.2,0.2413793103448276
PEINT,2jkd_1_A,149,medium,1.0,0.18791946308724833
PEINT,2jkd_1_A,149,medium,0.5,0.2702702702702703
PEINT,2jkd_1_A,149,medium,0.2,0.5172413793103449
PEINT,2jkd_1_A,149,long,1.0,0.12080536912751678
PEINT,2jkd_1_A,149,long,0.5,0.10810810810810811
PEINT,2jkd_1_A,149,long,0.2,0.13793103448275862
PEINT,2jkd_1_A,149,all,1.0,0.2348993288590604
PEINT,2jkd_1_A,149,all,0.5,0.2972972972972973
PEINT,2jkd_1_A,149,all,0.2,0.27586206896551724
PEINT,2nrw_1_A,204,short,1.0,0.24509803921568626
PEINT,2nrw_1_A,204,short,0.5,0.39215686274509803
PEINT,2nrw_1_A,204,short,0.2,0.5
PEINT,2nrw_1_A,204,medium,1.0,0.24509803921568626
PEINT,2nrw_1_A,204,medium,0.5,0.3137254901960784
PEINT,2nrw_1_A,204,medium,0.2,0.35
PEINT,2nrw_1_A,204,long,1.0,0.4019607843137255
PEINT,2nrw_1_A,204,long,0.5,0.5098039215686274
PEINT,2nrw_1_A,204,long,0.2,0.7
PEINT,2nrw_1_A,204,all,1.0,0.4117647058823529
PEINT,2nrw_1_A,204,all,0.5,0.5098039215686274
PEINT,2nrw_1_A,204,all,0.2,0.6
PEINT,2nwu_1_A,131,short,1.0,0.0916030534351145
PEINT,2nwu_1_A,131,short,0.5,0.15384615384615385
PEINT,2nwu_1_A,131,short,0.2,0.15384615384615385
PEINT,2nwu_1_A,131,medium,1.0,0.0916030534351145
PEINT,2nwu_1_A,131,medium,0.5,0.12307692307692308
PEINT,2nwu_1_A,131,medium,0.2,0.15384615384615385
PEINT,2nwu_1_A,131,long,1.0,0.1297709923664122
PEINT,2nwu_1_A,131,long,0.5,0.15384615384615385
PEINT,2nwu_1_A,131,long,0.2,0.23076923076923078
PEINT,2nwu_1_A,131,all,1.0,0.10687022900763359
PEINT,2nwu_1_A,131,all,0.5,0.18461538461538463
PEINT,2nwu_1_A,131,all,0.2,0.15384615384615385
PEINT,2o1c_1_A,147,short,1.0,0.23129251700680273
PEINT,2o1c_1_A,147,short,0.5,0.3287671232876712
PEINT,2o1c_1_A,147,short,0.2,0.5862068965517241
PEINT,2o1c_1_A,147,medium,1.0,0.16326530612244897
PEINT,2o1c_1_A,147,medium,0.5,0.2191780821917808
PEINT,2o1c_1_A,147,medium,0.2,0.13793103448275862
PEINT,2o1c_1_A,147,long,1.0,0.5170068027210885
PEINT,2o1c_1_A,147,long,0.5,0.7671232876712328
PEINT,2o1c_1_A,147,long,0.2,0.896551724137931
PEINT,2o1c_1_A,147,all,1.0,0.40816326530612246
PEINT,2o1c_1_A,147,all,0.5,0.6438356164383562
PEINT,2o1c_1_A,147,all,0.2,0.7931034482758621
PEINT,2o2y_1_C,293,short,1.0,0.07508532423208192
PEINT,2o2y_1_C,293,short,0.5,0.1095890410958904
PEINT,2o2y_1_C,293,short,0.2,0.06896551724137931
PEINT,2o2y_1_C,293,medium,1.0,0.12286689419795221
PEINT,2o2y_1_C,293,medium,0.5,0.1506849315068493
PEINT,2o2y_1_C,293,medium,0.2,0.20689655172413793
PEINT,2o2y_1_C,293,long,1.0,0.34812286689419797
PEINT,2o2y_1_C,293,long,0.5,0.5616438356164384
PEINT,2o2y_1_C,293,long,0.2,0.6896551724137931
PEINT,2o2y_1_C,293,all,1.0,0.19795221843003413
PEINT,2o2y_1_C,293,all,0.5,0.2465753424657534
PEINT,2o2y_1_C,293,all,0.2,0.3448275862068966
PEINT,2o4x_1_B,87,short,1.0,0.09195402298850575
PEINT,2o4x_1_B,87,short,0.5,0.18604651162790697
PEINT,2o4x_1_B,87,short,0.2,0.23529411764705882
PEINT,2o4x_1_B,87,medium,1.0,0.22988505747126436
PEINT,2o4x_1_B,87,medium,0.5,0.27906976744186046
PEINT,2o4x_1_B,87,medium,0.2,0.47058823529411764
PEINT,2o4x_1_B,87,long,1.0,0.011494252873563218
PEINT,2o4x_1_B,87,long,0.5,0.0
PEINT,2o4x_1_B,87,long,0.2,0.0
PEINT,2o4x_1_B,87,all,1.0,0.1839080459770115
PEINT,2o4x_1_B,87,all,0.5,0.27906976744186046
PEINT,2o4x_1_B,87,all,0.2,0.47058823529411764
PEINT,2o8q_1_A,122,short,1.0,0.08196721311475409
PEINT,2o8q_1_A,122,short,0.5,0.16393442622950818
PEINT,2o8q_1_A,122,short,0.2,0.16666666666666666
PEINT,2o8q_1_A,122,medium,1.0,0.09836065573770492
PEINT,2o8q_1_A,122,medium,0.5,0.09836065573770492
PEINT,2o8q_1_A,122,medium,0.2,0.25
PEINT,2o8q_1_A,122,long,1.0,0.3442622950819672
PEINT,2o8q_1_A,122,long,0.5,0.4426229508196721
PEINT,2o8q_1_A,122,long,0.2,0.75
PEINT,2o8q_1_A,122,all,1.0,0.2459016393442623
PEINT,2o8q_1_A,122,all,0.5,0.39344262295081966
PEINT,2o8q_1_A,122,all,0.2,0.4166666666666667
PEINT,2oee_1_B,92,short,1.0,0.06521739130434782
PEINT,2oee_1_B,92,short,0.5,0.08695652173913043
PEINT,2oee_1_B,92,short,0.2,0.2222222222222222
PEINT,2oee_1_B,92,medium,1.0,0.0
PEINT,2oee_1_B,92,medium,0.5,0.0
PEINT,2oee_1_B,92,medium,0.2,0.0
PEINT,2oee_1_B,92,long,1.0,0.021739130434782608
PEINT,2oee_1_B,92,long,0.5,0.0
PEINT,2oee_1_B,92,long,0.2,0.0
PEINT,2oee_1_B,92,all,1.0,0.06521739130434782
PEINT,2oee_1_B,92,all,0.5,0.08695652173913043
PEINT,2oee_1_B,92,all,0.2,0.2222222222222222
PEINT,2ok8_1_A,263,short,1.0,0.11406844106463879
PEINT,2ok8_1_A,263,short,0.5,0.12213740458015267
PEINT,2ok8_1_A,263,short,0.2,0.15384615384615385
PEINT,2ok8_1_A,263,medium,1.0,0.12547528517110265
PEINT,2ok8_1_A,263,medium,0.5,0.21374045801526717
PEINT,2ok8_1_A,263,medium,0.2,0.2692307692307692
PEINT,2ok8_1_A,263,long,1.0,0.29277566539923955
PEINT,2ok8_1_A,263,long,0.5,0.3053435114503817
PEINT,2ok8_1_A,263,long,0.2,0.34615384615384615
PEINT,2ok8_1_A,263,all,1.0,0.13688212927756654
PEINT,2ok8_1_A,263,all,0.5,0.17557251908396945
PEINT,2ok8_1_A,263,all,0.2,0.19230769230769232
PEINT,2ol5_1_A,183,short,1.0,0.14207650273224043
PEINT,2ol5_1_A,183,short,0.5,0.15384615384615385
PEINT,2ol5_1_A,183,short,0.2,0.3333333333333333
PEINT,2ol5_1_A,183,medium,1.0,0.24043715846994534
PEINT,2ol5_1_A,183,medium,0.5,0.23076923076923078
PEINT,2ol5_1_A,183,medium,0.2,0.5
PEINT,2ol5_1_A,183,long,1.0,0.31693989071038253
PEINT,2ol5_1_A,183,long,0.5,0.38461538461538464
PEINT,2ol5_1_A,183,long,0.2,0.6666666666666666
PEINT,2ol5_1_A,183,all,1.0,0.29508196721311475
PEINT,2ol5_1_A,183,all,0.5,0.3516483516483517
PEINT,2ol5_1_A,183,all,0.2,0.6111111111111112
PEINT,2ols_1_A,725,short,1.0,0.1406896551724138
PEINT,2ols_1_A,725,short,0.5,0.19337016574585636
PEINT,2ols_1_A,725,short,0.2,0.2482758620689655
PEINT,2ols_1_A,725,medium,1.0,0.13517241379310344
PEINT,2ols_1_A,725,medium,0.5,0.143646408839779
PEINT,2ols_1_A,725,medium,0.2,0.13793103448275862
PEINT,2ols_1_A,725,long,1.0,0.19034482758620688
PEINT,2ols_1_A,725,long,0.5,0.23756906077348067
PEINT,2ols_1_A,725,long,0.2,0.3103448275862069
PEINT,2ols_1_A,725,all,1.0,0.17379310344827587
PEINT,2ols_1_A,725,all,0.5,0.18232044198895028
PEINT,2ols_1_A,725,all,0.2,0.2620689655172414
PEINT,2opt_1_A,209,short,1.0,0.14354066985645933
PEINT,2opt_1_A,209,short,0.5,0.23076923076923078
PEINT,2opt_1_A,209,short,0.2,0.24390243902439024
PEINT,2opt_1_A,209,medium,1.0,0.1339712918660287
PEINT,2opt_1_A,209,medium,0.5,0.21153846153846154
PEINT,2opt_1_A,209,medium,0.2,0.4878048780487805
PEINT,2opt_1_A,209,long,1.0,0.41626794258373206
PEINT,2opt_1_A,209,long,0.5,0.5769230769230769
PEINT,2opt_1_A,209,long,0.2,0.8048780487804879
PEINT,2opt_1_A,209,all,1.0,0.35406698564593303
PEINT,2opt_1_A,209,all,0.5,0.4807692307692308
PEINT,2opt_1_A,209,all,0.2,0.6829268292682927
PEINT,2oqq_1_B,42,short,1.0,0.0
PEINT,2oqq_1_B,42,short,0.5,0.0
PEINT,2oqq_1_B,42,short,0.2,0.0
PEINT,2oqq_1_B,42,medium,1.0,0.0
PEINT,2oqq_1_B,42,medium,0.5,0.0
PEINT,2oqq_1_B,42,medium,0.2,0.0
PEINT,2oqq_1_B,42,long,1.0,0.0
PEINT,2oqq_1_B,42,long,0.5,0.0
PEINT,2oqq_1_B,42,long,0.2,0.0
PEINT,2oqq_1_B,42,all,1.0,0.0
PEINT,2oqq_1_B,42,all,0.5,0.0
PEINT,2oqq_1_B,42,all,0.2,0.0
PEINT,2owl_1_B,301,short,1.0,0.2059800664451827
PEINT,2owl_1_B,301,short,0.5,0.24
PEINT,2owl_1_B,301,short,0.2,0.26666666666666666
PEINT,2owl_1_B,301,medium,1.0,0.132890365448505
PEINT,2owl_1_B,301,medium,0.5,0.14666666666666667
PEINT,2owl_1_B,301,medium,0.2,0.16666666666666666
PEINT,2owl_1_B,301,long,1.0,0.07973421926910298
PEINT,2owl_1_B,301,long,0.5,0.10666666666666667
PEINT,2owl_1_B,301,long,0.2,0.13333333333333333
PEINT,2owl_1_B,301,all,1.0,0.22259136212624583
PEINT,2owl_1_B,301,all,0.5,0.25333333333333335
PEINT,2owl_1_B,301,all,0.2,0.26666666666666666
PEINT,2oyp_1_A,109,short,1.0,0.23853211009174313
PEINT,2oyp_1_A,109,short,0.5,0.3333333333333333
PEINT,2oyp_1_A,109,short,0.2,0.5714285714285714
PEINT,2oyp_1_A,109,medium,1.0,0.12844036697247707
PEINT,2oyp_1_A,109,medium,0.5,0.18518518518518517
PEINT,2oyp_1_A,109,medium,0.2,0.19047619047619047
PEINT,2oyp_1_A,109,long,1.0,0.5321100917431193
PEINT,2oyp_1_A,109,long,0.5,0.7037037037037037
PEINT,2oyp_1_A,109,long,0.2,0.7142857142857143
PEINT,2oyp_1_A,109,all,1.0,0.25688073394495414
PEINT,2oyp_1_A,109,all,0.5,0.4074074074074074
PEINT,2oyp_1_A,109,all,0.2,0.6190476190476191
PEINT,2p0j_1_B,196,short,1.0,0.061224489795918366
PEINT,2p0j_1_B,196,short,0.5,0.08163265306122448
PEINT,2p0j_1_B,196,short,0.2,0.05128205128205128
PEINT,2p0j_1_B,196,medium,1.0,0.05102040816326531
PEINT,2p0j_1_B,196,medium,0.5,0.08163265306122448
PEINT,2p0j_1_B,196,medium,0.2,0.05128205128205128
PEINT,2p0j_1_B,196,long,1.0,0.02040816326530612
PEINT,2p0j_1_B,196,long,0.5,0.04081632653061224
PEINT,2p0j_1_B,196,long,0.2,0.02564102564102564
PEINT,2p0j_1_B,196,all,1.0,0.05102040816326531
PEINT,2p0j_1_B,196,all,0.5,0.061224489795918366
PEINT,2p0j_1_B,196,all,0.2,0.05128205128205128
PEINT,2p25_1_B,126,short,1.0,0.3968253968253968
PEINT,2p25_1_B,126,short,0.5,0.5714285714285714
PEINT,2p25_1_B,126,short,0.2,0.48
PEINT,2p25_1_B,126,medium,1.0,0.30158730158730157
PEINT,2p25_1_B,126,medium,0.5,0.4126984126984127
PEINT,2p25_1_B,126,medium,0.2,0.52
PEINT,2p25_1_B,126,long,1.0,0.4126984126984127
PEINT,2p25_1_B,126,long,0.5,0.49206349206349204
PEINT,2p25_1_B,126,long,0.2,0.68
PEINT,2p25_1_B,126,all,1.0,0.49206349206349204
PEINT,2p25_1_B,126,all,0.5,0.5873015873015873
PEINT,2p25_1_B,126,all,0.2,0.52
PEINT,2p30_1_A,177,short,1.0,0.23728813559322035
PEINT,2p30_1_A,177,short,0.5,0.22727272727272727
PEINT,2p30_1_A,177,short,0.2,0.22857142857142856
PEINT,2p30_1_A,177,medium,1.0,0.3728813559322034
PEINT,2p30_1_A,177,medium,0.5,0.5
PEINT,2p30_1_A,177,medium,0.2,0.6857142857142857
PEINT,2p30_1_A,177,long,1.0,0.4067796610169492
PEINT,2p30_1_A,177,long,0.5,0.5
PEINT,2p30_1_A,177,long,0.2,0.6571428571428571
PEINT,2p30_1_A,177,all,1.0,0.4858757062146893
PEINT,2p30_1_A,177,all,0.5,0.5909090909090909
PEINT,2p30_1_A,177,all,0.2,0.7714285714285715
PEINT,2py6_1_A,375,short,1.0,0.128
PEINT,2py6_1_A,375,short,0.5,0.1711229946524064
PEINT,2py6_1_A,375,short,0.2,0.21333333333333335
PEINT,2py6_1_A,375,medium,1.0,0.216
PEINT,2py6_1_A,375,medium,0.5,0.24598930481283424
PEINT,2py6_1_A,375,medium,0.2,0.4266666666666667
PEINT,2py6_1_A,375,long,1.0,0.37333333333333335
PEINT,2py6_1_A,375,long,0.5,0.48128342245989303
PEINT,2py6_1_A,375,long,0.2,0.5466666666666666
PEINT,2py6_1_A,375,all,1.0,0.256
PEINT,2py6_1_A,375,all,0.5,0.3048128342245989
PEINT,2py6_1_A,375,all,0.2,0.36
PEINT,2q0x_1_B,293,short,1.0,0.04778156996587031
PEINT,2q0x_1_B,293,short,0.5,0.0547945205479452
PEINT,2q0x_1_B,293,short,0.2,0.06896551724137931
PEINT,2q0x_1_B,293,medium,1.0,0.1296928327645051
PEINT,2q0x_1_B,293,medium,0.5,0.1506849315068493
PEINT,2q0x_1_B,293,medium,0.2,0.10344827586206896
PEINT,2q0x_1_B,293,long,1.0,0.27303754266211605
PEINT,2q0x_1_B,293,long,0.5,0.3835616438356164
PEINT,2q0x_1_B,293,long,0.2,0.5862068965517241
PEINT,2q0x_1_B,293,all,1.0,0.18771331058020477
PEINT,2q0x_1_B,293,all,0.5,0.2054794520547945
PEINT,2q0x_1_B,293,all,0.2,0.20689655172413793
PEINT,2q30_1_B,105,short,1.0,0.3619047619047619
PEINT,2q30_1_B,105,short,0.5,0.6153846153846154
PEINT,2q30_1_B,105,short,0.2,0.8095238095238095
PEINT,2q30_1_B,105,medium,1.0,0.3047619047619048
PEINT,2q30_1_B,105,medium,0.5,0.3076923076923077
PEINT,2q30_1_B,105,medium,0.2,0.38095238095238093
PEINT,2q30_1_B,105,long,1.0,0.580952380952381
PEINT,2q30_1_B,105,long,0.5,0.7307692307692307
PEINT,2q30_1_B,105,long,0.2,0.9523809523809523
PEINT,2q30_1_B,105,all,1.0,0.5523809523809524
PEINT,2q30_1_B,105,all,0.5,0.6923076923076923
PEINT,2q30_1_B,105,all,0.2,0.9047619047619048
PEINT,2q4e_1_B,350,short,1.0,0.22857142857142856
PEINT,2q4e_1_B,350,short,0.5,0.2857142857142857
PEINT,2q4e_1_B,350,short,0.2,0.45714285714285713
PEINT,2q4e_1_B,350,medium,1.0,0.22857142857142856
PEINT,2q4e_1_B,350,medium,0.5,0.3028571428571429
PEINT,2q4e_1_B,350,medium,0.2,0.4857142857142857
PEINT,2q4e_1_B,350,long,1.0,0.49142857142857144
PEINT,2q4e_1_B,350,long,0.5,0.6228571428571429
PEINT,2q4e_1_B,350,long,0.2,0.7428571428571429
PEINT,2q4e_1_B,350,all,1.0,0.37714285714285717
PEINT,2q4e_1_B,350,all,0.5,0.48
PEINT,2q4e_1_B,350,all,0.2,0.5714285714285714
PEINT,2q5w_1_B,137,short,1.0,0.08759124087591241
PEINT,2q5w_1_B,137,short,0.5,0.11764705882352941
PEINT,2q5w_1_B,137,short,0.2,0.0
PEINT,2q5w_1_B,137,medium,1.0,0.10218978102189781
PEINT,2q5w_1_B,137,medium,0.5,0.08823529411764706
PEINT,2q5w_1_B,137,medium,0.2,0.14814814814814814
PEINT,2q5w_1_B,137,long,1.0,0.16058394160583941
PEINT,2q5w_1_B,137,long,0.5,0.23529411764705882
PEINT,2q5w_1_B,137,long,0.2,0.37037037037037035
PEINT,2q5w_1_B,137,all,1.0,0.11678832116788321
PEINT,2q5w_1_B,137,all,0.5,0.14705882352941177
PEINT,2q5w_1_B,137,all,0.2,0.14814814814814814
PEINT,2q7x_1_B,305,short,1.0,0.12459016393442623
PEINT,2q7x_1_B,305,short,0.5,0.13157894736842105
PEINT,2q7x_1_B,305,short,0.2,0.16393442622950818
PEINT,2q7x_1_B,305,medium,1.0,0.12459016393442623
PEINT,2q7x_1_B,305,medium,0.5,0.14473684210526316
PEINT,2q7x_1_B,305,medium,0.2,0.19672131147540983
PEINT,2q7x_1_B,305,long,1.0,0.34098360655737703
PEINT,2q7x_1_B,305,long,0.5,0.39473684210526316
PEINT,2q7x_1_B,305,long,0.2,0.6229508196721312
PEINT,2q7x_1_B,305,all,1.0,0.19672131147540983
PEINT,2q7x_1_B,305,all,0.5,0.21052631578947367
PEINT,2q7x_1_B,305,all,0.2,0.29508196721311475
PEINT,2q9j_1_A,273,short,1.0,0.2271062271062271
PEINT,2q9j_1_A,273,short,0.5,0.27941176470588236
PEINT,2q9j_1_A,273,short,0.2,0.2962962962962963
PEINT,2q9j_1_A,273,medium,1.0,0.19047619047619047
PEINT,2q9j_1_A,273,medium,0.5,0.2647058823529412
PEINT,2q9j_1_A,273,medium,0.2,0.2222222222222222
PEINT,2q9j_1_A,273,long,1.0,0.19047619047619047
PEINT,2q9j_1_A,273,long,0.5,0.22058823529411764
PEINT,2q9j_1_A,273,long,0.2,0.25925925925925924
PEINT,2q9j_1_A,273,all,1.0,0.2600732600732601
PEINT,2q9j_1_A,273,all,0.5,0.3382352941176471
PEINT,2q9j_1_A,273,all,0.2,0.2962962962962963
PEINT,2q9q_1_B,196,short,1.0,0.061224489795918366
PEINT,2q9q_1_B,196,short,0.5,0.12244897959183673
PEINT,2q9q_1_B,196,short,0.2,0.2564102564102564
PEINT,2q9q_1_B,196,medium,1.0,0.08163265306122448
PEINT,2q9q_1_B,196,medium,0.5,0.061224489795918366
PEINT,2q9q_1_B,196,medium,0.2,0.05128205128205128
PEINT,2q9q_1_B,196,long,1.0,0.061224489795918366
PEINT,2q9q_1_B,196,long,0.5,0.10204081632653061
PEINT,2q9q_1_B,196,long,0.2,0.10256410256410256
PEINT,2q9q_1_B,196,all,1.0,0.061224489795918366
PEINT,2q9q_1_B,196,all,0.5,0.12244897959183673
PEINT,2q9q_1_B,196,all,0.2,0.2564102564102564
PEINT,2qai_1_A,91,short,1.0,0.21978021978021978
PEINT,2qai_1_A,91,short,0.5,0.4
PEINT,2qai_1_A,91,short,0.2,0.5555555555555556
PEINT,2qai_1_A,91,medium,1.0,0.43956043956043955
PEINT,2qai_1_A,91,medium,0.5,0.5777777777777777
PEINT,2qai_1_A,91,medium,0.2,0.7777777777777778
PEINT,2qai_1_A,91,long,1.0,0.27472527472527475
PEINT,2qai_1_A,91,long,0.5,0.2222222222222222
PEINT,2qai_1_A,91,long,0.2,0.3333333333333333
PEINT,2qai_1_A,91,all,1.0,0.4835164835164835
PEINT,2qai_1_A,91,all,0.5,0.6222222222222222
PEINT,2qai_1_A,91,all,0.2,0.8888888888888888
PEINT,2qcu_1_A,498,short,1.0,0.18072289156626506
PEINT,2qcu_1_A,498,short,0.5,0.20080321285140562
PEINT,2qcu_1_A,498,short,0.2,0.2727272727272727
PEINT,2qcu_1_A,498,medium,1.0,0.18473895582329317
PEINT,2qcu_1_A,498,medium,0.5,0.2891566265060241
PEINT,2qcu_1_A,498,medium,0.2,0.5050505050505051
PEINT,2qcu_1_A,498,long,1.0,0.21285140562248997
PEINT,2qcu_1_A,498,long,0.5,0.2971887550200803
PEINT,2qcu_1_A,498,long,0.2,0.48484848484848486
PEINT,2qcu_1_A,498,all,1.0,0.3092369477911647
PEINT,2qcu_1_A,498,all,0.5,0.36947791164658633
PEINT,2qcu_1_A,498,all,0.2,0.47474747474747475
PEINT,2qgo_1_A,114,short,1.0,0.22807017543859648
PEINT,2qgo_1_A,114,short,0.5,0.14035087719298245
PEINT,2qgo_1_A,114,short,0.2,0.0
PEINT,2qgo_1_A,114,medium,1.0,0.21052631578947367
PEINT,2qgo_1_A,114,medium,0.5,0.21052631578947367
PEINT,2qgo_1_A,114,medium,0.2,0.5454545454545454
PEINT,2qgo_1_A,114,long,1.0,0.017543859649122806
PEINT,2qgo_1_A,114,long,0.5,0.0
PEINT,2qgo_1_A,114,long,0.2,0.0
PEINT,2qgo_1_A,114,all,1.0,0.24561403508771928
PEINT,2qgo_1_A,114,all,0.5,0.15789473684210525
PEINT,2qgo_1_A,114,all,0.2,0.0
PEINT,2qgu_1_A,179,short,1.0,0.15083798882681565
PEINT,2qgu_1_A,179,short,0.5,0.15730337078651685
PEINT,2qgu_1_A,179,short,0.2,0.2857142857142857
PEINT,2qgu_1_A,179,medium,1.0,0.2011173184357542
PEINT,2qgu_1_A,179,medium,0.5,0.29213483146067415
PEINT,2qgu_1_A,179,medium,0.2,0.17142857142857143
PEINT,2qgu_1_A,179,long,1.0,0.1787709497206704
PEINT,2qgu_1_A,179,long,0.5,0.20224719101123595
PEINT,2qgu_1_A,179,long,0.2,0.34285714285714286
PEINT,2qgu_1_A,179,all,1.0,0.1564245810055866
PEINT,2qgu_1_A,179,all,0.5,0.15730337078651685
PEINT,2qgu_1_A,179,all,0.2,0.34285714285714286
PEINT,2qiy_1_A,134,short,1.0,0.14925373134328357
PEINT,2qiy_1_A,134,short,0.5,0.208955223880597
PEINT,2qiy_1_A,134,short,0.2,0.38461538461538464
PEINT,2qiy_1_A,134,medium,1.0,0.14925373134328357
PEINT,2qiy_1_A,134,medium,0.5,0.23880597014925373
PEINT,2qiy_1_A,134,medium,0.2,0.38461538461538464
PEINT,2qiy_1_A,134,long,1.0,0.16417910447761194
PEINT,2qiy_1_A,134,long,0.5,0.1791044776119403
PEINT,2qiy_1_A,134,long,0.2,0.15384615384615385
PEINT,2qiy_1_A,134,all,1.0,0.19402985074626866
PEINT,2qiy_1_A,134,all,0.5,0.29850746268656714
PEINT,2qiy_1_A,134,all,0.2,0.46153846153846156
PEINT,2qmw_1_D,249,short,1.0,0.12048192771084337
PEINT,2qmw_1_D,249,short,0.5,0.1774193548387097
PEINT,2qmw_1_D,249,short,0.2,0.12244897959183673
PEINT,2qmw_1_D,249,medium,1.0,0.21285140562248997
PEINT,2qmw_1_D,249,medium,0.5,0.27419354838709675
PEINT,2qmw_1_D,249,medium,0.2,0.4489795918367347
PEINT,2qmw_1_D,249,long,1.0,0.27309236947791166
PEINT,2qmw_1_D,249,long,0.5,0.2903225806451613
PEINT,2qmw_1_D,249,long,0.2,0.2653061224489796
PEINT,2qmw_1_D,249,all,1.0,0.21686746987951808
PEINT,2qmw_1_D,249,all,0.5,0.2903225806451613
PEINT,2qmw_1_D,249,all,0.2,0.3469387755102041
PEINT,2qsj_1_A,120,short,1.0,0.2
PEINT,2qsj_1_A,120,short,0.5,0.26666666666666666
PEINT,2qsj_1_A,120,short,0.2,0.5
PEINT,2qsj_1_A,120,medium,1.0,0.18333333333333332
PEINT,2qsj_1_A,120,medium,0.5,0.2
PEINT,2qsj_1_A,120,medium,0.2,0.4166666666666667
PEINT,2qsj_1_A,120,long,1.0,0.4
PEINT,2qsj_1_A,120,long,0.5,0.5333333333333333
PEINT,2qsj_1_A,120,long,0.2,0.75
PEINT,2qsj_1_A,120,all,1.0,0.36666666666666664
PEINT,2qsj_1_A,120,all,0.5,0.5
PEINT,2qsj_1_A,120,all,0.2,0.6666666666666666
PEINT,2qzb_1_A,145,short,1.0,0.3103448275862069
PEINT,2qzb_1_A,145,short,0.5,0.3888888888888889
PEINT,2qzb_1_A,145,short,0.2,0.5517241379310345
PEINT,2qzb_1_A,145,medium,1.0,0.27586206896551724
PEINT,2qzb_1_A,145,medium,0.5,0.3888888888888889
PEINT,2qzb_1_A,145,medium,0.2,0.27586206896551724
PEINT,2qzb_1_A,145,long,1.0,0.23448275862068965
PEINT,2qzb_1_A,145,long,0.5,0.25
PEINT,2qzb_1_A,145,long,0.2,0.3103448275862069
PEINT,2qzb_1_A,145,all,1.0,0.31724137931034485
PEINT,2qzb_1_A,145,all,0.5,0.4444444444444444
PEINT,2qzb_1_A,145,all,0.2,0.5517241379310345
PEINT,2r47_1_B,154,short,1.0,0.05194805194805195
PEINT,2r47_1_B,154,short,0.5,0.012987012987012988
PEINT,2r47_1_B,154,short,0.2,0.0
PEINT,2r47_1_B,154,medium,1.0,0.07792207792207792
PEINT,2r47_1_B,154,medium,0.5,0.07792207792207792
PEINT,2r47_1_B,154,medium,0.2,0.2
PEINT,2r47_1_B,154,long,1.0,0.18181818181818182
PEINT,2r47_1_B,154,long,0.5,0.2857142857142857
PEINT,2r47_1_B,154,long,0.2,0.4
PEINT,2r47_1_B,154,all,1.0,0.05194805194805195
PEINT,2r47_1_B,154,all,0.5,0.0
PEINT,2r47_1_B,154,all,0.2,0.0
PEINT,2r78_1_A,114,short,1.0,0.38596491228070173
PEINT,2r78_1_A,114,short,0.5,0.543859649122807
PEINT,2r78_1_A,114,short,0.2,0.8181818181818182
PEINT,2r78_1_A,114,medium,1.0,0.42105263157894735
PEINT,2r78_1_A,114,medium,0.5,0.45614035087719296
PEINT,2r78_1_A,114,medium,0.2,0.5454545454545454
PEINT,2r78_1_A,114,long,1.0,0.38596491228070173
PEINT,2r78_1_A,114,long,0.5,0.38596491228070173
PEINT,2r78_1_A,114,long,0.2,0.5454545454545454
PEINT,2r78_1_A,114,all,1.0,0.5263157894736842
PEINT,2r78_1_A,114,all,0.5,0.6140350877192983
PEINT,2r78_1_A,114,all,0.2,0.9090909090909091
PEINT,2r7h_1_A,157,short,1.0,0.28662420382165604
PEINT,2r7h_1_A,157,short,0.5,0.41025641025641024
PEINT,2r7h_1_A,157,short,0.2,0.41935483870967744
PEINT,2r7h_1_A,157,medium,1.0,0.34394904458598724
PEINT,2r7h_1_A,157,medium,0.5,0.46153846153846156
PEINT,2r7h_1_A,157,medium,0.2,0.5806451612903226
PEINT,2r7h_1_A,157,long,1.0,0.445859872611465
PEINT,2r7h_1_A,157,long,0.5,0.5128205128205128
PEINT,2r7h_1_A,157,long,0.2,0.3870967741935484
PEINT,2r7h_1_A,157,all,1.0,0.39490445859872614
PEINT,2r7h_1_A,157,all,0.5,0.46153846153846156
PEINT,2r7h_1_A,157,all,0.2,0.41935483870967744
PEINT,2r9a_1_B,214,short,1.0,0.056074766355140186
PEINT,2r9a_1_B,214,short,0.5,0.018691588785046728
PEINT,2r9a_1_B,214,short,0.2,0.0
PEINT,2r9a_1_B,214,medium,1.0,0.037383177570093455
PEINT,2r9a_1_B,214,medium,0.5,0.056074766355140186
PEINT,2r9a_1_B,214,medium,0.2,0.047619047619047616
PEINT,2r9a_1_B,214,long,1.0,0.018691588785046728
PEINT,2r9a_1_B,214,long,0.5,0.018691588785046728
PEINT,2r9a_1_B,214,long,0.2,0.047619047619047616
PEINT,2r9a_1_B,214,all,1.0,0.056074766355140186
PEINT,2r9a_1_B,214,all,0.5,0.0
PEINT,2r9a_1_B,214,all,0.2,0.0
PEINT,2ra8_1_B,350,short,1.0,0.12
PEINT,2ra8_1_B,350,short,0.5,0.14857142857142858
PEINT,2ra8_1_B,350,short,0.2,0.2571428571428571
PEINT,2ra8_1_B,350,medium,1.0,0.25142857142857145
PEINT,2ra8_1_B,350,medium,0.5,0.2857142857142857
PEINT,2ra8_1_B,350,medium,0.2,0.37142857142857144
PEINT,2ra8_1_B,350,long,1.0,0.44
PEINT,2ra8_1_B,350,long,0.5,0.5542857142857143
PEINT,2ra8_1_B,350,long,0.2,0.6857142857142857
PEINT,2ra8_1_B,350,all,1.0,0.32
PEINT,2ra8_1_B,350,all,0.5,0.29714285714285715
PEINT,2ra8_1_B,350,all,0.2,0.42857142857142855
PEINT,2ra9_1_A,127,short,1.0,0.4251968503937008
PEINT,2ra9_1_A,127,short,0.5,0.5396825396825397
PEINT,2ra9_1_A,127,short,0.2,0.72
PEINT,2ra9_1_A,127,medium,1.0,0.11023622047244094
PEINT,2ra9_1_A,127,medium,0.5,0.12698412698412698
PEINT,2ra9_1_A,127,medium,0.2,0.16
PEINT,2ra9_1_A,127,long,1.0,0.047244094488188976
PEINT,2ra9_1_A,127,long,0.5,0.06349206349206349
PEINT,2ra9_1_A,127,long,0.2,0.16
PEINT,2ra9_1_A,127,all,1.0,0.4409448818897638
PEINT,2ra9_1_A,127,all,0.5,0.5396825396825397
PEINT,2ra9_1_A,127,all,0.2,0.72
PEINT,2ri0_1_A,234,short,1.0,0.17094017094017094
PEINT,2ri0_1_A,234,short,0.5,0.20512820512820512
PEINT,2ri0_1_A,234,short,0.2,0.30434782608695654
PEINT,2ri0_1_A,234,medium,1.0,0.08547008547008547
PEINT,2ri0_1_A,234,medium,0.5,0.07692307692307693
PEINT,2ri0_1_A,234,medium,0.2,0.13043478260869565
PEINT,2ri0_1_A,234,long,1.0,0.5470085470085471
PEINT,2ri0_1_A,234,long,0.5,0.7521367521367521
PEINT,2ri0_1_A,234,long,0.2,0.9565217391304348
PEINT,2ri0_1_A,234,all,1.0,0.4017094017094017
PEINT,2ri0_1_A,234,all,0.5,0.5470085470085471
PEINT,2ri0_1_A,234,all,0.2,0.782608695652174
PEINT,2v25_1_A,231,short,1.0,0.27705627705627706
PEINT,2v25_1_A,231,short,0.5,0.34782608695652173
PEINT,2v25_1_A,231,short,0.2,0.5217391304347826
PEINT,2v25_1_A,231,medium,1.0,0.2857142857142857
PEINT,2v25_1_A,231,medium,0.5,0.43478260869565216
PEINT,2v25_1_A,231,medium,0.2,0.43478260869565216
PEINT,2v25_1_A,231,long,1.0,0.5367965367965368
PEINT,2v25_1_A,231,long,0.5,0.7130434782608696
PEINT,2v25_1_A,231,long,0.2,0.8695652173913043
PEINT,2v25_1_A,231,all,1.0,0.48484848484848486
PEINT,2v25_1_A,231,all,0.5,0.6434782608695652
PEINT,2v25_1_A,231,all,0.2,0.8260869565217391
PEINT,2v3b_1_A,381,short,1.0,0.28608923884514437
PEINT,2v3b_1_A,381,short,0.5,0.37894736842105264
PEINT,2v3b_1_A,381,short,0.2,0.6578947368421053
PEINT,2v3b_1_A,381,medium,1.0,0.34120734908136485
PEINT,2v3b_1_A,381,medium,0.5,0.3894736842105263
PEINT,2v3b_1_A,381,medium,0.2,0.5789473684210527
PEINT,2v3b_1_A,381,long,1.0,0.4199475065616798
PEINT,2v3b_1_A,381,long,0.5,0.6210526315789474
PEINT,2v3b_1_A,381,long,0.2,0.8947368421052632
PEINT,2v3b_1_A,381,all,1.0,0.47244094488188976
PEINT,2v3b_1_A,381,all,0.5,0.6105263157894737
PEINT,2v3b_1_A,381,all,0.2,0.8157894736842105
PEINT,2vlg_1_A,93,short,1.0,0.4731182795698925
PEINT,2vlg_1_A,93,short,0.5,0.4782608695652174
PEINT,2vlg_1_A,93,short,0.2,0.8888888888888888
PEINT,2vlg_1_A,93,medium,1.0,0.40860215053763443
PEINT,2vlg_1_A,93,medium,0.5,0.5217391304347826
PEINT,2vlg_1_A,93,medium,0.2,0.4444444444444444
PEINT,2vlg_1_A,93,long,1.0,0.25806451612903225
PEINT,2vlg_1_A,93,long,0.5,0.34782608695652173
PEINT,2vlg_1_A,93,long,0.2,0.4444444444444444
PEINT,2vlg_1_A,93,all,1.0,0.46236559139784944
PEINT,2vlg_1_A,93,all,0.5,0.5652173913043478
PEINT,2vlg_1_A,93,all,0.2,0.7777777777777778
PEINT,2vxp_1_A,131,short,1.0,0.3053435114503817
PEINT,2vxp_1_A,131,short,0.5,0.38461538461538464
PEINT,2vxp_1_A,131,short,0.2,0.38461538461538464
PEINT,2vxp_1_A,131,medium,1.0,0.1984732824427481
PEINT,2vxp_1_A,131,medium,0.5,0.24615384615384617
PEINT,2vxp_1_A,131,medium,0.2,0.3076923076923077
PEINT,2vxp_1_A,131,long,1.0,0.29770992366412213
PEINT,2vxp_1_A,131,long,0.5,0.3230769230769231
PEINT,2vxp_1_A,131,long,0.2,0.46153846153846156
PEINT,2vxp_1_A,131,all,1.0,0.33587786259541985
PEINT,2vxp_1_A,131,all,0.5,0.4307692307692308
PEINT,2vxp_1_A,131,all,0.2,0.46153846153846156
PEINT,2vyi_1_A,128,short,1.0,0.140625
PEINT,2vyi_1_A,128,short,0.5,0.25
PEINT,2vyi_1_A,128,short,0.2,0.4
PEINT,2vyi_1_A,128,medium,1.0,0.25
PEINT,2vyi_1_A,128,medium,0.5,0.375
PEINT,2vyi_1_A,128,medium,0.2,0.4
PEINT,2vyi_1_A,128,long,1.0,0.359375
PEINT,2vyi_1_A,128,long,0.5,0.4375
PEINT,2vyi_1_A,128,long,0.2,0.6
PEINT,2vyi_1_A,128,all,1.0,0.265625
PEINT,2vyi_1_A,128,all,0.5,0.34375
PEINT,2vyi_1_A,128,all,0.2,0.4
PEINT,2w9m_1_A,541,short,1.0,0.18853974121996303
PEINT,2w9m_1_A,541,short,0.5,0.17777777777777778
PEINT,2w9m_1_A,541,short,0.2,0.24074074074074073
PEINT,2w9m_1_A,541,medium,1.0,0.1478743068391867
PEINT,2w9m_1_A,541,medium,0.5,0.16296296296296298
PEINT,2w9m_1_A,541,medium,0.2,0.2222222222222222
PEINT,2w9m_1_A,541,long,1.0,0.23290203327171904
PEINT,2w9m_1_A,541,long,0.5,0.34074074074074073
PEINT,2w9m_1_A,541,long,0.2,0.42592592592592593
PEINT,2w9m_1_A,541,all,1.0,0.19593345656192238
PEINT,2w9m_1_A,541,all,0.5,0.24444444444444444
PEINT,2w9m_1_A,541,all,0.2,0.35185185185185186
PEINT,2wg8_1_A,108,short,1.0,0.07407407407407407
PEINT,2wg8_1_A,108,short,0.5,0.0
PEINT,2wg8_1_A,108,short,0.2,0.0
PEINT,2wg8_1_A,108,medium,1.0,0.14814814814814814
PEINT,2wg8_1_A,108,medium,0.5,0.14814814814814814
PEINT,2wg8_1_A,108,medium,0.2,0.19047619047619047
PEINT,2wg8_1_A,108,long,1.0,0.1111111111111111
PEINT,2wg8_1_A,108,long,0.5,0.14814814814814814
PEINT,2wg8_1_A,108,long,0.2,0.2857142857142857
PEINT,2wg8_1_A,108,all,1.0,0.09259259259259259
PEINT,2wg8_1_A,108,all,0.5,0.0
PEINT,2wg8_1_A,108,all,0.2,0.0
PEINT,2wjr_1_A,204,short,1.0,0.28431372549019607
PEINT,2wjr_1_A,204,short,0.5,0.3333333333333333
PEINT,2wjr_1_A,204,short,0.2,0.45
PEINT,2wjr_1_A,204,medium,1.0,0.43137254901960786
PEINT,2wjr_1_A,204,medium,0.5,0.5490196078431373
PEINT,2wjr_1_A,204,medium,0.2,0.55
PEINT,2wjr_1_A,204,long,1.0,0.30392156862745096
PEINT,2wjr_1_A,204,long,0.5,0.4117647058823529
PEINT,2wjr_1_A,204,long,0.2,0.6
PEINT,2wjr_1_A,204,all,1.0,0.4019607843137255
PEINT,2wjr_1_A,204,all,0.5,0.39215686274509803
PEINT,2wjr_1_A,204,all,0.2,0.6
PEINT,2wnf_1_A,272,short,1.0,0.029411764705882353
PEINT,2wnf_1_A,272,short,0.5,0.029411764705882353
PEINT,2wnf_1_A,272,short,0.2,0.037037037037037035
PEINT,2wnf_1_A,272,medium,1.0,0.11764705882352941
PEINT,2wnf_1_A,272,medium,0.5,0.17647058823529413
PEINT,2wnf_1_A,272,medium,0.2,0.2222222222222222
PEINT,2wnf_1_A,272,long,1.0,0.08088235294117647
PEINT,2wnf_1_A,272,long,0.5,0.08823529411764706
PEINT,2wnf_1_A,272,long,0.2,0.1111111111111111
PEINT,2wnf_1_A,272,all,1.0,0.051470588235294115
PEINT,2wnf_1_A,272,all,0.5,0.029411764705882353
PEINT,2wnf_1_A,272,all,0.2,0.037037037037037035
PEINT,2wyq_1_B,77,short,1.0,0.16883116883116883
PEINT,2wyq_1_B,77,short,0.5,0.21052631578947367
PEINT,2wyq_1_B,77,short,0.2,0.4666666666666667
PEINT,2wyq_1_B,77,medium,1.0,0.4155844155844156
PEINT,2wyq_1_B,77,medium,0.5,0.5789473684210527
PEINT,2wyq_1_B,77,medium,0.2,0.7333333333333333
PEINT,2wyq_1_B,77,long,1.0,0.18181818181818182
PEINT,2wyq_1_B,77,long,0.5,0.3157894736842105
PEINT,2wyq_1_B,77,long,0.2,0.4
PEINT,2wyq_1_B,77,all,1.0,0.37662337662337664
PEINT,2wyq_1_B,77,all,0.5,0.5263157894736842
PEINT,2wyq_1_B,77,all,0.2,0.5333333333333333
PEINT,2xhk_1_B,217,short,1.0,0.16129032258064516
PEINT,2xhk_1_B,217,short,0.5,0.2037037037037037
PEINT,2xhk_1_B,217,short,0.2,0.32558139534883723
PEINT,2xhk_1_B,217,medium,1.0,0.11059907834101383
PEINT,2xhk_1_B,217,medium,0.5,0.14814814814814814
PEINT,2xhk_1_B,217,medium,0.2,0.16279069767441862
PEINT,2xhk_1_B,217,long,1.0,0.45161290322580644
PEINT,2xhk_1_B,217,long,0.5,0.5925925925925926
PEINT,2xhk_1_B,217,long,0.2,0.7674418604651163
PEINT,2xhk_1_B,217,all,1.0,0.2304147465437788
PEINT,2xhk_1_B,217,all,0.5,0.25925925925925924
PEINT,2xhk_1_B,217,all,0.2,0.37209302325581395
PEINT,2y0o_1_B,171,short,1.0,0.05847953216374269
PEINT,2y0o_1_B,171,short,0.5,0.07058823529411765
PEINT,2y0o_1_B,171,short,0.2,0.058823529411764705
PEINT,2y0o_1_B,171,medium,1.0,0.023391812865497075
PEINT,2y0o_1_B,171,medium,0.5,0.0
PEINT,2y0o_1_B,171,medium,0.2,0.0
PEINT,2y0o_1_B,171,long,1.0,0.3157894736842105
PEINT,2y0o_1_B,171,long,0.5,0.36470588235294116
PEINT,2y0o_1_B,171,long,0.2,0.4117647058823529
PEINT,2y0o_1_B,171,all,1.0,0.0935672514619883
PEINT,2y0o_1_B,171,all,0.5,0.09411764705882353
PEINT,2y0o_1_B,171,all,0.2,0.11764705882352941
PEINT,2y8v_1_B,279,short,1.0,0.13620071684587814
PEINT,2y8v_1_B,279,short,0.5,0.17266187050359713
PEINT,2y8v_1_B,279,short,0.2,0.03636363636363636
PEINT,2y8v_1_B,279,medium,1.0,0.0931899641577061
PEINT,2y8v_1_B,279,medium,0.5,0.14388489208633093
PEINT,2y8v_1_B,279,medium,0.2,0.21818181818181817
PEINT,2y8v_1_B,279,long,1.0,0.3154121863799283
PEINT,2y8v_1_B,279,long,0.5,0.37410071942446044
PEINT,2y8v_1_B,279,long,0.2,0.41818181818181815
PEINT,2y8v_1_B,279,all,1.0,0.2007168458781362
PEINT,2y8v_1_B,279,all,0.5,0.20863309352517986
PEINT,2y8v_1_B,279,all,0.2,0.14545454545454545
PEINT,2yb5_1_A,204,short,1.0,0.058823529411764705
PEINT,2yb5_1_A,204,short,0.5,0.058823529411764705
PEINT,2yb5_1_A,204,short,0.2,0.15
PEINT,2yb5_1_A,204,medium,1.0,0.14705882352941177
PEINT,2yb5_1_A,204,medium,0.5,0.13725490196078433
PEINT,2yb5_1_A,204,medium,0.2,0.2
PEINT,2yb5_1_A,204,long,1.0,0.06862745098039216
PEINT,2yb5_1_A,204,long,0.5,0.058823529411764705
PEINT,2yb5_1_A,204,long,0.2,0.1
PEINT,2yb5_1_A,204,all,1.0,0.0784313725490196
PEINT,2yb5_1_A,204,all,0.5,0.058823529411764705
PEINT,2yb5_1_A,204,all,0.2,0.15
PEINT,2yev_1_B,319,short,1.0,0.15047021943573669
PEINT,2yev_1_B,319,short,0.5,0.18867924528301888
PEINT,2yev_1_B,319,short,0.2,0.25396825396825395
PEINT,2yev_1_B,319,medium,1.0,0.20689655172413793
PEINT,2yev_1_B,319,medium,0.5,0.27672955974842767
PEINT,2yev_1_B,319,medium,0.2,0.4444444444444444
PEINT,2yev_1_B,319,long,1.0,0.3761755485893417
PEINT,2yev_1_B,319,long,0.5,0.48427672955974843
PEINT,2yev_1_B,319,long,0.2,0.7619047619047619
PEINT,2yev_1_B,319,all,1.0,0.31974921630094044
PEINT,2yev_1_B,319,all,0.5,0.4025157232704403
PEINT,2yev_1_B,319,all,0.2,0.49206349206349204
PEINT,2yh6_1_A,109,short,1.0,0.1743119266055046
PEINT,2yh6_1_A,109,short,0.5,0.18518518518518517
PEINT,2yh6_1_A,109,short,0.2,0.19047619047619047
PEINT,2yh6_1_A,109,medium,1.0,0.3669724770642202
PEINT,2yh6_1_A,109,medium,0.5,0.5925925925925926
PEINT,2yh6_1_A,109,medium,0.2,0.8095238095238095
PEINT,2yh6_1_A,109,long,1.0,0.3394495412844037
PEINT,2yh6_1_A,109,long,0.5,0.4444444444444444
PEINT,2yh6_1_A,109,long,0.2,0.7619047619047619
PEINT,2yh6_1_A,109,all,1.0,0.30275229357798167
PEINT,2yh6_1_A,109,all,0.5,0.25925925925925924
PEINT,2yh6_1_A,109,all,0.2,0.38095238095238093
PEINT,2yj4_1_A,248,short,1.0,0.14516129032258066
PEINT,2yj4_1_A,248,short,0.5,0.16129032258064516
PEINT,2yj4_1_A,248,short,0.2,0.12244897959183673
PEINT,2yj4_1_A,248,medium,1.0,0.3064516129032258
PEINT,2yj4_1_A,248,medium,0.5,0.3870967741935484
PEINT,2yj4_1_A,248,medium,0.2,0.40816326530612246
PEINT,2yj4_1_A,248,long,1.0,0.33064516129032256
PEINT,2yj4_1_A,248,long,0.5,0.45161290322580644
PEINT,2yj4_1_A,248,long,0.2,0.4489795918367347
PEINT,2yj4_1_A,248,all,1.0,0.25
PEINT,2yj4_1_A,248,all,0.5,0.3064516129032258
PEINT,2yj4_1_A,248,all,0.2,0.16326530612244897
PEINT,2yjz_1_A,174,short,1.0,0.1839080459770115
PEINT,2yjz_1_A,174,short,0.5,0.22988505747126436
PEINT,2yjz_1_A,174,short,0.2,0.29411764705882354
PEINT,2yjz_1_A,174,medium,1.0,0.3103448275862069
PEINT,2yjz_1_A,174,medium,0.5,0.41379310344827586
PEINT,2yjz_1_A,174,medium,0.2,0.5294117647058824
PEINT,2yjz_1_A,174,long,1.0,0.47126436781609193
PEINT,2yjz_1_A,174,long,0.5,0.6896551724137931
PEINT,2yjz_1_A,174,long,0.2,0.7647058823529411
PEINT,2yjz_1_A,174,all,1.0,0.3448275862068966
PEINT,2yjz_1_A,174,all,0.5,0.39080459770114945
PEINT,2yjz_1_A,174,all,0.2,0.6470588235294118
PEINT,2zc3_1_A,158,short,1.0,0.25316455696202533
PEINT,2zc3_1_A,158,short,0.5,0.3037974683544304
PEINT,2zc3_1_A,158,short,0.2,0.3548387096774194
PEINT,2zc3_1_A,158,medium,1.0,0.25316455696202533
PEINT,2zc3_1_A,158,medium,0.5,0.3924050632911392
PEINT,2zc3_1_A,158,medium,0.2,0.5161290322580645
PEINT,2zc3_1_A,158,long,1.0,0.2911392405063291
PEINT,2zc3_1_A,158,long,0.5,0.3924050632911392
PEINT,2zc3_1_A,158,long,0.2,0.5483870967741935
PEINT,2zc3_1_A,158,all,1.0,0.3037974683544304
PEINT,2zc3_1_A,158,all,0.5,0.4050632911392405
PEINT,2zc3_1_A,158,all,0.2,0.45161290322580644
PEINT,2zca_1_A,156,short,1.0,0.038461538461538464
PEINT,2zca_1_A,156,short,0.5,0.07692307692307693
PEINT,2zca_1_A,156,short,0.2,0.0
PEINT,2zca_1_A,156,medium,1.0,0.05128205128205128
PEINT,2zca_1_A,156,medium,0.5,0.02564102564102564
PEINT,2zca_1_A,156,medium,0.2,0.06451612903225806
PEINT,2zca_1_A,156,long,1.0,0.02564102564102564
PEINT,2zca_1_A,156,long,0.5,0.02564102564102564
PEINT,2zca_1_A,156,long,0.2,0.0
PEINT,2zca_1_A,156,all,1.0,0.05128205128205128
PEINT,2zca_1_A,156,all,0.5,0.10256410256410256
PEINT,2zca_1_A,156,all,0.2,0.0
PEINT,3a45_1_A,288,short,1.0,0.11805555555555555
PEINT,3a45_1_A,288,short,0.5,0.1388888888888889
PEINT,3a45_1_A,288,short,0.2,0.24561403508771928
PEINT,3a45_1_A,288,medium,1.0,0.2152777777777778
PEINT,3a45_1_A,288,medium,0.5,0.3055555555555556
PEINT,3a45_1_A,288,medium,0.2,0.43859649122807015
PEINT,3a45_1_A,288,long,1.0,0.22916666666666666
PEINT,3a45_1_A,288,long,0.5,0.3194444444444444
PEINT,3a45_1_A,288,long,0.2,0.3157894736842105
PEINT,3a45_1_A,288,all,1.0,0.1875
PEINT,3a45_1_A,288,all,0.5,0.2777777777777778
PEINT,3a45_1_A,288,all,0.2,0.2982456140350877
PEINT,3afm_1_A,258,short,1.0,0.24806201550387597
PEINT,3afm_1_A,258,short,0.5,0.37209302325581395
PEINT,3afm_1_A,258,short,0.2,0.45098039215686275
PEINT,3afm_1_A,258,medium,1.0,0.29457364341085274
PEINT,3afm_1_A,258,medium,0.5,0.4806201550387597
PEINT,3afm_1_A,258,medium,0.2,0.6862745098039216
PEINT,3afm_1_A,258,long,1.0,0.6589147286821705
PEINT,3afm_1_A,258,long,0.5,0.7984496124031008
PEINT,3afm_1_A,258,long,0.2,0.8431372549019608
PEINT,3afm_1_A,258,all,1.0,0.6124031007751938
PEINT,3afm_1_A,258,all,0.5,0.7054263565891473
PEINT,3afm_1_A,258,all,0.2,0.8431372549019608
PEINT,3aqj_1_A,117,short,1.0,0.29914529914529914
PEINT,3aqj_1_A,117,short,0.5,0.3793103448275862
PEINT,3aqj_1_A,117,short,0.2,0.6086956521739131
PEINT,3aqj_1_A,117,medium,1.0,0.13675213675213677
PEINT,3aqj_1_A,117,medium,0.5,0.2413793103448276
PEINT,3aqj_1_A,117,medium,0.2,0.34782608695652173
PEINT,3aqj_1_A,117,long,1.0,0.0
PEINT,3aqj_1_A,117,long,0.5,0.0
PEINT,3aqj_1_A,117,long,0.2,0.0
PEINT,3aqj_1_A,117,all,1.0,0.3076923076923077
PEINT,3aqj_1_A,117,all,0.5,0.3793103448275862
PEINT,3aqj_1_A,117,all,0.2,0.6086956521739131
PEINT,3b09_1_B,65,short,1.0,0.0
PEINT,3b09_1_B,65,short,0.5,0.0
PEINT,3b09_1_B,65,short,0.2,0.0
PEINT,3b09_1_B,65,medium,1.0,0.0
PEINT,3b09_1_B,65,medium,0.5,0.0
PEINT,3b09_1_B,65,medium,0.2,0.0
PEINT,3b09_1_B,65,long,1.0,0.0
PEINT,3b09_1_B,65,long,0.5,0.0
PEINT,3b09_1_B,65,long,0.2,0.0
PEINT,3b09_1_B,65,all,1.0,0.0
PEINT,3b09_1_B,65,all,0.5,0.0
PEINT,3b09_1_B,65,all,0.2,0.0
PEINT,3b4u_1_A,287,short,1.0,0.17421602787456447
PEINT,3b4u_1_A,287,short,0.5,0.27972027972027974
PEINT,3b4u_1_A,287,short,0.2,0.45614035087719296
PEINT,3b4u_1_A,287,medium,1.0,0.27177700348432055
PEINT,3b4u_1_A,287,medium,0.5,0.3776223776223776
PEINT,3b4u_1_A,287,medium,0.2,0.47368421052631576
PEINT,3b4u_1_A,287,long,1.0,0.5261324041811847
PEINT,3b4u_1_A,287,long,0.5,0.6993006993006993
PEINT,3b4u_1_A,287,long,0.2,0.9122807017543859
PEINT,3b4u_1_A,287,all,1.0,0.5017421602787456
PEINT,3b4u_1_A,287,all,0.5,0.6713286713286714
PEINT,3b4u_1_A,287,all,0.2,0.8070175438596491
PEINT,3b73_1_A,88,short,1.0,0.38636363636363635
PEINT,3b73_1_A,88,short,0.5,0.36363636363636365
PEINT,3b73_1_A,88,short,0.2,0.5882352941176471
PEINT,3b73_1_A,88,medium,1.0,0.29545454545454547
PEINT,3b73_1_A,88,medium,0.5,0.5
PEINT,3b73_1_A,88,medium,0.2,0.7647058823529411
PEINT,3b73_1_A,88,long,1.0,0.29545454545454547
PEINT,3b73_1_A,88,long,0.5,0.5
PEINT,3b73_1_A,88,long,0.2,0.8823529411764706
PEINT,3b73_1_A,88,all,1.0,0.5681818181818182
PEINT,3b73_1_A,88,all,0.5,0.6363636363636364
PEINT,3b73_1_A,88,all,0.2,0.5294117647058824
PEINT,3b77_1_A,188,short,1.0,0.1595744680851064
PEINT,3b77_1_A,188,short,0.5,0.23404255319148937
PEINT,3b77_1_A,188,short,0.2,0.1891891891891892
PEINT,3b77_1_A,188,medium,1.0,0.22340425531914893
PEINT,3b77_1_A,188,medium,0.5,0.2553191489361702
PEINT,3b77_1_A,188,medium,0.2,0.21621621621621623
PEINT,3b77_1_A,188,long,1.0,0.031914893617021274
PEINT,3b77_1_A,188,long,0.5,0.02127659574468085
PEINT,3b77_1_A,188,long,0.2,0.0
PEINT,3b77_1_A,188,all,1.0,0.18085106382978725
PEINT,3b77_1_A,188,all,0.5,0.23404255319148937
PEINT,3b77_1_A,188,all,0.2,0.16216216216216217
PEINT,3bdw_1_B,116,short,1.0,0.1896551724137931
PEINT,3bdw_1_B,116,short,0.5,0.2413793103448276
PEINT,3bdw_1_B,116,short,0.2,0.30434782608695654
PEINT,3bdw_1_B,116,medium,1.0,0.1206896551724138
PEINT,3bdw_1_B,116,medium,0.5,0.1724137931034483
PEINT,3bdw_1_B,116,medium,0.2,0.08695652173913043
PEINT,3bdw_1_B,116,long,1.0,0.13793103448275862
PEINT,3bdw_1_B,116,long,0.5,0.1724137931034483
PEINT,3bdw_1_B,116,long,0.2,0.21739130434782608
PEINT,3bdw_1_B,116,all,1.0,0.1724137931034483
PEINT,3bdw_1_B,116,all,0.5,0.2413793103448276
PEINT,3bdw_1_B,116,all,0.2,0.2608695652173913
PEINT,3bgh_1_B,186,short,1.0,0.043010752688172046
PEINT,3bgh_1_B,186,short,0.5,0.043010752688172046
PEINT,3bgh_1_B,186,short,0.2,0.05405405405405406
PEINT,3bgh_1_B,186,medium,1.0,0.07526881720430108
PEINT,3bgh_1_B,186,medium,0.5,0.06451612903225806
PEINT,3bgh_1_B,186,medium,0.2,0.16216216216216217
PEINT,3bgh_1_B,186,long,1.0,0.1935483870967742
PEINT,3bgh_1_B,186,long,0.5,0.23655913978494625
PEINT,3bgh_1_B,186,long,0.2,0.35135135135135137
PEINT,3bgh_1_B,186,all,1.0,0.06451612903225806
PEINT,3bgh_1_B,186,all,0.5,0.06451612903225806
PEINT,3bgh_1_B,186,all,0.2,0.05405405405405406
PEINT,3but_1_B,125,short,1.0,0.112
PEINT,3but_1_B,125,short,0.5,0.12903225806451613
PEINT,3but_1_B,125,short,0.2,0.08
PEINT,3but_1_B,125,medium,1.0,0.24
PEINT,3but_1_B,125,medium,0.5,0.3870967741935484
PEINT,3but_1_B,125,medium,0.2,0.64
PEINT,3but_1_B,125,long,1.0,0.432
PEINT,3but_1_B,125,long,0.5,0.7096774193548387
PEINT,3but_1_B,125,long,0.2,0.84
PEINT,3but_1_B,125,all,1.0,0.336
PEINT,3but_1_B,125,all,0.5,0.45161290322580644
PEINT,3but_1_B,125,all,0.2,0.44
PEINT,3c97_1_B,120,short,1.0,0.25
PEINT,3c97_1_B,120,short,0.5,0.4
PEINT,3c97_1_B,120,short,0.2,0.4166666666666667
PEINT,3c97_1_B,120,medium,1.0,0.26666666666666666
PEINT,3c97_1_B,120,medium,0.5,0.43333333333333335
PEINT,3c97_1_B,120,medium,0.2,0.5
PEINT,3c97_1_B,120,long,1.0,0.35
PEINT,3c97_1_B,120,long,0.5,0.4666666666666667
PEINT,3c97_1_B,120,long,0.2,0.6666666666666666
PEINT,3c97_1_B,120,all,1.0,0.4
PEINT,3c97_1_B,120,all,0.5,0.5
PEINT,3c97_1_B,120,all,0.2,0.6666666666666666
PEINT,3cb0_1_B,162,short,1.0,0.30864197530864196
PEINT,3cb0_1_B,162,short,0.5,0.41975308641975306
PEINT,3cb0_1_B,162,short,0.2,0.5625
PEINT,3cb0_1_B,162,medium,1.0,0.32098765432098764
PEINT,3cb0_1_B,162,medium,0.5,0.5185185185185185
PEINT,3cb0_1_B,162,medium,0.2,0.625
PEINT,3cb0_1_B,162,long,1.0,0.25925925925925924
PEINT,3cb0_1_B,162,long,0.5,0.345679012345679
PEINT,3cb0_1_B,162,long,0.2,0.5625
PEINT,3cb0_1_B,162,all,1.0,0.49382716049382713
PEINT,3cb0_1_B,162,all,0.5,0.5679012345679012
PEINT,3cb0_1_B,162,all,0.2,0.6875
PEINT,3ci9_1_B,45,short,1.0,0.0
PEINT,3ci9_1_B,45,short,0.5,0.0
PEINT,3ci9_1_B,45,short,0.2,0.0
PEINT,3ci9_1_B,45,medium,1.0,0.0
PEINT,3ci9_1_B,45,medium,0.5,0.0
PEINT,3ci9_1_B,45,medium,0.2,0.0
PEINT,3ci9_1_B,45,long,1.0,0.0
PEINT,3ci9_1_B,45,long,0.5,0.0
PEINT,3ci9_1_B,45,long,0.2,0.0
PEINT,3ci9_1_B,45,all,1.0,0.0
PEINT,3ci9_1_B,45,all,0.5,0.0
PEINT,3ci9_1_B,45,all,0.2,0.0
PEINT,3cok_1_A,234,short,1.0,0.19658119658119658
PEINT,3cok_1_A,234,short,0.5,0.18803418803418803
PEINT,3cok_1_A,234,short,0.2,0.21739130434782608
PEINT,3cok_1_A,234,medium,1.0,0.2222222222222222
PEINT,3cok_1_A,234,medium,0.5,0.23076923076923078
PEINT,3cok_1_A,234,medium,0.2,0.30434782608695654
PEINT,3cok_1_A,234,long,1.0,0.17094017094017094
PEINT,3cok_1_A,234,long,0.5,0.23931623931623933
PEINT,3cok_1_A,234,long,0.2,0.30434782608695654
PEINT,3cok_1_A,234,all,1.0,0.2564102564102564
PEINT,3cok_1_A,234,all,0.5,0.2222222222222222
PEINT,3cok_1_A,234,all,0.2,0.2608695652173913
PEINT,3cp3_1_B,127,short,1.0,0.23622047244094488
PEINT,3cp3_1_B,127,short,0.5,0.25396825396825395
PEINT,3cp3_1_B,127,short,0.2,0.44
PEINT,3cp3_1_B,127,medium,1.0,0.3464566929133858
PEINT,3cp3_1_B,127,medium,0.5,0.4444444444444444
PEINT,3cp3_1_B,127,medium,0.2,0.52
PEINT,3cp3_1_B,127,long,1.0,0.2204724409448819
PEINT,3cp3_1_B,127,long,0.5,0.2857142857142857
PEINT,3cp3_1_B,127,long,0.2,0.52
PEINT,3cp3_1_B,127,all,1.0,0.36220472440944884
PEINT,3cp3_1_B,127,all,0.5,0.38095238095238093
PEINT,3cp3_1_B,127,all,0.2,0.44
PEINT,3cs1_1_A,191,short,1.0,0.08376963350785341
PEINT,3cs1_1_A,191,short,0.5,0.10526315789473684
PEINT,3cs1_1_A,191,short,0.2,0.10526315789473684
PEINT,3cs1_1_A,191,medium,1.0,0.05235602094240838
PEINT,3cs1_1_A,191,medium,0.5,0.021052631578947368
PEINT,3cs1_1_A,191,medium,0.2,0.05263157894736842
PEINT,3cs1_1_A,191,long,1.0,0.07329842931937172
PEINT,3cs1_1_A,191,long,0.5,0.08421052631578947
PEINT,3cs1_1_A,191,long,0.2,0.10526315789473684
PEINT,3cs1_1_A,191,all,1.0,0.08376963350785341
PEINT,3cs1_1_A,191,all,0.5,0.10526315789473684
PEINT,3cs1_1_A,191,all,0.2,0.10526315789473684
PEINT,3cw3_1_A,93,short,1.0,0.15053763440860216
PEINT,3cw3_1_A,93,short,0.5,0.17391304347826086
PEINT,3cw3_1_A,93,short,0.2,0.2222222222222222
PEINT,3cw3_1_A,93,medium,1.0,0.10752688172043011
PEINT,3cw3_1_A,93,medium,0.5,0.13043478260869565
PEINT,3cw3_1_A,93,medium,0.2,0.1111111111111111
PEINT,3cw3_1_A,93,long,1.0,0.043010752688172046
PEINT,3cw3_1_A,93,long,0.5,0.08695652173913043
PEINT,3cw3_1_A,93,long,0.2,0.1111111111111111
PEINT,3cw3_1_A,93,all,1.0,0.17204301075268819
PEINT,3cw3_1_A,93,all,0.5,0.17391304347826086
PEINT,3cw3_1_A,93,all,0.2,0.2222222222222222
PEINT,3d7j_1_C,135,short,1.0,0.14814814814814814
PEINT,3d7j_1_C,135,short,0.5,0.14925373134328357
PEINT,3d7j_1_C,135,short,0.2,0.2222222222222222
PEINT,3d7j_1_C,135,medium,1.0,0.26666666666666666
PEINT,3d7j_1_C,135,medium,0.5,0.417910447761194
PEINT,3d7j_1_C,135,medium,0.2,0.7037037037037037
PEINT,3d7j_1_C,135,long,1.0,0.362962962962963
PEINT,3d7j_1_C,135,long,0.5,0.5223880597014925
PEINT,3d7j_1_C,135,long,0.2,0.6666666666666666
PEINT,3d7j_1_C,135,all,1.0,0.3851851851851852
PEINT,3d7j_1_C,135,all,0.5,0.417910447761194
PEINT,3d7j_1_C,135,all,0.2,0.4444444444444444
PEINT,3d89_1_A,136,short,1.0,0.5294117647058824
PEINT,3d89_1_A,136,short,0.5,0.6764705882352942
PEINT,3d89_1_A,136,short,0.2,0.8518518518518519
PEINT,3d89_1_A,136,medium,1.0,0.47058823529411764
PEINT,3d89_1_A,136,medium,0.5,0.5
PEINT,3d89_1_A,136,medium,0.2,0.6296296296296297
PEINT,3d89_1_A,136,long,1.0,0.27941176470588236
PEINT,3d89_1_A,136,long,0.5,0.4411764705882353
PEINT,3d89_1_A,136,long,0.2,0.5925925925925926
PEINT,3d89_1_A,136,all,1.0,0.6470588235294118
PEINT,3d89_1_A,136,all,0.5,0.7058823529411765
PEINT,3d89_1_A,136,all,0.2,0.7777777777777778
PEINT,3db0_1_C,116,short,1.0,0.22413793103448276
PEINT,3db0_1_C,116,short,0.5,0.1724137931034483
PEINT,3db0_1_C,116,short,0.2,0.21739130434782608
PEINT,3db0_1_C,116,medium,1.0,0.25862068965517243
PEINT,3db0_1_C,116,medium,0.5,0.27586206896551724
PEINT,3db0_1_C,116,medium,0.2,0.43478260869565216
PEINT,3db0_1_C,116,long,1.0,0.39655172413793105
PEINT,3db0_1_C,116,long,0.5,0.5517241379310345
PEINT,3db0_1_C,116,long,0.2,0.6086956521739131
PEINT,3db0_1_C,116,all,1.0,0.3103448275862069
PEINT,3db0_1_C,116,all,0.5,0.3448275862068966
PEINT,3db0_1_C,116,all,0.2,0.30434782608695654
PEINT,3dl3_1_A,96,short,1.0,0.125
PEINT,3dl3_1_A,96,short,0.5,0.16666666666666666
PEINT,3dl3_1_A,96,short,0.2,0.10526315789473684
PEINT,3dl3_1_A,96,medium,1.0,0.10416666666666667
PEINT,3dl3_1_A,96,medium,0.5,0.16666666666666666
PEINT,3dl3_1_A,96,medium,0.2,0.42105263157894735
PEINT,3dl3_1_A,96,long,1.0,0.22916666666666666
PEINT,3dl3_1_A,96,long,0.5,0.375
PEINT,3dl3_1_A,96,long,0.2,0.42105263157894735
PEINT,3dl3_1_A,96,all,1.0,0.2916666666666667
PEINT,3dl3_1_A,96,all,0.5,0.2916666666666667
PEINT,3dl3_1_A,96,all,0.2,0.5263157894736842
PEINT,3dml_1_A,95,short,1.0,0.21052631578947367
PEINT,3dml_1_A,95,short,0.5,0.2978723404255319
PEINT,3dml_1_A,95,short,0.2,0.3157894736842105
PEINT,3dml_1_A,95,medium,1.0,0.25263157894736843
PEINT,3dml_1_A,95,medium,0.5,0.3829787234042553
PEINT,3dml_1_A,95,medium,0.2,0.42105263157894735
PEINT,3dml_1_A,95,long,1.0,0.49473684210526314
PEINT,3dml_1_A,95,long,0.5,0.6595744680851063
PEINT,3dml_1_A,95,long,0.2,0.8421052631578947
PEINT,3dml_1_A,95,all,1.0,0.4421052631578947
PEINT,3dml_1_A,95,all,0.5,0.5531914893617021
PEINT,3dml_1_A,95,all,0.2,0.5789473684210527
PEINT,3e23_1_A,198,short,1.0,0.26262626262626265
PEINT,3e23_1_A,198,short,0.5,0.32323232323232326
PEINT,3e23_1_A,198,short,0.2,0.41025641025641024
PEINT,3e23_1_A,198,medium,1.0,0.32323232323232326
PEINT,3e23_1_A,198,medium,0.5,0.40404040404040403
PEINT,3e23_1_A,198,medium,0.2,0.5384615384615384
PEINT,3e23_1_A,198,long,1.0,0.5151515151515151
PEINT,3e23_1_A,198,long,0.5,0.5858585858585859
PEINT,3e23_1_A,198,long,0.2,0.7435897435897436
PEINT,3e23_1_A,198,all,1.0,0.4444444444444444
PEINT,3e23_1_A,198,all,0.5,0.5151515151515151
PEINT,3e23_1_A,198,all,0.2,0.7948717948717948
PEINT,3e3c_1_A,118,short,1.0,0.1864406779661017
PEINT,3e3c_1_A,118,short,0.5,0.13559322033898305
PEINT,3e3c_1_A,118,short,0.2,0.13043478260869565
PEINT,3e3c_1_A,118,medium,1.0,0.2033898305084746
PEINT,3e3c_1_A,118,medium,0.5,0.13559322033898305
PEINT,3e3c_1_A,118,medium,0.2,0.17391304347826086
PEINT,3e3c_1_A,118,long,1.0,0.01694915254237288
PEINT,3e3c_1_A,118,long,0.5,0.03389830508474576
PEINT,3e3c_1_A,118,long,0.2,0.08695652173913043
PEINT,3e3c_1_A,118,all,1.0,0.1864406779661017
PEINT,3e3c_1_A,118,all,0.5,0.13559322033898305
PEINT,3e3c_1_A,118,all,0.2,0.17391304347826086
PEINT,3e4r_1_A,290,short,1.0,0.20689655172413793
PEINT,3e4r_1_A,290,short,0.5,0.2896551724137931
PEINT,3e4r_1_A,290,short,0.2,0.3793103448275862
PEINT,3e4r_1_A,290,medium,1.0,0.15862068965517243
PEINT,3e4r_1_A,290,medium,0.5,0.18620689655172415
PEINT,3e4r_1_A,290,medium,0.2,0.2413793103448276
PEINT,3e4r_1_A,290,long,1.0,0.43448275862068964
PEINT,3e4r_1_A,290,long,0.5,0.5655172413793104
PEINT,3e4r_1_A,290,long,0.2,0.7586206896551724
PEINT,3e4r_1_A,290,all,1.0,0.33793103448275863
PEINT,3e4r_1_A,290,all,0.5,0.45517241379310347
PEINT,3e4r_1_A,290,all,0.2,0.5517241379310345
PEINT,3e5z_1_A,290,short,1.0,0.6137931034482759
PEINT,3e5z_1_A,290,short,0.5,0.6689655172413793
PEINT,3e5z_1_A,290,short,0.2,0.8620689655172413
PEINT,3e5z_1_A,290,medium,1.0,0.4482758620689655
PEINT,3e5z_1_A,290,medium,0.5,0.45517241379310347
PEINT,3e5z_1_A,290,medium,0.2,0.4827586206896552
PEINT,3e5z_1_A,290,long,1.0,0.45517241379310347
PEINT,3e5z_1_A,290,long,0.5,0.5655172413793104
PEINT,3e5z_1_A,290,long,0.2,0.6896551724137931
PEINT,3e5z_1_A,290,all,1.0,0.6482758620689655
PEINT,3e5z_1_A,290,all,0.5,0.7448275862068966
PEINT,3e5z_1_A,290,all,0.2,0.8620689655172413
PEINT,3e6p_1_B,114,short,1.0,0.14035087719298245
PEINT,3e6p_1_B,114,short,0.5,0.10526315789473684
PEINT,3e6p_1_B,114,short,0.2,0.09090909090909091
PEINT,3e6p_1_B,114,medium,1.0,0.05263157894736842
PEINT,3e6p_1_B,114,medium,0.5,0.10526315789473684
PEINT,3e6p_1_B,114,medium,0.2,0.18181818181818182
PEINT,3e6p_1_B,114,long,1.0,0.14035087719298245
PEINT,3e6p_1_B,114,long,0.5,0.17543859649122806
PEINT,3e6p_1_B,114,long,0.2,0.36363636363636365
PEINT,3e6p_1_B,114,all,1.0,0.14035087719298245
PEINT,3e6p_1_B,114,all,0.5,0.21052631578947367
PEINT,3e6p_1_B,114,all,0.2,0.36363636363636365
PEINT,3ea0_1_A,240,short,1.0,0.11666666666666667
PEINT,3ea0_1_A,240,short,0.5,0.11666666666666667
PEINT,3ea0_1_A,240,short,0.2,0.125
PEINT,3ea0_1_A,240,medium,1.0,0.1
PEINT,3ea0_1_A,240,medium,0.5,0.13333333333333333
PEINT,3ea0_1_A,240,medium,0.2,0.25
PEINT,3ea0_1_A,240,long,1.0,0.38333333333333336
PEINT,3ea0_1_A,240,long,0.5,0.5666666666666667
PEINT,3ea0_1_A,240,long,0.2,0.75
PEINT,3ea0_1_A,240,all,1.0,0.23333333333333334
PEINT,3ea0_1_A,240,all,0.5,0.23333333333333334
PEINT,3ea0_1_A,240,all,0.2,0.375
PEINT,3egw_1_C,224,short,1.0,0.026785714285714284
PEINT,3egw_1_C,224,short,0.5,0.017857142857142856
PEINT,3egw_1_C,224,short,0.2,0.045454545454545456
PEINT,3egw_1_C,224,medium,1.0,0.0
PEINT,3egw_1_C,224,medium,0.5,0.0
PEINT,3egw_1_C,224,medium,0.2,0.0
PEINT,3egw_1_C,224,long,1.0,0.026785714285714284
PEINT,3egw_1_C,224,long,0.5,0.0
PEINT,3egw_1_C,224,long,0.2,0.0
PEINT,3egw_1_C,224,all,1.0,0.026785714285714284
PEINT,3egw_1_C,224,all,0.5,0.017857142857142856
PEINT,3egw_1_C,224,all,0.2,0.045454545454545456
PEINT,3f0h_1_B,361,short,1.0,0.18282548476454294
PEINT,3f0h_1_B,361,short,0.5,0.2111111111111111
PEINT,3f0h_1_B,361,short,0.2,0.2777777777777778
PEINT,3f0h_1_B,361,medium,1.0,0.2770083102493075
PEINT,3f0h_1_B,361,medium,0.5,0.36666666666666664
PEINT,3f0h_1_B,361,medium,0.2,0.4444444444444444
PEINT,3f0h_1_B,361,long,1.0,0.48753462603878117
PEINT,3f0h_1_B,361,long,0.5,0.5888888888888889
PEINT,3f0h_1_B,361,long,0.2,0.7777777777777778
PEINT,3f0h_1_B,361,all,1.0,0.3518005540166205
PEINT,3f0h_1_B,361,all,0.5,0.4666666666666667
PEINT,3f0h_1_B,361,all,0.2,0.5277777777777778
PEINT,3fdi_1_C,161,short,1.0,0.16149068322981366
PEINT,3fdi_1_C,161,short,0.5,0.2
PEINT,3fdi_1_C,161,short,0.2,0.25
PEINT,3fdi_1_C,161,medium,1.0,0.09937888198757763
PEINT,3fdi_1_C,161,medium,0.5,0.1
PEINT,3fdi_1_C,161,medium,0.2,0.25
PEINT,3fdi_1_C,161,long,1.0,0.33540372670807456
PEINT,3fdi_1_C,161,long,0.5,0.5
PEINT,3fdi_1_C,161,long,0.2,0.6875
PEINT,3fdi_1_C,161,all,1.0,0.2484472049689441
PEINT,3fdi_1_C,161,all,0.5,0.35
PEINT,3fdi_1_C,161,all,0.2,0.375
PEINT,3fdr_1_A,89,short,1.0,0.11235955056179775
PEINT,3fdr_1_A,89,short,0.5,0.13636363636363635
PEINT,3fdr_1_A,89,short,0.2,0.17647058823529413
PEINT,3fdr_1_A,89,medium,1.0,0.24719101123595505
PEINT,3fdr_1_A,89,medium,0.5,0.3181818181818182
PEINT,3fdr_1_A,89,medium,0.2,0.47058823529411764
PEINT,3fdr_1_A,89,long,1.0,0.1797752808988764
PEINT,3fdr_1_A,89,long,0.5,0.22727272727272727
PEINT,3fdr_1_A,89,long,0.2,0.11764705882352941
PEINT,3fdr_1_A,89,all,1.0,0.16853932584269662
PEINT,3fdr_1_A,89,all,0.5,0.22727272727272727
PEINT,3fdr_1_A,89,all,0.2,0.23529411764705882
PEINT,3flo_1_A,433,short,1.0,0.08314087759815242
PEINT,3flo_1_A,433,short,0.5,0.07407407407407407
PEINT,3flo_1_A,433,short,0.2,0.046511627906976744
PEINT,3flo_1_A,433,medium,1.0,0.14780600461893764
PEINT,3flo_1_A,433,medium,0.5,0.16666666666666666
PEINT,3flo_1_A,433,medium,0.2,0.2558139534883721
PEINT,3flo_1_A,433,long,1.0,0.22632794457274827
PEINT,3flo_1_A,433,long,0.5,0.3055555555555556
PEINT,3flo_1_A,433,long,0.2,0.4186046511627907
PEINT,3flo_1_A,433,all,1.0,0.15011547344110854
PEINT,3flo_1_A,433,all,0.5,0.1388888888888889
PEINT,3flo_1_A,433,all,0.2,0.16279069767441862
PEINT,3fmi_1_A,230,short,1.0,0.13043478260869565
PEINT,3fmi_1_A,230,short,0.5,0.1391304347826087
PEINT,3fmi_1_A,230,short,0.2,0.17391304347826086
PEINT,3fmi_1_A,230,medium,1.0,0.1565217391304348
PEINT,3fmi_1_A,230,medium,0.5,0.2608695652173913
PEINT,3fmi_1_A,230,medium,0.2,0.34782608695652173
PEINT,3fmi_1_A,230,long,1.0,0.4260869565217391
PEINT,3fmi_1_A,230,long,0.5,0.48695652173913045
PEINT,3fmi_1_A,230,long,0.2,0.6521739130434783
PEINT,3fmi_1_A,230,all,1.0,0.28695652173913044
PEINT,3fmi_1_A,230,all,0.5,0.34782608695652173
PEINT,3fmi_1_A,230,all,0.2,0.391304347826087
PEINT,3fro_1_C,439,short,1.0,0.16856492027334852
PEINT,3fro_1_C,439,short,0.5,0.182648401826484
PEINT,3fro_1_C,439,short,0.2,0.1839080459770115
PEINT,3fro_1_C,439,medium,1.0,0.23006833712984054
PEINT,3fro_1_C,439,medium,0.5,0.273972602739726
PEINT,3fro_1_C,439,medium,0.2,0.3218390804597701
PEINT,3fro_1_C,439,long,1.0,0.3735763097949886
PEINT,3fro_1_C,439,long,0.5,0.4748858447488584
PEINT,3fro_1_C,439,long,0.2,0.6551724137931034
PEINT,3fro_1_C,439,all,1.0,0.27790432801822323
PEINT,3fro_1_C,439,all,0.5,0.2876712328767123
PEINT,3fro_1_C,439,all,0.2,0.3218390804597701
PEINT,3fry_1_B,72,short,1.0,0.3333333333333333
PEINT,3fry_1_B,72,short,0.5,0.4444444444444444
PEINT,3fry_1_B,72,short,0.2,0.5714285714285714
PEINT,3fry_1_B,72,medium,1.0,0.4166666666666667
PEINT,3fry_1_B,72,medium,0.5,0.6666666666666666
PEINT,3fry_1_B,72,medium,0.2,0.8571428571428571
PEINT,3fry_1_B,72,long,1.0,0.19444444444444445
PEINT,3fry_1_B,72,long,0.5,0.2222222222222222
PEINT,3fry_1_B,72,long,0.2,0.2857142857142857
PEINT,3fry_1_B,72,all,1.0,0.4444444444444444
PEINT,3fry_1_B,72,all,0.5,0.3888888888888889
PEINT,3fry_1_B,72,all,0.2,0.42857142857142855
PEINT,3fyd_1_A,263,short,1.0,0.22053231939163498
PEINT,3fyd_1_A,263,short,0.5,0.22137404580152673
PEINT,3fyd_1_A,263,short,0.2,0.19230769230769232
PEINT,3fyd_1_A,263,medium,1.0,0.41064638783269963
PEINT,3fyd_1_A,263,medium,0.5,0.5954198473282443
PEINT,3fyd_1_A,263,medium,0.2,0.7307692307692307
PEINT,3fyd_1_A,263,long,1.0,0.5399239543726235
PEINT,3fyd_1_A,263,long,0.5,0.6870229007633588
PEINT,3fyd_1_A,263,long,0.2,0.8846153846153846
PEINT,3fyd_1_A,263,all,1.0,0.5247148288973384
PEINT,3fyd_1_A,263,all,0.5,0.5725190839694656
PEINT,3fyd_1_A,263,all,0.2,0.6538461538461539
PEINT,3g1g_1_A,77,short,1.0,0.23376623376623376
PEINT,3g1g_1_A,77,short,0.5,0.15789473684210525
PEINT,3g1g_1_A,77,short,0.2,0.26666666666666666
PEINT,3g1g_1_A,77,medium,1.0,0.15584415584415584
PEINT,3g1g_1_A,77,medium,0.5,0.21052631578947367
PEINT,3g1g_1_A,77,medium,0.2,0.4
PEINT,3g1g_1_A,77,long,1.0,0.18181818181818182
PEINT,3g1g_1_A,77,long,0.5,0.10526315789473684
PEINT,3g1g_1_A,77,long,0.2,0.26666666666666666
PEINT,3g1g_1_A,77,all,1.0,0.2597402597402597
PEINT,3g1g_1_A,77,all,0.5,0.21052631578947367
PEINT,3g1g_1_A,77,all,0.2,0.4
PEINT,3g8z_1_B,129,short,1.0,0.32558139534883723
PEINT,3g8z_1_B,129,short,0.5,0.5
PEINT,3g8z_1_B,129,short,0.2,0.56
PEINT,3g8z_1_B,129,medium,1.0,0.46511627906976744
PEINT,3g8z_1_B,129,medium,0.5,0.5625
PEINT,3g8z_1_B,129,medium,0.2,0.84
PEINT,3g8z_1_B,129,long,1.0,0.46511627906976744
PEINT,3g8z_1_B,129,long,0.5,0.5625
PEINT,3g8z_1_B,129,long,0.2,0.76
PEINT,3g8z_1_B,129,all,1.0,0.5426356589147286
PEINT,3g8z_1_B,129,all,0.5,0.625
PEINT,3g8z_1_B,129,all,0.2,0.68
PEINT,3gae_1_B,253,short,1.0,0.07114624505928854
PEINT,3gae_1_B,253,short,0.5,0.047619047619047616
PEINT,3gae_1_B,253,short,0.2,0.12
PEINT,3gae_1_B,253,medium,1.0,0.10276679841897234
PEINT,3gae_1_B,253,medium,0.5,0.09523809523809523
PEINT,3gae_1_B,253,medium,0.2,0.08
PEINT,3gae_1_B,253,long,1.0,0.12648221343873517
PEINT,3gae_1_B,253,long,0.5,0.15873015873015872
PEINT,3gae_1_B,253,long,0.2,0.12
PEINT,3gae_1_B,253,all,1.0,0.07114624505928854
PEINT,3gae_1_B,253,all,0.5,0.07936507936507936
PEINT,3gae_1_B,253,all,0.2,0.12
PEINT,3gmi_1_A,356,short,1.0,0.09550561797752809
PEINT,3gmi_1_A,356,short,0.5,0.14606741573033707
PEINT,3gmi_1_A,356,short,0.2,0.19718309859154928
PEINT,3gmi_1_A,356,medium,1.0,0.06741573033707865
PEINT,3gmi_1_A,356,medium,0.5,0.11235955056179775
PEINT,3gmi_1_A,356,medium,0.2,0.22535211267605634
PEINT,3gmi_1_A,356,long,1.0,0.16292134831460675
PEINT,3gmi_1_A,356,long,0.5,0.23595505617977527
PEINT,3gmi_1_A,356,long,0.2,0.30985915492957744
PEINT,3gmi_1_A,356,all,1.0,0.15730337078651685
PEINT,3gmi_1_A,356,all,0.5,0.2247191011235955
PEINT,3gmi_1_A,356,all,0.2,0.30985915492957744
PEINT,3h82_1_B,113,short,1.0,0.3008849557522124
PEINT,3h82_1_B,113,short,0.5,0.35714285714285715
PEINT,3h82_1_B,113,short,0.2,0.5454545454545454
PEINT,3h82_1_B,113,medium,1.0,0.23893805309734514
PEINT,3h82_1_B,113,medium,0.5,0.2857142857142857
PEINT,3h82_1_B,113,medium,0.2,0.36363636363636365
PEINT,3h82_1_B,113,long,1.0,0.23893805309734514
PEINT,3h82_1_B,113,long,0.5,0.25
PEINT,3h82_1_B,113,long,0.2,0.36363636363636365
PEINT,3h82_1_B,113,all,1.0,0.36283185840707965
PEINT,3h82_1_B,113,all,0.5,0.39285714285714285
PEINT,3h82_1_B,113,all,0.2,0.6363636363636364
PEINT,3h8u_1_B,115,short,1.0,0.19130434782608696
PEINT,3h8u_1_B,115,short,0.5,0.3508771929824561
PEINT,3h8u_1_B,115,short,0.2,0.5217391304347826
PEINT,3h8u_1_B,115,medium,1.0,0.1565217391304348
PEINT,3h8u_1_B,115,medium,0.5,0.24561403508771928
PEINT,3h8u_1_B,115,medium,0.2,0.2608695652173913
PEINT,3h8u_1_B,115,long,1.0,0.45217391304347826
PEINT,3h8u_1_B,115,long,0.5,0.631578947368421
PEINT,3h8u_1_B,115,long,0.2,0.9130434782608695
PEINT,3h8u_1_B,115,all,1.0,0.3826086956521739
PEINT,3h8u_1_B,115,all,0.5,0.6666666666666666
PEINT,3h8u_1_B,115,all,0.2,0.6521739130434783
PEINT,3hfq_1_A,341,short,1.0,0.5102639296187683
PEINT,3hfq_1_A,341,short,0.5,0.5764705882352941
PEINT,3hfq_1_A,341,short,0.2,0.6764705882352942
PEINT,3hfq_1_A,341,medium,1.0,0.5278592375366569
PEINT,3hfq_1_A,341,medium,0.5,0.5764705882352941
PEINT,3hfq_1_A,341,medium,0.2,0.6470588235294118
PEINT,3hfq_1_A,341,long,1.0,0.3812316715542522
PEINT,3hfq_1_A,341,long,0.5,0.4235294117647059
PEINT,3hfq_1_A,341,long,0.2,0.5
PEINT,3hfq_1_A,341,all,1.0,0.5366568914956011
PEINT,3hfq_1_A,341,all,0.5,0.611764705882353
PEINT,3hfq_1_A,341,all,0.2,0.7352941176470589
PEINT,3hg9_1_A,119,short,1.0,0.15126050420168066
PEINT,3hg9_1_A,119,short,0.5,0.13559322033898305
PEINT,3hg9_1_A,119,short,0.2,0.17391304347826086
PEINT,3hg9_1_A,119,medium,1.0,0.08403361344537816
PEINT,3hg9_1_A,119,medium,0.5,0.13559322033898305
PEINT,3hg9_1_A,119,medium,0.2,0.17391304347826086
PEINT,3hg9_1_A,119,long,1.0,0.01680672268907563
PEINT,3hg9_1_A,119,long,0.5,0.03389830508474576
PEINT,3hg9_1_A,119,long,0.2,0.0
PEINT,3hg9_1_A,119,all,1.0,0.15126050420168066
PEINT,3hg9_1_A,119,all,0.5,0.13559322033898305
PEINT,3hg9_1_A,119,all,0.2,0.17391304347826086
PEINT,3hhd_1_A,852,short,1.0,0.09859154929577464
PEINT,3hhd_1_A,852,short,0.5,0.107981220657277
PEINT,3hhd_1_A,852,short,0.2,0.15294117647058825
PEINT,3hhd_1_A,852,medium,1.0,0.09154929577464789
PEINT,3hhd_1_A,852,medium,0.5,0.13145539906103287
PEINT,3hhd_1_A,852,medium,0.2,0.21176470588235294
PEINT,3hhd_1_A,852,long,1.0,0.2136150234741784
PEINT,3hhd_1_A,852,long,0.5,0.24882629107981222
PEINT,3hhd_1_A,852,long,0.2,0.29411764705882354
PEINT,3hhd_1_A,852,all,1.0,0.13849765258215962
PEINT,3hhd_1_A,852,all,0.5,0.14553990610328638
PEINT,3hhd_1_A,852,all,0.2,0.17647058823529413
PEINT,3hia_1_C,74,short,1.0,0.7027027027027027
PEINT,3hia_1_C,74,short,0.5,0.918918918918919
PEINT,3hia_1_C,74,short,0.2,1.0
PEINT,3hia_1_C,74,medium,1.0,0.24324324324324326
PEINT,3hia_1_C,74,medium,0.5,0.32432432432432434
PEINT,3hia_1_C,74,medium,0.2,0.42857142857142855
PEINT,3hia_1_C,74,long,1.0,0.24324324324324326
PEINT,3hia_1_C,74,long,0.5,0.21621621621621623
PEINT,3hia_1_C,74,long,0.2,0.14285714285714285
PEINT,3hia_1_C,74,all,1.0,0.7027027027027027
PEINT,3hia_1_C,74,all,0.5,0.918918918918919
PEINT,3hia_1_C,74,all,0.2,1.0
PEINT,3him_1_A,190,short,1.0,0.23157894736842105
PEINT,3him_1_A,190,short,0.5,0.30526315789473685
PEINT,3him_1_A,190,short,0.2,0.42105263157894735
PEINT,3him_1_A,190,medium,1.0,0.24210526315789474
PEINT,3him_1_A,190,medium,0.5,0.35789473684210527
PEINT,3him_1_A,190,medium,0.2,0.47368421052631576
PEINT,3him_1_A,190,long,1.0,0.4842105263157895
PEINT,3him_1_A,190,long,0.5,0.5473684210526316
PEINT,3him_1_A,190,long,0.2,0.6842105263157895
PEINT,3him_1_A,190,all,1.0,0.3894736842105263
PEINT,3him_1_A,190,all,0.5,0.4
PEINT,3him_1_A,190,all,0.2,0.631578947368421
PEINT,3hjl_1_A,321,short,1.0,0.08722741433021806
PEINT,3hjl_1_A,321,short,0.5,0.0625
PEINT,3hjl_1_A,321,short,0.2,0.0
PEINT,3hjl_1_A,321,medium,1.0,0.018691588785046728
PEINT,3hjl_1_A,321,medium,0.5,0.0125
PEINT,3hjl_1_A,321,medium,0.2,0.03125
PEINT,3hjl_1_A,321,long,1.0,0.23052959501557632
PEINT,3hjl_1_A,321,long,0.5,0.275
PEINT,3hjl_1_A,321,long,0.2,0.4375
PEINT,3hjl_1_A,321,all,1.0,0.07476635514018691
PEINT,3hjl_1_A,321,all,0.5,0.05
PEINT,3hjl_1_A,321,all,0.2,0.0
PEINT,3hug_1_D,62,short,1.0,0.12903225806451613
PEINT,3hug_1_D,62,short,0.5,0.1935483870967742
PEINT,3hug_1_D,62,short,0.2,0.5
PEINT,3hug_1_D,62,medium,1.0,0.06451612903225806
PEINT,3hug_1_D,62,medium,0.5,0.06451612903225806
PEINT,3hug_1_D,62,medium,0.2,0.0
PEINT,3hug_1_D,62,long,1.0,0.03225806451612903
PEINT,3hug_1_D,62,long,0.5,0.06451612903225806
PEINT,3hug_1_D,62,long,0.2,0.0
PEINT,3hug_1_D,62,all,1.0,0.12903225806451613
PEINT,3hug_1_D,62,all,0.5,0.1935483870967742
PEINT,3hug_1_D,62,all,0.2,0.5
PEINT,3hvz_1_B,64,short,1.0,0.5
PEINT,3hvz_1_B,64,short,0.5,0.75
PEINT,3hvz_1_B,64,short,0.2,1.0
PEINT,3hvz_1_B,64,medium,1.0,0.40625
PEINT,3hvz_1_B,64,medium,0.5,0.75
PEINT,3hvz_1_B,64,medium,0.2,1.0
PEINT,3hvz_1_B,64,long,1.0,0.25
PEINT,3hvz_1_B,64,long,0.5,0.3125
PEINT,3hvz_1_B,64,long,0.2,0.5
PEINT,3hvz_1_B,64,all,1.0,0.78125
PEINT,3hvz_1_B,64,all,0.5,0.9375
PEINT,3hvz_1_B,64,all,0.2,1.0
PEINT,3hzj_1_A,287,short,1.0,0.05574912891986063
PEINT,3hzj_1_A,287,short,0.5,0.055944055944055944
PEINT,3hzj_1_A,287,short,0.2,0.07017543859649122
PEINT,3hzj_1_A,287,medium,1.0,0.027874564459930314
PEINT,3hzj_1_A,287,medium,0.5,0.013986013986013986
PEINT,3hzj_1_A,287,medium,0.2,0.0
PEINT,3hzj_1_A,287,long,1.0,0.06620209059233449
PEINT,3hzj_1_A,287,long,0.5,0.06993006993006994
PEINT,3hzj_1_A,287,long,0.2,0.07017543859649122
PEINT,3hzj_1_A,287,all,1.0,0.05574912891986063
PEINT,3hzj_1_A,287,all,0.5,0.055944055944055944
PEINT,3hzj_1_A,287,all,0.2,0.10526315789473684
PEINT,3i3w_1_B,439,short,1.0,0.15945330296127563
PEINT,3i3w_1_B,439,short,0.5,0.1735159817351598
PEINT,3i3w_1_B,439,short,0.2,0.22988505747126436
PEINT,3i3w_1_B,439,medium,1.0,0.22779043280182232
PEINT,3i3w_1_B,439,medium,0.5,0.3013698630136986
PEINT,3i3w_1_B,439,medium,0.2,0.45977011494252873
PEINT,3i3w_1_B,439,long,1.0,0.39635535307517084
PEINT,3i3w_1_B,439,long,0.5,0.5296803652968036
PEINT,3i3w_1_B,439,long,0.2,0.6206896551724138
PEINT,3i3w_1_B,439,all,1.0,0.2642369020501139
PEINT,3i3w_1_B,439,all,0.5,0.3378995433789954
PEINT,3i3w_1_B,439,all,0.2,0.25287356321839083
PEINT,3if4_1_B,99,short,1.0,0.20202020202020202
PEINT,3if4_1_B,99,short,0.5,0.32653061224489793
PEINT,3if4_1_B,99,short,0.2,0.5263157894736842
PEINT,3if4_1_B,99,medium,1.0,0.16161616161616163
PEINT,3if4_1_B,99,medium,0.5,0.20408163265306123
PEINT,3if4_1_B,99,medium,0.2,0.15789473684210525
PEINT,3if4_1_B,99,long,1.0,0.08080808080808081
PEINT,3if4_1_B,99,long,0.5,0.12244897959183673
PEINT,3if4_1_B,99,long,0.2,0.3157894736842105
PEINT,3if4_1_B,99,all,1.0,0.18181818181818182
PEINT,3if4_1_B,99,all,0.5,0.32653061224489793
PEINT,3if4_1_B,99,all,0.2,0.5263157894736842
PEINT,3ipf_1_B,65,short,1.0,0.26153846153846155
PEINT,3ipf_1_B,65,short,0.5,0.125
PEINT,3ipf_1_B,65,short,0.2,0.3076923076923077
PEINT,3ipf_1_B,65,medium,1.0,0.3076923076923077
PEINT,3ipf_1_B,65,medium,0.5,0.3125
PEINT,3ipf_1_B,65,medium,0.2,0.3076923076923077
PEINT,3ipf_1_B,65,long,1.0,0.12307692307692308
PEINT,3ipf_1_B,65,long,0.5,0.1875
PEINT,3ipf_1_B,65,long,0.2,0.3076923076923077
PEINT,3ipf_1_B,65,all,1.0,0.24615384615384617
PEINT,3ipf_1_B,65,all,0.5,0.1875
PEINT,3ipf_1_B,65,all,0.2,0.3076923076923077
PEINT,3ipj_1_A,95,short,1.0,0.2736842105263158
PEINT,3ipj_1_A,95,short,0.5,0.3829787234042553
PEINT,3ipj_1_A,95,short,0.2,0.47368421052631576
PEINT,3ipj_1_A,95,medium,1.0,0.25263157894736843
PEINT,3ipj_1_A,95,medium,0.5,0.3829787234042553
PEINT,3ipj_1_A,95,medium,0.2,0.5789473684210527
PEINT,3ipj_1_A,95,long,1.0,0.35789473684210527
PEINT,3ipj_1_A,95,long,0.5,0.46808510638297873
PEINT,3ipj_1_A,95,long,0.2,0.6842105263157895
PEINT,3ipj_1_A,95,all,1.0,0.37894736842105264
PEINT,3ipj_1_A,95,all,0.5,0.6382978723404256
PEINT,3ipj_1_A,95,all,0.2,0.5789473684210527
PEINT,3js6_1_A,321,short,1.0,0.1557632398753894
PEINT,3js6_1_A,321,short,0.5,0.2
PEINT,3js6_1_A,321,short,0.2,0.28125
PEINT,3js6_1_A,321,medium,1.0,0.23052959501557632
PEINT,3js6_1_A,321,medium,0.5,0.2875
PEINT,3js6_1_A,321,medium,0.2,0.40625
PEINT,3js6_1_A,321,long,1.0,0.34890965732087226
PEINT,3js6_1_A,321,long,0.5,0.4
PEINT,3js6_1_A,321,long,0.2,0.375
PEINT,3js6_1_A,321,all,1.0,0.24299065420560748
PEINT,3js6_1_A,321,all,0.5,0.275
PEINT,3js6_1_A,321,all,0.2,0.4375
PEINT,3jvd_1_A,255,short,1.0,0.19607843137254902
PEINT,3jvd_1_A,255,short,0.5,0.23622047244094488
PEINT,3jvd_1_A,255,short,0.2,0.19607843137254902
PEINT,3jvd_1_A,255,medium,1.0,0.1843137254901961
PEINT,3jvd_1_A,255,medium,0.5,0.2677165354330709
PEINT,3jvd_1_A,255,medium,0.2,0.47058823529411764
PEINT,3jvd_1_A,255,long,1.0,0.615686274509804
PEINT,3jvd_1_A,255,long,0.5,0.7322834645669292
PEINT,3jvd_1_A,255,long,0.2,0.803921568627451
PEINT,3jvd_1_A,255,all,1.0,0.3607843137254902
PEINT,3jvd_1_A,255,all,0.5,0.41732283464566927
PEINT,3jvd_1_A,255,all,0.2,0.35294117647058826
PEINT,3kci_1_A,366,short,1.0,0.36065573770491804
PEINT,3kci_1_A,366,short,0.5,0.37158469945355194
PEINT,3kci_1_A,366,short,0.2,0.4794520547945205
PEINT,3kci_1_A,366,medium,1.0,0.40437158469945356
PEINT,3kci_1_A,366,medium,0.5,0.44808743169398907
PEINT,3kci_1_A,366,medium,0.2,0.3424657534246575
PEINT,3kci_1_A,366,long,1.0,0.20765027322404372
PEINT,3kci_1_A,366,long,0.5,0.26229508196721313
PEINT,3kci_1_A,366,long,0.2,0.3287671232876712
PEINT,3kci_1_A,366,all,1.0,0.39344262295081966
PEINT,3kci_1_A,366,all,0.5,0.40437158469945356
PEINT,3kci_1_A,366,all,0.2,0.4246575342465753
PEINT,3ke2_1_B,96,short,1.0,0.1875
PEINT,3ke2_1_B,96,short,0.5,0.25
PEINT,3ke2_1_B,96,short,0.2,0.5263157894736842
PEINT,3ke2_1_B,96,medium,1.0,0.16666666666666666
PEINT,3ke2_1_B,96,medium,0.5,0.2916666666666667
PEINT,3ke2_1_B,96,medium,0.2,0.5263157894736842
PEINT,3ke2_1_B,96,long,1.0,0.125
PEINT,3ke2_1_B,96,long,0.5,0.16666666666666666
PEINT,3ke2_1_B,96,long,0.2,0.3157894736842105
PEINT,3ke2_1_B,96,all,1.0,0.25
PEINT,3ke2_1_B,96,all,0.5,0.3333333333333333
PEINT,3ke2_1_B,96,all,0.2,0.6842105263157895
PEINT,3kkg_1_B,144,short,1.0,0.1111111111111111
PEINT,3kkg_1_B,144,short,0.5,0.1111111111111111
PEINT,3kkg_1_B,144,short,0.2,0.07142857142857142
PEINT,3kkg_1_B,144,medium,1.0,0.4027777777777778
PEINT,3kkg_1_B,144,medium,0.5,0.4444444444444444
PEINT,3kkg_1_B,144,medium,0.2,0.7142857142857143
PEINT,3kkg_1_B,144,long,1.0,0.2916666666666667
PEINT,3kkg_1_B,144,long,0.5,0.4166666666666667
PEINT,3kkg_1_B,144,long,0.2,0.6428571428571429
PEINT,3kkg_1_B,144,all,1.0,0.2777777777777778
PEINT,3kkg_1_B,144,all,0.5,0.3055555555555556
PEINT,3kkg_1_B,144,all,0.2,0.14285714285714285
PEINT,3ksv_1_B,141,short,1.0,0.22695035460992907
PEINT,3ksv_1_B,141,short,0.5,0.22857142857142856
PEINT,3ksv_1_B,141,short,0.2,0.2857142857142857
PEINT,3ksv_1_B,141,medium,1.0,0.2695035460992908
PEINT,3ksv_1_B,141,medium,0.5,0.3142857142857143
PEINT,3ksv_1_B,141,medium,0.2,0.35714285714285715
PEINT,3ksv_1_B,141,long,1.0,0.19858156028368795
PEINT,3ksv_1_B,141,long,0.5,0.34285714285714286
PEINT,3ksv_1_B,141,long,0.2,0.5714285714285714
PEINT,3ksv_1_B,141,all,1.0,0.2978723404255319
PEINT,3ksv_1_B,141,all,0.5,0.2857142857142857
PEINT,3ksv_1_B,141,all,0.2,0.42857142857142855
PEINT,3kuq_1_A,192,short,1.0,0.041666666666666664
PEINT,3kuq_1_A,192,short,0.5,0.041666666666666664
PEINT,3kuq_1_A,192,short,0.2,0.05263157894736842
PEINT,3kuq_1_A,192,medium,1.0,0.041666666666666664
PEINT,3kuq_1_A,192,medium,0.5,0.041666666666666664
PEINT,3kuq_1_A,192,medium,0.2,0.10526315789473684
PEINT,3kuq_1_A,192,long,1.0,0.125
PEINT,3kuq_1_A,192,long,0.5,0.10416666666666667
PEINT,3kuq_1_A,192,long,0.2,0.10526315789473684
PEINT,3kuq_1_A,192,all,1.0,0.07291666666666667
PEINT,3kuq_1_A,192,all,0.5,0.041666666666666664
PEINT,3kuq_1_A,192,all,0.2,0.05263157894736842
PEINT,3kyc_1_C,79,short,1.0,0.27848101265822783
PEINT,3kyc_1_C,79,short,0.5,0.3076923076923077
PEINT,3kyc_1_C,79,short,0.2,0.5333333333333333
PEINT,3kyc_1_C,79,medium,1.0,0.3670886075949367
PEINT,3kyc_1_C,79,medium,0.5,0.4358974358974359
PEINT,3kyc_1_C,79,medium,0.2,0.7333333333333333
PEINT,3kyc_1_C,79,long,1.0,0.27848101265822783
PEINT,3kyc_1_C,79,long,0.5,0.4358974358974359
PEINT,3kyc_1_C,79,long,0.2,0.6666666666666666
PEINT,3kyc_1_C,79,all,1.0,0.4050632911392405
PEINT,3kyc_1_C,79,all,0.5,0.5384615384615384
PEINT,3kyc_1_C,79,all,0.2,0.6
PEINT,3l4c_1_A,178,short,1.0,0.12359550561797752
PEINT,3l4c_1_A,178,short,0.5,0.11235955056179775
PEINT,3l4c_1_A,178,short,0.2,0.17142857142857143
PEINT,3l4c_1_A,178,medium,1.0,0.07865168539325842
PEINT,3l4c_1_A,178,medium,0.5,0.15730337078651685
PEINT,3l4c_1_A,178,medium,0.2,0.22857142857142856
PEINT,3l4c_1_A,178,long,1.0,0.2696629213483146
PEINT,3l4c_1_A,178,long,0.5,0.38202247191011235
PEINT,3l4c_1_A,178,long,0.2,0.4857142857142857
PEINT,3l4c_1_A,178,all,1.0,0.1797752808988764
PEINT,3l4c_1_A,178,all,0.5,0.1797752808988764
PEINT,3l4c_1_A,178,all,0.2,0.22857142857142856
PEINT,3l6v_1_A,313,short,1.0,0.14057507987220447
PEINT,3l6v_1_A,313,short,0.5,0.14102564102564102
PEINT,3l6v_1_A,313,short,0.2,0.22580645161290322
PEINT,3l6v_1_A,313,medium,1.0,0.13738019169329074
PEINT,3l6v_1_A,313,medium,0.5,0.1794871794871795
PEINT,3l6v_1_A,313,medium,0.2,0.16129032258064516
PEINT,3l6v_1_A,313,long,1.0,0.26517571884984026
PEINT,3l6v_1_A,313,long,0.5,0.34615384615384615
PEINT,3l6v_1_A,313,long,0.2,0.45161290322580644
PEINT,3l6v_1_A,313,all,1.0,0.15335463258785942
PEINT,3l6v_1_A,313,all,0.5,0.16666666666666666
PEINT,3l6v_1_A,313,all,0.2,0.22580645161290322
PEINT,3l7z_1_I,206,short,1.0,0.24271844660194175
PEINT,3l7z_1_I,206,short,0.5,0.3300970873786408
PEINT,3l7z_1_I,206,short,0.2,0.3902439024390244
PEINT,3l7z_1_I,206,medium,1.0,0.18446601941747573
PEINT,3l7z_1_I,206,medium,0.5,0.21359223300970873
PEINT,3l7z_1_I,206,medium,0.2,0.3170731707317073
PEINT,3l7z_1_I,206,long,1.0,0.1941747572815534
PEINT,3l7z_1_I,206,long,0.5,0.3106796116504854
PEINT,3l7z_1_I,206,long,0.2,0.34146341463414637
PEINT,3l7z_1_I,206,all,1.0,0.2815533980582524
PEINT,3l7z_1_I,206,all,0.5,0.3883495145631068
PEINT,3l7z_1_I,206,all,0.2,0.43902439024390244
PEINT,3l95_1_E,215,short,1.0,0.14883720930232558
PEINT,3l95_1_E,215,short,0.5,0.18691588785046728
PEINT,3l95_1_E,215,short,0.2,0.13953488372093023
PEINT,3l95_1_E,215,medium,1.0,0.13488372093023257
PEINT,3l95_1_E,215,medium,0.5,0.11214953271028037
PEINT,3l95_1_E,215,medium,0.2,0.13953488372093023
PEINT,3l95_1_E,215,long,1.0,0.018604651162790697
PEINT,3l95_1_E,215,long,0.5,0.037383177570093455
PEINT,3l95_1_E,215,long,0.2,0.09302325581395349
PEINT,3l95_1_E,215,all,1.0,0.16744186046511628
PEINT,3l95_1_E,215,all,0.5,0.1308411214953271
PEINT,3l95_1_E,215,all,0.2,0.23255813953488372
PEINT,3lin_1_A,116,short,1.0,0.1724137931034483
PEINT,3lin_1_A,116,short,0.5,0.20689655172413793
PEINT,3lin_1_A,116,short,0.2,0.21739130434782608
PEINT,3lin_1_A,116,medium,1.0,0.1724137931034483
PEINT,3lin_1_A,116,medium,0.5,0.3103448275862069
PEINT,3lin_1_A,116,medium,0.2,0.34782608695652173
PEINT,3lin_1_A,116,long,1.0,0.15517241379310345
PEINT,3lin_1_A,116,long,0.5,0.13793103448275862
PEINT,3lin_1_A,116,long,0.2,0.17391304347826086
PEINT,3lin_1_A,116,all,1.0,0.2413793103448276
PEINT,3lin_1_A,116,all,0.5,0.3448275862068966
PEINT,3lin_1_A,116,all,0.2,0.34782608695652173
PEINT,3lkb_1_B,382,short,1.0,0.2094240837696335
PEINT,3lkb_1_B,382,short,0.5,0.24083769633507854
PEINT,3lkb_1_B,382,short,0.2,0.4473684210526316
PEINT,3lkb_1_B,382,medium,1.0,0.3612565445026178
PEINT,3lkb_1_B,382,medium,0.5,0.4293193717277487
PEINT,3lkb_1_B,382,medium,0.2,0.5526315789473685
PEINT,3lkb_1_B,382,long,1.0,0.6178010471204188
PEINT,3lkb_1_B,382,long,0.5,0.7172774869109948
PEINT,3lkb_1_B,382,long,0.2,0.868421052631579
PEINT,3lkb_1_B,382,all,1.0,0.4816753926701571
PEINT,3lkb_1_B,382,all,0.5,0.6178010471204188
PEINT,3lkb_1_B,382,all,0.2,0.7105263157894737
PEINT,3lub_1_F,254,short,1.0,0.09448818897637795
PEINT,3lub_1_F,254,short,0.5,0.15748031496062992
PEINT,3lub_1_F,254,short,0.2,0.2
PEINT,3lub_1_F,254,medium,1.0,0.14960629921259844
PEINT,3lub_1_F,254,medium,0.5,0.1732283464566929
PEINT,3lub_1_F,254,medium,0.2,0.2
PEINT,3lub_1_F,254,long,1.0,0.4251968503937008
PEINT,3lub_1_F,254,long,0.5,0.6220472440944882
PEINT,3lub_1_F,254,long,0.2,0.84
PEINT,3lub_1_F,254,all,1.0,0.3700787401574803
PEINT,3lub_1_F,254,all,0.5,0.4881889763779528
PEINT,3lub_1_F,254,all,0.2,0.64
PEINT,3lwu_1_A,372,short,1.0,0.10752688172043011
PEINT,3lwu_1_A,372,short,0.5,0.11827956989247312
PEINT,3lwu_1_A,372,short,0.2,0.1891891891891892
PEINT,3lwu_1_A,372,medium,1.0,0.22043010752688172
PEINT,3lwu_1_A,372,medium,0.5,0.34408602150537637
PEINT,3lwu_1_A,372,medium,0.2,0.40540540540540543
PEINT,3lwu_1_A,372,long,1.0,0.3118279569892473
PEINT,3lwu_1_A,372,long,0.5,0.3978494623655914
PEINT,3lwu_1_A,372,long,0.2,0.4864864864864865
PEINT,3lwu_1_A,372,all,1.0,0.23655913978494625
PEINT,3lwu_1_A,372,all,0.5,0.22580645161290322
PEINT,3lwu_1_A,372,all,0.2,0.2702702702702703
PEINT,3mcq_1_B,302,short,1.0,0.11920529801324503
PEINT,3mcq_1_B,302,short,0.5,0.15894039735099338
PEINT,3mcq_1_B,302,short,0.2,0.16666666666666666
PEINT,3mcq_1_B,302,medium,1.0,0.0728476821192053
PEINT,3mcq_1_B,302,medium,0.5,0.09271523178807947
PEINT,3mcq_1_B,302,medium,0.2,0.1
PEINT,3mcq_1_B,302,long,1.0,0.2781456953642384
PEINT,3mcq_1_B,302,long,0.5,0.4503311258278146
PEINT,3mcq_1_B,302,long,0.2,0.5333333333333333
PEINT,3mcq_1_B,302,all,1.0,0.1986754966887417
PEINT,3mcq_1_B,302,all,0.5,0.26490066225165565
PEINT,3mcq_1_B,302,all,0.2,0.36666666666666664
PEINT,3mdq_1_A,312,short,1.0,0.1346153846153846
PEINT,3mdq_1_A,312,short,0.5,0.23076923076923078
PEINT,3mdq_1_A,312,short,0.2,0.3225806451612903
PEINT,3mdq_1_A,312,medium,1.0,0.24358974358974358
PEINT,3mdq_1_A,312,medium,0.5,0.358974358974359
PEINT,3mdq_1_A,312,medium,0.2,0.5161290322580645
PEINT,3mdq_1_A,312,long,1.0,0.47435897435897434
PEINT,3mdq_1_A,312,long,0.5,0.6153846153846154
PEINT,3mdq_1_A,312,long,0.2,0.9354838709677419
PEINT,3mdq_1_A,312,all,1.0,0.4166666666666667
PEINT,3mdq_1_A,312,all,0.5,0.5256410256410257
PEINT,3mdq_1_A,312,all,0.2,0.5483870967741935
PEINT,3mlg_1_A,161,short,1.0,0.049689440993788817
PEINT,3mlg_1_A,161,short,0.5,0.05
PEINT,3mlg_1_A,161,short,0.2,0.0
PEINT,3mlg_1_A,161,medium,1.0,0.0
PEINT,3mlg_1_A,161,medium,0.5,0.0
PEINT,3mlg_1_A,161,medium,0.2,0.0
PEINT,3mlg_1_A,161,long,1.0,0.08695652173913043
PEINT,3mlg_1_A,161,long,0.5,0.125
PEINT,3mlg_1_A,161,long,0.2,0.1875
PEINT,3mlg_1_A,161,all,1.0,0.08695652173913043
PEINT,3mlg_1_A,161,all,0.5,0.125
PEINT,3mlg_1_A,161,all,0.2,0.1875
PEINT,3mq7_1_A,99,short,1.0,0.0
PEINT,3mq7_1_A,99,short,0.5,0.0
PEINT,3mq7_1_A,99,short,0.2,0.0
PEINT,3mq7_1_A,99,medium,1.0,0.0
PEINT,3mq7_1_A,99,medium,0.5,0.0
PEINT,3mq7_1_A,99,medium,0.2,0.0
PEINT,3mq7_1_A,99,long,1.0,0.0
PEINT,3mq7_1_A,99,long,0.5,0.0
PEINT,3mq7_1_A,99,long,0.2,0.0
PEINT,3mq7_1_A,99,all,1.0,0.0
PEINT,3mq7_1_A,99,all,0.5,0.0
PEINT,3mq7_1_A,99,all,0.2,0.0
PEINT,3n6y_1_A,124,short,1.0,0.3064516129032258
PEINT,3n6y_1_A,124,short,0.5,0.3870967741935484
PEINT,3n6y_1_A,124,short,0.2,0.5
PEINT,3n6y_1_A,124,medium,1.0,0.24193548387096775
PEINT,3n6y_1_A,124,medium,0.5,0.2903225806451613
PEINT,3n6y_1_A,124,medium,0.2,0.3333333333333333
PEINT,3n6y_1_A,124,long,1.0,0.25806451612903225
PEINT,3n6y_1_A,124,long,0.5,0.3225806451612903
PEINT,3n6y_1_A,124,long,0.2,0.4166666666666667
PEINT,3n6y_1_A,124,all,1.0,0.3387096774193548
PEINT,3n6y_1_A,124,all,0.5,0.41935483870967744
PEINT,3n6y_1_A,124,all,0.2,0.4166666666666667
PEINT,3nmr_1_A,175,short,1.0,0.16
PEINT,3nmr_1_A,175,short,0.5,0.22988505747126436
PEINT,3nmr_1_A,175,short,0.2,0.22857142857142856
PEINT,3nmr_1_A,175,medium,1.0,0.13714285714285715
PEINT,3nmr_1_A,175,medium,0.5,0.16091954022988506
PEINT,3nmr_1_A,175,medium,0.2,0.22857142857142856
PEINT,3nmr_1_A,175,long,1.0,0.16
PEINT,3nmr_1_A,175,long,0.5,0.25287356321839083
PEINT,3nmr_1_A,175,long,0.2,0.42857142857142855
PEINT,3nmr_1_A,175,all,1.0,0.19428571428571428
PEINT,3nmr_1_A,175,all,0.5,0.22988505747126436
PEINT,3nmr_1_A,175,all,0.2,0.2857142857142857
PEINT,3nng_1_A,153,short,1.0,0.19607843137254902
PEINT,3nng_1_A,153,short,0.5,0.2894736842105263
PEINT,3nng_1_A,153,short,0.2,0.6
PEINT,3nng_1_A,153,medium,1.0,0.20261437908496732
PEINT,3nng_1_A,153,medium,0.5,0.2631578947368421
PEINT,3nng_1_A,153,medium,0.2,0.5333333333333333
PEINT,3nng_1_A,153,long,1.0,0.39869281045751637
PEINT,3nng_1_A,153,long,0.5,0.47368421052631576
PEINT,3nng_1_A,153,long,0.2,0.5333333333333333
PEINT,3nng_1_A,153,all,1.0,0.35294117647058826
PEINT,3nng_1_A,153,all,0.5,0.5
PEINT,3nng_1_A,153,all,0.2,0.6666666666666666
PEINT,3no6_1_A,235,short,1.0,0.07659574468085106
PEINT,3no6_1_A,235,short,0.5,0.10256410256410256
PEINT,3no6_1_A,235,short,0.2,0.1276595744680851
PEINT,3no6_1_A,235,medium,1.0,0.10212765957446808
PEINT,3no6_1_A,235,medium,0.5,0.10256410256410256
PEINT,3no6_1_A,235,medium,0.2,0.1702127659574468
PEINT,3no6_1_A,235,long,1.0,0.17872340425531916
PEINT,3no6_1_A,235,long,0.5,0.2564102564102564
PEINT,3no6_1_A,235,long,0.2,0.2553191489361702
PEINT,3no6_1_A,235,all,1.0,0.11914893617021277
PEINT,3no6_1_A,235,all,0.5,0.09401709401709402
PEINT,3no6_1_A,235,all,0.2,0.10638297872340426
PEINT,3nqh_1_A,439,short,1.0,0.33712984054669703
PEINT,3nqh_1_A,439,short,0.5,0.3926940639269406
PEINT,3nqh_1_A,439,short,0.2,0.5287356321839081
PEINT,3nqh_1_A,439,medium,1.0,0.4419134396355353
PEINT,3nqh_1_A,439,medium,0.5,0.5296803652968036
PEINT,3nqh_1_A,439,medium,0.2,0.7471264367816092
PEINT,3nqh_1_A,439,long,1.0,0.3325740318906606
PEINT,3nqh_1_A,439,long,0.5,0.3926940639269406
PEINT,3nqh_1_A,439,long,0.2,0.5517241379310345
PEINT,3nqh_1_A,439,all,1.0,0.4601366742596811
PEINT,3nqh_1_A,439,all,0.5,0.5981735159817352
PEINT,3nqh_1_A,439,all,0.2,0.6551724137931034
PEINT,3nvx_1_A,379,short,1.0,0.22163588390501318
PEINT,3nvx_1_A,379,short,0.5,0.2857142857142857
PEINT,3nvx_1_A,379,short,0.2,0.3333333333333333
PEINT,3nvx_1_A,379,medium,1.0,0.27440633245382584
PEINT,3nvx_1_A,379,medium,0.5,0.30687830687830686
PEINT,3nvx_1_A,379,medium,0.2,0.32
PEINT,3nvx_1_A,379,long,1.0,0.079155672823219
PEINT,3nvx_1_A,379,long,0.5,0.10582010582010581
PEINT,3nvx_1_A,379,long,0.2,0.14666666666666667
PEINT,3nvx_1_A,379,all,1.0,0.26649076517150394
PEINT,3nvx_1_A,379,all,0.5,0.31216931216931215
PEINT,3nvx_1_A,379,all,0.2,0.3466666666666667
PEINT,3nwc_1_B,181,short,1.0,0.17679558011049723
PEINT,3nwc_1_B,181,short,0.5,0.24444444444444444
PEINT,3nwc_1_B,181,short,0.2,0.3888888888888889
PEINT,3nwc_1_B,181,medium,1.0,0.07734806629834254
PEINT,3nwc_1_B,181,medium,0.5,0.06666666666666667
PEINT,3nwc_1_B,181,medium,0.2,0.1111111111111111
PEINT,3nwc_1_B,181,long,1.0,0.30939226519337015
PEINT,3nwc_1_B,181,long,0.5,0.4222222222222222
PEINT,3nwc_1_B,181,long,0.2,0.5555555555555556
PEINT,3nwc_1_B,181,all,1.0,0.23756906077348067
PEINT,3nwc_1_B,181,all,0.5,0.35555555555555557
PEINT,3nwc_1_B,181,all,0.2,0.5
PEINT,3of4_1_B,208,short,1.0,0.10576923076923077
PEINT,3of4_1_B,208,short,0.5,0.1346153846153846
PEINT,3of4_1_B,208,short,0.2,0.1951219512195122
PEINT,3of4_1_B,208,medium,1.0,0.18269230769230768
PEINT,3of4_1_B,208,medium,0.5,0.25
PEINT,3of4_1_B,208,medium,0.2,0.3902439024390244
PEINT,3of4_1_B,208,long,1.0,0.33653846153846156
PEINT,3of4_1_B,208,long,0.5,0.4807692307692308
PEINT,3of4_1_B,208,long,0.2,0.6585365853658537
PEINT,3of4_1_B,208,all,1.0,0.27884615384615385
PEINT,3of4_1_B,208,all,0.5,0.34615384615384615
PEINT,3of4_1_B,208,all,0.2,0.4878048780487805
PEINT,3oxh_1_A,251,short,1.0,0.33067729083665337
PEINT,3oxh_1_A,251,short,0.5,0.416
PEINT,3oxh_1_A,251,short,0.2,0.68
PEINT,3oxh_1_A,251,medium,1.0,0.26294820717131473
PEINT,3oxh_1_A,251,medium,0.5,0.272
PEINT,3oxh_1_A,251,medium,0.2,0.32
PEINT,3oxh_1_A,251,long,1.0,0.23904382470119523
PEINT,3oxh_1_A,251,long,0.5,0.288
PEINT,3oxh_1_A,251,long,0.2,0.4
PEINT,3oxh_1_A,251,all,1.0,0.350597609561753
PEINT,3oxh_1_A,251,all,0.5,0.448
PEINT,3oxh_1_A,251,all,0.2,0.68
PEINT,3p42_1_A,234,short,1.0,0.13675213675213677
PEINT,3p42_1_A,234,short,0.5,0.19658119658119658
PEINT,3p42_1_A,234,short,0.2,0.21739130434782608
PEINT,3p42_1_A,234,medium,1.0,0.1794871794871795
PEINT,3p42_1_A,234,medium,0.5,0.23076923076923078
PEINT,3p42_1_A,234,medium,0.2,0.17391304347826086
PEINT,3p42_1_A,234,long,1.0,0.21367521367521367
PEINT,3p42_1_A,234,long,0.5,0.3247863247863248
PEINT,3p42_1_A,234,long,0.2,0.4782608695652174
PEINT,3p42_1_A,234,all,1.0,0.1282051282051282
PEINT,3p42_1_A,234,all,0.5,0.18803418803418803
PEINT,3p42_1_A,234,all,0.2,0.21739130434782608
PEINT,3pdi_1_D,432,short,1.0,0.11574074074074074
PEINT,3pdi_1_D,432,short,0.5,0.1574074074074074
PEINT,3pdi_1_D,432,short,0.2,0.18604651162790697
PEINT,3pdi_1_D,432,medium,1.0,0.2222222222222222
PEINT,3pdi_1_D,432,medium,0.5,0.32407407407407407
PEINT,3pdi_1_D,432,medium,0.2,0.4418604651162791
PEINT,3pdi_1_D,432,long,1.0,0.2175925925925926
PEINT,3pdi_1_D,432,long,0.5,0.23148148148148148
PEINT,3pdi_1_D,432,long,0.2,0.32558139534883723
PEINT,3pdi_1_D,432,all,1.0,0.22685185185185186
PEINT,3pdi_1_D,432,all,0.5,0.25925925925925924
PEINT,3pdi_1_D,432,all,0.2,0.32558139534883723
PEINT,3plc_1_A,54,short,1.0,0.18518518518518517
PEINT,3plc_1_A,54,short,0.5,0.2962962962962963
PEINT,3plc_1_A,54,short,0.2,0.6
PEINT,3plc_1_A,54,medium,1.0,0.18518518518518517
PEINT,3plc_1_A,54,medium,0.5,0.2962962962962963
PEINT,3plc_1_A,54,medium,0.2,0.4
PEINT,3plc_1_A,54,long,1.0,0.07407407407407407
PEINT,3plc_1_A,54,long,0.5,0.14814814814814814
PEINT,3plc_1_A,54,long,0.2,0.4
PEINT,3plc_1_A,54,all,1.0,0.25925925925925924
PEINT,3plc_1_A,54,all,0.5,0.2962962962962963
PEINT,3plc_1_A,54,all,0.2,0.6
PEINT,3plq_1_A,126,short,1.0,0.09523809523809523
PEINT,3plq_1_A,126,short,0.5,0.19047619047619047
PEINT,3plq_1_A,126,short,0.2,0.32
PEINT,3plq_1_A,126,medium,1.0,0.09523809523809523
PEINT,3plq_1_A,126,medium,0.5,0.12698412698412698
PEINT,3plq_1_A,126,medium,0.2,0.24
PEINT,3plq_1_A,126,long,1.0,0.42857142857142855
PEINT,3plq_1_A,126,long,0.5,0.5238095238095238
PEINT,3plq_1_A,126,long,0.2,0.48
PEINT,3plq_1_A,126,all,1.0,0.1746031746031746
PEINT,3plq_1_A,126,all,0.5,0.25396825396825395
PEINT,3plq_1_A,126,all,0.2,0.52
PEINT,3pnu_1_B,333,short,1.0,0.12612612612612611
PEINT,3pnu_1_B,333,short,0.5,0.20481927710843373
PEINT,3pnu_1_B,333,short,0.2,0.2727272727272727
PEINT,3pnu_1_B,333,medium,1.0,0.16516516516516516
PEINT,3pnu_1_B,333,medium,0.5,0.18072289156626506
PEINT,3pnu_1_B,333,medium,0.2,0.15151515151515152
PEINT,3pnu_1_B,333,long,1.0,0.2702702702702703
PEINT,3pnu_1_B,333,long,0.5,0.3493975903614458
PEINT,3pnu_1_B,333,long,0.2,0.36363636363636365
PEINT,3pnu_1_B,333,all,1.0,0.2042042042042042
PEINT,3pnu_1_B,333,all,0.5,0.26506024096385544
PEINT,3pnu_1_B,333,all,0.2,0.3333333333333333
PEINT,3puq_1_A,472,short,1.0,0.059322033898305086
PEINT,3puq_1_A,472,short,0.5,0.09322033898305085
PEINT,3puq_1_A,472,short,0.2,0.14893617021276595
PEINT,3puq_1_A,472,medium,1.0,0.05084745762711865
PEINT,3puq_1_A,472,medium,0.5,0.06779661016949153
PEINT,3puq_1_A,472,medium,0.2,0.14893617021276595
PEINT,3puq_1_A,472,long,1.0,0.1228813559322034
PEINT,3puq_1_A,472,long,0.5,0.16101694915254236
PEINT,3puq_1_A,472,long,0.2,0.2127659574468085
PEINT,3puq_1_A,472,all,1.0,0.11440677966101695
PEINT,3puq_1_A,472,all,0.5,0.16101694915254236
PEINT,3puq_1_A,472,all,0.2,0.19148936170212766
PEINT,3pv5_1_A,392,short,1.0,0.21428571428571427
PEINT,3pv5_1_A,392,short,0.5,0.2653061224489796
PEINT,3pv5_1_A,392,short,0.2,0.38461538461538464
PEINT,3pv5_1_A,392,medium,1.0,0.34183673469387754
PEINT,3pv5_1_A,392,medium,0.5,0.42857142857142855
PEINT,3pv5_1_A,392,medium,0.2,0.6153846153846154
PEINT,3pv5_1_A,392,long,1.0,0.27040816326530615
PEINT,3pv5_1_A,392,long,0.5,0.336734693877551
PEINT,3pv5_1_A,392,long,0.2,0.46153846153846156
PEINT,3pv5_1_A,392,all,1.0,0.3673469387755102
PEINT,3pv5_1_A,392,all,0.5,0.4387755102040816
PEINT,3pv5_1_A,392,all,0.2,0.5641025641025641
PEINT,3q1o_1_A,303,short,1.0,0.066006600660066
PEINT,3q1o_1_A,303,short,0.5,0.059602649006622516
PEINT,3q1o_1_A,303,short,0.2,0.03333333333333333
PEINT,3q1o_1_A,303,medium,1.0,0.10231023102310231
PEINT,3q1o_1_A,303,medium,0.5,0.11920529801324503
PEINT,3q1o_1_A,303,medium,0.2,0.16666666666666666
PEINT,3q1o_1_A,303,long,1.0,0.1782178217821782
PEINT,3q1o_1_A,303,long,0.5,0.2119205298013245
PEINT,3q1o_1_A,303,long,0.2,0.3
PEINT,3q1o_1_A,303,all,1.0,0.1188118811881188
PEINT,3q1o_1_A,303,all,0.5,0.10596026490066225
PEINT,3q1o_1_A,303,all,0.2,0.1
PEINT,3qks_1_A,199,short,1.0,0.16080402010050251
PEINT,3qks_1_A,199,short,0.5,0.20202020202020202
PEINT,3qks_1_A,199,short,0.2,0.41025641025641024
PEINT,3qks_1_A,199,medium,1.0,0.25125628140703515
PEINT,3qks_1_A,199,medium,0.5,0.35353535353535354
PEINT,3qks_1_A,199,medium,0.2,0.6923076923076923
PEINT,3qks_1_A,199,long,1.0,0.23115577889447236
PEINT,3qks_1_A,199,long,0.5,0.36363636363636365
PEINT,3qks_1_A,199,long,0.2,0.5128205128205128
PEINT,3qks_1_A,199,all,1.0,0.2914572864321608
PEINT,3qks_1_A,199,all,0.5,0.40404040404040403
PEINT,3qks_1_A,199,all,0.2,0.5641025641025641
PEINT,3qyj_1_A,291,short,1.0,0.19931271477663232
PEINT,3qyj_1_A,291,short,0.5,0.2620689655172414
PEINT,3qyj_1_A,291,short,0.2,0.5172413793103449
PEINT,3qyj_1_A,291,medium,1.0,0.140893470790378
PEINT,3qyj_1_A,291,medium,0.5,0.1793103448275862
PEINT,3qyj_1_A,291,medium,0.2,0.3103448275862069
PEINT,3qyj_1_A,291,long,1.0,0.41924398625429554
PEINT,3qyj_1_A,291,long,0.5,0.5172413793103449
PEINT,3qyj_1_A,291,long,0.2,0.6896551724137931
PEINT,3qyj_1_A,291,all,1.0,0.3161512027491409
PEINT,3qyj_1_A,291,all,0.5,0.41379310344827586
PEINT,3qyj_1_A,291,all,0.2,0.6206896551724138
PEINT,3rkp_1_A,350,short,1.0,0.29714285714285715
PEINT,3rkp_1_A,350,short,0.5,0.44571428571428573
PEINT,3rkp_1_A,350,short,0.2,0.5714285714285714
PEINT,3rkp_1_A,350,medium,1.0,0.22857142857142856
PEINT,3rkp_1_A,350,medium,0.5,0.30857142857142855
PEINT,3rkp_1_A,350,medium,0.2,0.4857142857142857
PEINT,3rkp_1_A,350,long,1.0,0.4342857142857143
PEINT,3rkp_1_A,350,long,0.5,0.6171428571428571
PEINT,3rkp_1_A,350,long,0.2,0.8285714285714286
PEINT,3rkp_1_A,350,all,1.0,0.48
PEINT,3rkp_1_A,350,all,0.5,0.5657142857142857
PEINT,3rkp_1_A,350,all,0.2,0.6857142857142857
PEINT,3s84_1_A,239,short,1.0,0.0
PEINT,3s84_1_A,239,short,0.5,0.0
PEINT,3s84_1_A,239,short,0.2,0.0
PEINT,3s84_1_A,239,medium,1.0,0.0
PEINT,3s84_1_A,239,medium,0.5,0.0
PEINT,3s84_1_A,239,medium,0.2,0.0
PEINT,3s84_1_A,239,long,1.0,0.008368200836820083
PEINT,3s84_1_A,239,long,0.5,0.0
PEINT,3s84_1_A,239,long,0.2,0.0
PEINT,3s84_1_A,239,all,1.0,0.0
PEINT,3s84_1_A,239,all,0.5,0.0
PEINT,3s84_1_A,239,all,0.2,0.0
PEINT,3sf5_1_C,230,short,1.0,0.017391304347826087
PEINT,3sf5_1_C,230,short,0.5,0.0
PEINT,3sf5_1_C,230,short,0.2,0.0
PEINT,3sf5_1_C,230,medium,1.0,0.043478260869565216
PEINT,3sf5_1_C,230,medium,0.5,0.06956521739130435
PEINT,3sf5_1_C,230,medium,0.2,0.08695652173913043
PEINT,3sf5_1_C,230,long,1.0,0.017391304347826087
PEINT,3sf5_1_C,230,long,0.5,0.017391304347826087
PEINT,3sf5_1_C,230,long,0.2,0.0
PEINT,3sf5_1_C,230,all,1.0,0.034782608695652174
PEINT,3sf5_1_C,230,all,0.5,0.017391304347826087
PEINT,3sf5_1_C,230,all,0.2,0.0
PEINT,3sgg_1_A,512,short,1.0,0.08203125
PEINT,3sgg_1_A,512,short,0.5,0.09375
PEINT,3sgg_1_A,512,short,0.2,0.11764705882352941
PEINT,3sgg_1_A,512,medium,1.0,0.05859375
PEINT,3sgg_1_A,512,medium,0.5,0.0859375
PEINT,3sgg_1_A,512,medium,0.2,0.1568627450980392
PEINT,3sgg_1_A,512,long,1.0,0.2109375
PEINT,3sgg_1_A,512,long,0.5,0.2421875
PEINT,3sgg_1_A,512,long,0.2,0.3137254901960784
PEINT,3sgg_1_A,512,all,1.0,0.109375
PEINT,3sgg_1_A,512,all,0.5,0.125
PEINT,3sgg_1_A,512,all,0.2,0.17647058823529413
PEINT,3slz_1_A,114,short,1.0,0.2807017543859649
PEINT,3slz_1_A,114,short,0.5,0.45614035087719296
PEINT,3slz_1_A,114,short,0.2,0.7272727272727273
PEINT,3slz_1_A,114,medium,1.0,0.10526315789473684
PEINT,3slz_1_A,114,medium,0.5,0.17543859649122806
PEINT,3slz_1_A,114,medium,0.2,0.2727272727272727
PEINT,3slz_1_A,114,long,1.0,0.05263157894736842
PEINT,3slz_1_A,114,long,0.5,0.07017543859649122
PEINT,3slz_1_A,114,long,0.2,0.09090909090909091
PEINT,3slz_1_A,114,all,1.0,0.24561403508771928
PEINT,3slz_1_A,114,all,0.5,0.45614035087719296
PEINT,3slz_1_A,114,all,0.2,0.7272727272727273
PEINT,3snx_1_A,455,short,1.0,0.1010989010989011
PEINT,3snx_1_A,455,short,0.5,0.09691629955947137
PEINT,3snx_1_A,455,short,0.2,0.13186813186813187
PEINT,3snx_1_A,455,medium,1.0,0.2153846153846154
PEINT,3snx_1_A,455,medium,0.5,0.28193832599118945
PEINT,3snx_1_A,455,medium,0.2,0.4945054945054945
PEINT,3snx_1_A,455,long,1.0,0.3648351648351648
PEINT,3snx_1_A,455,long,0.5,0.5682819383259912
PEINT,3snx_1_A,455,long,0.2,0.8241758241758241
PEINT,3snx_1_A,455,all,1.0,0.3516483516483517
PEINT,3snx_1_A,455,all,0.5,0.4185022026431718
PEINT,3snx_1_A,455,all,0.2,0.4945054945054945
PEINT,3stp_1_A,390,short,1.0,0.2358974358974359
PEINT,3stp_1_A,390,short,0.5,0.3076923076923077
PEINT,3stp_1_A,390,short,0.2,0.5128205128205128
PEINT,3stp_1_A,390,medium,1.0,0.2205128205128205
PEINT,3stp_1_A,390,medium,0.5,0.29743589743589743
PEINT,3stp_1_A,390,medium,0.2,0.41025641025641024
PEINT,3stp_1_A,390,long,1.0,0.6358974358974359
PEINT,3stp_1_A,390,long,0.5,0.8307692307692308
PEINT,3stp_1_A,390,long,0.2,0.8974358974358975
PEINT,3stp_1_A,390,all,1.0,0.5487179487179488
PEINT,3stp_1_A,390,all,0.5,0.6717948717948717
PEINT,3stp_1_A,390,all,0.2,0.717948717948718
PEINT,3t0y_1_A,126,short,1.0,0.2698412698412698
PEINT,3t0y_1_A,126,short,0.5,0.31746031746031744
PEINT,3t0y_1_A,126,short,0.2,0.4
PEINT,3t0y_1_A,126,medium,1.0,0.19047619047619047
PEINT,3t0y_1_A,126,medium,0.5,0.25396825396825395
PEINT,3t0y_1_A,126,medium,0.2,0.56
PEINT,3t0y_1_A,126,long,1.0,0.30158730158730157
PEINT,3t0y_1_A,126,long,0.5,0.47619047619047616
PEINT,3t0y_1_A,126,long,0.2,0.6
PEINT,3t0y_1_A,126,all,1.0,0.36507936507936506
PEINT,3t0y_1_A,126,all,0.5,0.4126984126984127
PEINT,3t0y_1_A,126,all,0.2,0.48
PEINT,3t8k_1_B,183,short,1.0,0.09836065573770492
PEINT,3t8k_1_B,183,short,0.5,0.13186813186813187
PEINT,3t8k_1_B,183,short,0.2,0.16666666666666666
PEINT,3t8k_1_B,183,medium,1.0,0.15300546448087432
PEINT,3t8k_1_B,183,medium,0.5,0.1978021978021978
PEINT,3t8k_1_B,183,medium,0.2,0.3333333333333333
PEINT,3t8k_1_B,183,long,1.0,0.2185792349726776
PEINT,3t8k_1_B,183,long,0.5,0.24175824175824176
PEINT,3t8k_1_B,183,long,0.2,0.4444444444444444
PEINT,3t8k_1_B,183,all,1.0,0.15846994535519127
PEINT,3t8k_1_B,183,all,0.5,0.1978021978021978
PEINT,3t8k_1_B,183,all,0.2,0.16666666666666666
PEINT,3t90_1_B,147,short,1.0,0.23129251700680273
PEINT,3t90_1_B,147,short,0.5,0.2876712328767123
PEINT,3t90_1_B,147,short,0.2,0.3793103448275862
PEINT,3t90_1_B,147,medium,1.0,0.1360544217687075
PEINT,3t90_1_B,147,medium,0.5,0.1506849315068493
PEINT,3t90_1_B,147,medium,0.2,0.06896551724137931
PEINT,3t90_1_B,147,long,1.0,0.3401360544217687
PEINT,3t90_1_B,147,long,0.5,0.4246575342465753
PEINT,3t90_1_B,147,long,0.2,0.4827586206896552
PEINT,3t90_1_B,147,all,1.0,0.2653061224489796
PEINT,3t90_1_B,147,all,0.5,0.273972602739726
PEINT,3t90_1_B,147,all,0.2,0.4482758620689655
PEINT,3tbn_1_A,87,short,1.0,0.3103448275862069
PEINT,3tbn_1_A,87,short,0.5,0.32558139534883723
PEINT,3tbn_1_A,87,short,0.2,0.4117647058823529
PEINT,3tbn_1_A,87,medium,1.0,0.13793103448275862
PEINT,3tbn_1_A,87,medium,0.5,0.18604651162790697
PEINT,3tbn_1_A,87,medium,0.2,0.23529411764705882
PEINT,3tbn_1_A,87,long,1.0,0.16091954022988506
PEINT,3tbn_1_A,87,long,0.5,0.13953488372093023
PEINT,3tbn_1_A,87,long,0.2,0.11764705882352941
PEINT,3tbn_1_A,87,all,1.0,0.25287356321839083
PEINT,3tbn_1_A,87,all,0.5,0.3023255813953488
PEINT,3tbn_1_A,87,all,0.2,0.35294117647058826
PEINT,3ted_1_A,229,short,1.0,0.08733624454148471
PEINT,3ted_1_A,229,short,0.5,0.14035087719298245
PEINT,3ted_1_A,229,short,0.2,0.17777777777777778
PEINT,3ted_1_A,229,medium,1.0,0.017467248908296942
PEINT,3ted_1_A,229,medium,0.5,0.03508771929824561
PEINT,3ted_1_A,229,medium,0.2,0.044444444444444446
PEINT,3ted_1_A,229,long,1.0,0.0
PEINT,3ted_1_A,229,long,0.5,0.0
PEINT,3ted_1_A,229,long,0.2,0.0
PEINT,3ted_1_A,229,all,1.0,0.08733624454148471
PEINT,3ted_1_A,229,all,0.5,0.14035087719298245
PEINT,3ted_1_A,229,all,0.2,0.17777777777777778
PEINT,3tlq_1_A,236,short,1.0,0.17796610169491525
PEINT,3tlq_1_A,236,short,0.5,0.2711864406779661
PEINT,3tlq_1_A,236,short,0.2,0.3829787234042553
PEINT,3tlq_1_A,236,medium,1.0,0.17796610169491525
PEINT,3tlq_1_A,236,medium,0.5,0.22033898305084745
PEINT,3tlq_1_A,236,medium,0.2,0.3404255319148936
PEINT,3tlq_1_A,236,long,1.0,0.4067796610169492
PEINT,3tlq_1_A,236,long,0.5,0.5254237288135594
PEINT,3tlq_1_A,236,long,0.2,0.6595744680851063
PEINT,3tlq_1_A,236,all,1.0,0.3220338983050847
PEINT,3tlq_1_A,236,all,0.5,0.4067796610169492
PEINT,3tlq_1_A,236,all,0.2,0.40425531914893614
PEINT,3tma_1_A,332,short,1.0,0.1927710843373494
PEINT,3tma_1_A,332,short,0.5,0.25301204819277107
PEINT,3tma_1_A,332,short,0.2,0.3939393939393939
PEINT,3tma_1_A,332,medium,1.0,0.2289156626506024
PEINT,3tma_1_A,332,medium,0.5,0.2891566265060241
PEINT,3tma_1_A,332,medium,0.2,0.3333333333333333
PEINT,3tma_1_A,332,long,1.0,0.4036144578313253
PEINT,3tma_1_A,332,long,0.5,0.4939759036144578
PEINT,3tma_1_A,332,long,0.2,0.6363636363636364
PEINT,3tma_1_A,332,all,1.0,0.3433734939759036
PEINT,3tma_1_A,332,all,0.5,0.39759036144578314
PEINT,3tma_1_A,332,all,0.2,0.5151515151515151
PEINT,3tmk_1_A,216,short,1.0,0.10185185185185185
PEINT,3tmk_1_A,216,short,0.5,0.14814814814814814
PEINT,3tmk_1_A,216,short,0.2,0.046511627906976744
PEINT,3tmk_1_A,216,medium,1.0,0.18518518518518517
PEINT,3tmk_1_A,216,medium,0.5,0.2777777777777778
PEINT,3tmk_1_A,216,medium,0.2,0.32558139534883723
PEINT,3tmk_1_A,216,long,1.0,0.28703703703703703
PEINT,3tmk_1_A,216,long,0.5,0.35185185185185186
PEINT,3tmk_1_A,216,long,0.2,0.46511627906976744
PEINT,3tmk_1_A,216,all,1.0,0.2037037037037037
PEINT,3tmk_1_A,216,all,0.5,0.2037037037037037
PEINT,3tmk_1_A,216,all,0.2,0.18604651162790697
PEINT,3to3_1_A,593,short,1.0,0.11129848229342328
PEINT,3to3_1_A,593,short,0.5,0.10810810810810811
PEINT,3to3_1_A,593,short,0.2,0.15254237288135594
PEINT,3to3_1_A,593,medium,1.0,0.08094435075885328
PEINT,3to3_1_A,593,medium,0.5,0.10135135135135136
PEINT,3to3_1_A,593,medium,0.2,0.0847457627118644
PEINT,3to3_1_A,593,long,1.0,0.04047217537942664
PEINT,3to3_1_A,593,long,0.5,0.05405405405405406
PEINT,3to3_1_A,593,long,0.2,0.1016949152542373
PEINT,3to3_1_A,593,all,1.0,0.10792580101180438
PEINT,3to3_1_A,593,all,0.5,0.11486486486486487
PEINT,3to3_1_A,593,all,0.2,0.1694915254237288
PEINT,3ttg_1_A,337,short,1.0,0.1543026706231454
PEINT,3ttg_1_A,337,short,0.5,0.19047619047619047
PEINT,3ttg_1_A,337,short,0.2,0.208955223880597
PEINT,3ttg_1_A,337,medium,1.0,0.10682492581602374
PEINT,3ttg_1_A,337,medium,0.5,0.13095238095238096
PEINT,3ttg_1_A,337,medium,0.2,0.05970149253731343
PEINT,3ttg_1_A,337,long,1.0,0.21364985163204747
PEINT,3ttg_1_A,337,long,0.5,0.2976190476190476
PEINT,3ttg_1_A,337,long,0.2,0.3880597014925373
PEINT,3ttg_1_A,337,all,1.0,0.18100890207715134
PEINT,3ttg_1_A,337,all,0.5,0.21428571428571427
PEINT,3ttg_1_A,337,all,0.2,0.2537313432835821
PEINT,3u0r_1_A,425,short,1.0,0.05647058823529412
PEINT,3u0r_1_A,425,short,0.5,0.07547169811320754
PEINT,3u0r_1_A,425,short,0.2,0.047058823529411764
PEINT,3u0r_1_A,425,medium,1.0,0.19294117647058823
PEINT,3u0r_1_A,425,medium,0.5,0.2830188679245283
PEINT,3u0r_1_A,425,medium,0.2,0.3764705882352941
PEINT,3u0r_1_A,425,long,1.0,0.2752941176470588
PEINT,3u0r_1_A,425,long,0.5,0.33962264150943394
PEINT,3u0r_1_A,425,long,0.2,0.38823529411764707
PEINT,3u0r_1_A,425,all,1.0,0.12705882352941175
PEINT,3u0r_1_A,425,all,0.5,0.16981132075471697
PEINT,3u0r_1_A,425,all,0.2,0.16470588235294117
PEINT,3u3d_1_A,263,short,1.0,0.12547528517110265
PEINT,3u3d_1_A,263,short,0.5,0.17557251908396945
PEINT,3u3d_1_A,263,short,0.2,0.19230769230769232
PEINT,3u3d_1_A,263,medium,1.0,0.16730038022813687
PEINT,3u3d_1_A,263,medium,0.5,0.13740458015267176
PEINT,3u3d_1_A,263,medium,0.2,0.19230769230769232
PEINT,3u3d_1_A,263,long,1.0,0.3041825095057034
PEINT,3u3d_1_A,263,long,0.5,0.4580152671755725
PEINT,3u3d_1_A,263,long,0.2,0.5769230769230769
PEINT,3u3d_1_A,263,all,1.0,0.19771863117870722
PEINT,3u3d_1_A,263,all,0.5,0.22900763358778625
PEINT,3u3d_1_A,263,all,0.2,0.2692307692307692
PEINT,3uao_1_A,199,short,1.0,0.1658291457286432
PEINT,3uao_1_A,199,short,0.5,0.2222222222222222
PEINT,3uao_1_A,199,short,0.2,0.1794871794871795
PEINT,3uao_1_A,199,medium,1.0,0.1407035175879397
PEINT,3uao_1_A,199,medium,0.5,0.18181818181818182
PEINT,3uao_1_A,199,medium,0.2,0.2564102564102564
PEINT,3uao_1_A,199,long,1.0,0.5376884422110553
PEINT,3uao_1_A,199,long,0.5,0.6060606060606061
PEINT,3uao_1_A,199,long,0.2,0.7435897435897436
PEINT,3uao_1_A,199,all,1.0,0.35175879396984927
PEINT,3uao_1_A,199,all,0.5,0.46464646464646464
PEINT,3uao_1_A,199,all,0.2,0.5641025641025641
PEINT,3ucf_1_A,187,short,1.0,0.11764705882352941
PEINT,3ucf_1_A,187,short,0.5,0.10752688172043011
PEINT,3ucf_1_A,187,short,0.2,0.16216216216216217
PEINT,3ucf_1_A,187,medium,1.0,0.20320855614973263
PEINT,3ucf_1_A,187,medium,0.5,0.27956989247311825
PEINT,3ucf_1_A,187,medium,0.2,0.3783783783783784
PEINT,3ucf_1_A,187,long,1.0,0.5026737967914439
PEINT,3ucf_1_A,187,long,0.5,0.6129032258064516
PEINT,3ucf_1_A,187,long,0.2,0.7297297297297297
PEINT,3ucf_1_A,187,all,1.0,0.2620320855614973
PEINT,3ucf_1_A,187,all,0.5,0.3655913978494624
PEINT,3ucf_1_A,187,all,0.2,0.43243243243243246
PEINT,3ucs_1_A,99,short,1.0,0.16161616161616163
PEINT,3ucs_1_A,99,short,0.5,0.20408163265306123
PEINT,3ucs_1_A,99,short,0.2,0.21052631578947367
PEINT,3ucs_1_A,99,medium,1.0,0.06060606060606061
PEINT,3ucs_1_A,99,medium,0.5,0.12244897959183673
PEINT,3ucs_1_A,99,medium,0.2,0.21052631578947367
PEINT,3ucs_1_A,99,long,1.0,0.30303030303030304
PEINT,3ucs_1_A,99,long,0.5,0.4489795918367347
PEINT,3ucs_1_A,99,long,0.2,0.7894736842105263
PEINT,3ucs_1_A,99,all,1.0,0.24242424242424243
PEINT,3ucs_1_A,99,all,0.5,0.32653061224489793
PEINT,3ucs_1_A,99,all,0.2,0.3157894736842105
PEINT,3v0u_1_A,282,short,1.0,0.24822695035460993
PEINT,3v0u_1_A,282,short,0.5,0.3120567375886525
PEINT,3v0u_1_A,282,short,0.2,0.39285714285714285
PEINT,3v0u_1_A,282,medium,1.0,0.18439716312056736
PEINT,3v0u_1_A,282,medium,0.5,0.23404255319148937
PEINT,3v0u_1_A,282,medium,0.2,0.35714285714285715
PEINT,3v0u_1_A,282,long,1.0,0.5177304964539007
PEINT,3v0u_1_A,282,long,0.5,0.624113475177305
PEINT,3v0u_1_A,282,long,0.2,0.7857142857142857
PEINT,3v0u_1_A,282,all,1.0,0.4326241134751773
PEINT,3v0u_1_A,282,all,0.5,0.48226950354609927
PEINT,3v0u_1_A,282,all,0.2,0.6071428571428571
PEINT,3v42_1_A,196,short,1.0,0.11224489795918367
PEINT,3v42_1_A,196,short,0.5,0.12244897959183673
PEINT,3v42_1_A,196,short,0.2,0.2564102564102564
PEINT,3v42_1_A,196,medium,1.0,0.061224489795918366
PEINT,3v42_1_A,196,medium,0.5,0.061224489795918366
PEINT,3v42_1_A,196,medium,0.2,0.10256410256410256
PEINT,3v42_1_A,196,long,1.0,0.12244897959183673
PEINT,3v42_1_A,196,long,0.5,0.14285714285714285
PEINT,3v42_1_A,196,long,0.2,0.3076923076923077
PEINT,3v42_1_A,196,all,1.0,0.17346938775510204
PEINT,3v42_1_A,196,all,0.5,0.1836734693877551
PEINT,3v42_1_A,196,all,0.2,0.41025641025641024
PEINT,3v7q_1_A,97,short,1.0,0.21649484536082475
PEINT,3v7q_1_A,97,short,0.5,0.25
PEINT,3v7q_1_A,97,short,0.2,0.5263157894736842
PEINT,3v7q_1_A,97,medium,1.0,0.08247422680412371
PEINT,3v7q_1_A,97,medium,0.5,0.16666666666666666
PEINT,3v7q_1_A,97,medium,0.2,0.21052631578947367
PEINT,3v7q_1_A,97,long,1.0,0.2268041237113402
PEINT,3v7q_1_A,97,long,0.5,0.2916666666666667
PEINT,3v7q_1_A,97,long,0.2,0.3684210526315789
PEINT,3v7q_1_A,97,all,1.0,0.24742268041237114
PEINT,3v7q_1_A,97,all,0.5,0.375
PEINT,3v7q_1_A,97,all,0.2,0.3684210526315789
PEINT,3v96_1_A,164,short,1.0,0.13414634146341464
PEINT,3v96_1_A,164,short,0.5,0.1951219512195122
PEINT,3v96_1_A,164,short,0.2,0.25
PEINT,3v96_1_A,164,medium,1.0,0.13414634146341464
PEINT,3v96_1_A,164,medium,0.5,0.14634146341463414
PEINT,3v96_1_A,164,medium,0.2,0.1875
PEINT,3v96_1_A,164,long,1.0,0.2073170731707317
PEINT,3v96_1_A,164,long,0.5,0.2682926829268293
PEINT,3v96_1_A,164,long,0.2,0.4375
PEINT,3v96_1_A,164,all,1.0,0.14634146341463414
PEINT,3v96_1_A,164,all,0.5,0.1951219512195122
PEINT,3v96_1_A,164,all,0.2,0.25
PEINT,3va9_1_A,127,short,1.0,0.12598425196850394
PEINT,3va9_1_A,127,short,0.5,0.20634920634920634
PEINT,3va9_1_A,127,short,0.2,0.24
PEINT,3va9_1_A,127,medium,1.0,0.23622047244094488
PEINT,3va9_1_A,127,medium,0.5,0.3492063492063492
PEINT,3va9_1_A,127,medium,0.2,0.4
PEINT,3va9_1_A,127,long,1.0,0.2204724409448819
PEINT,3va9_1_A,127,long,0.5,0.3492063492063492
PEINT,3va9_1_A,127,long,0.2,0.52
PEINT,3va9_1_A,127,all,1.0,0.28346456692913385
PEINT,3va9_1_A,127,all,0.5,0.31746031746031744
PEINT,3va9_1_A,127,all,0.2,0.56
PEINT,3vd6_1_A,96,short,1.0,0.16666666666666666
PEINT,3vd6_1_A,96,short,0.5,0.125
PEINT,3vd6_1_A,96,short,0.2,0.21052631578947367
PEINT,3vd6_1_A,96,medium,1.0,0.2708333333333333
PEINT,3vd6_1_A,96,medium,0.5,0.16666666666666666
PEINT,3vd6_1_A,96,medium,0.2,0.21052631578947367
PEINT,3vd6_1_A,96,long,1.0,0.0625
PEINT,3vd6_1_A,96,long,0.5,0.125
PEINT,3vd6_1_A,96,long,0.2,0.10526315789473684
PEINT,3vd6_1_A,96,all,1.0,0.20833333333333334
PEINT,3vd6_1_A,96,all,0.5,0.20833333333333334
PEINT,3vd6_1_A,96,all,0.2,0.3157894736842105
PEINT,3vh7_1_A,52,short,1.0,0.0
PEINT,3vh7_1_A,52,short,0.5,0.0
PEINT,3vh7_1_A,52,short,0.2,0.0
PEINT,3vh7_1_A,52,medium,1.0,0.0
PEINT,3vh7_1_A,52,medium,0.5,0.0
PEINT,3vh7_1_A,52,medium,0.2,0.0
PEINT,3vh7_1_A,52,long,1.0,0.0
PEINT,3vh7_1_A,52,long,0.5,0.0
PEINT,3vh7_1_A,52,long,0.2,0.0
PEINT,3vh7_1_A,52,all,1.0,0.0
PEINT,3vh7_1_A,52,all,0.5,0.0
PEINT,3vh7_1_A,52,all,0.2,0.0
PEINT,3vk6_1_B,96,short,1.0,0.16666666666666666
PEINT,3vk6_1_B,96,short,0.5,0.20833333333333334
PEINT,3vk6_1_B,96,short,0.2,0.2631578947368421
PEINT,3vk6_1_B,96,medium,1.0,0.25
PEINT,3vk6_1_B,96,medium,0.5,0.375
PEINT,3vk6_1_B,96,medium,0.2,0.5263157894736842
PEINT,3vk6_1_B,96,long,1.0,0.08333333333333333
PEINT,3vk6_1_B,96,long,0.5,0.041666666666666664
PEINT,3vk6_1_B,96,long,0.2,0.10526315789473684
PEINT,3vk6_1_B,96,all,1.0,0.2916666666666667
PEINT,3vk6_1_B,96,all,0.5,0.375
PEINT,3vk6_1_B,96,all,0.2,0.47368421052631576
PEINT,3vp8_1_B,80,short,1.0,0.0
PEINT,3vp8_1_B,80,short,0.5,0.0
PEINT,3vp8_1_B,80,short,0.2,0.0
PEINT,3vp8_1_B,80,medium,1.0,0.0
PEINT,3vp8_1_B,80,medium,0.5,0.0
PEINT,3vp8_1_B,80,medium,0.2,0.0
PEINT,3vp8_1_B,80,long,1.0,0.0
PEINT,3vp8_1_B,80,long,0.5,0.0
PEINT,3vp8_1_B,80,long,0.2,0.0
PEINT,3vp8_1_B,80,all,1.0,0.0
PEINT,3vp8_1_B,80,all,0.5,0.0
PEINT,3vp8_1_B,80,all,0.2,0.0
PEINT,3vtn_1_A,71,short,1.0,0.16901408450704225
PEINT,3vtn_1_A,71,short,0.5,0.22857142857142856
PEINT,3vtn_1_A,71,short,0.2,0.42857142857142855
PEINT,3vtn_1_A,71,medium,1.0,0.028169014084507043
PEINT,3vtn_1_A,71,medium,0.5,0.05714285714285714
PEINT,3vtn_1_A,71,medium,0.2,0.14285714285714285
PEINT,3vtn_1_A,71,long,1.0,0.0
PEINT,3vtn_1_A,71,long,0.5,0.0
PEINT,3vtn_1_A,71,long,0.2,0.0
PEINT,3vtn_1_A,71,all,1.0,0.16901408450704225
PEINT,3vtn_1_A,71,all,0.5,0.22857142857142856
PEINT,3vtn_1_A,71,all,0.2,0.42857142857142855
PEINT,3wco_1_B,381,short,1.0,0.16535433070866143
PEINT,3wco_1_B,381,short,0.5,0.2
PEINT,3wco_1_B,381,short,0.2,0.23684210526315788
PEINT,3wco_1_B,381,medium,1.0,0.09973753280839895
PEINT,3wco_1_B,381,medium,0.5,0.09473684210526316
PEINT,3wco_1_B,381,medium,0.2,0.13157894736842105
PEINT,3wco_1_B,381,long,1.0,0.34908136482939633
PEINT,3wco_1_B,381,long,0.5,0.47368421052631576
PEINT,3wco_1_B,381,long,0.2,0.7631578947368421
PEINT,3wco_1_B,381,all,1.0,0.24146981627296588
PEINT,3wco_1_B,381,all,0.5,0.25263157894736843
PEINT,3wco_1_B,381,all,0.2,0.21052631578947367
PEINT,3wec_1_A,401,short,1.0,0.1596009975062344
PEINT,3wec_1_A,401,short,0.5,0.25
PEINT,3wec_1_A,401,short,0.2,0.325
PEINT,3wec_1_A,401,medium,1.0,0.08977556109725686
PEINT,3wec_1_A,401,medium,0.5,0.08
PEINT,3wec_1_A,401,medium,0.2,0.075
PEINT,3wec_1_A,401,long,1.0,0.17955112219451372
PEINT,3wec_1_A,401,long,0.5,0.23
PEINT,3wec_1_A,401,long,0.2,0.25
PEINT,3wec_1_A,401,all,1.0,0.18453865336658354
PEINT,3wec_1_A,401,all,0.5,0.25
PEINT,3wec_1_A,401,all,0.2,0.325
PEINT,3wev_1_A,679,short,1.0,0.07658321060382917
PEINT,3wev_1_A,679,short,0.5,0.11209439528023599
PEINT,3wev_1_A,679,short,0.2,0.11851851851851852
PEINT,3wev_1_A,679,medium,1.0,0.053019145802650956
PEINT,3wev_1_A,679,medium,0.5,0.058997050147492625
PEINT,3wev_1_A,679,medium,0.2,0.07407407407407407
PEINT,3wev_1_A,679,long,1.0,0.035346097201767304
PEINT,3wev_1_A,679,long,0.5,0.035398230088495575
PEINT,3wev_1_A,679,long,0.2,0.05925925925925926
PEINT,3wev_1_A,679,all,1.0,0.08394698085419734
PEINT,3wev_1_A,679,all,0.5,0.10029498525073746
PEINT,3wev_1_A,679,all,0.2,0.11851851851851852
PEINT,3wp8_1_C,317,short,1.0,0.2302839116719243
PEINT,3wp8_1_C,317,short,0.5,0.2911392405063291
PEINT,3wp8_1_C,317,short,0.2,0.47619047619047616
PEINT,3wp8_1_C,317,medium,1.0,0.5457413249211357
PEINT,3wp8_1_C,317,medium,0.5,0.620253164556962
PEINT,3wp8_1_C,317,medium,0.2,0.7619047619047619
PEINT,3wp8_1_C,317,long,1.0,0.031545741324921134
PEINT,3wp8_1_C,317,long,0.5,0.0379746835443038
PEINT,3wp8_1_C,317,long,0.2,0.06349206349206349
PEINT,3wp8_1_C,317,all,1.0,0.305993690851735
PEINT,3wp8_1_C,317,all,0.5,0.3924050632911392
PEINT,3wp8_1_C,317,all,0.2,0.47619047619047616
PEINT,3wzs_1_A,145,short,1.0,0.19310344827586207
PEINT,3wzs_1_A,145,short,0.5,0.2777777777777778
PEINT,3wzs_1_A,145,short,0.2,0.5517241379310345
PEINT,3wzs_1_A,145,medium,1.0,0.09655172413793103
PEINT,3wzs_1_A,145,medium,0.5,0.19444444444444445
PEINT,3wzs_1_A,145,medium,0.2,0.3448275862068966
PEINT,3wzs_1_A,145,long,1.0,0.3586206896551724
PEINT,3wzs_1_A,145,long,0.5,0.5
PEINT,3wzs_1_A,145,long,0.2,0.6896551724137931
PEINT,3wzs_1_A,145,all,1.0,0.3310344827586207
PEINT,3wzs_1_A,145,all,0.5,0.5555555555555556
PEINT,3wzs_1_A,145,all,0.2,0.8620689655172413
PEINT,3zhi_1_A,73,short,1.0,0.3561643835616438
PEINT,3zhi_1_A,73,short,0.5,0.5555555555555556
PEINT,3zhi_1_A,73,short,0.2,0.5714285714285714
PEINT,3zhi_1_A,73,medium,1.0,0.1643835616438356
PEINT,3zhi_1_A,73,medium,0.5,0.16666666666666666
PEINT,3zhi_1_A,73,medium,0.2,0.2857142857142857
PEINT,3zhi_1_A,73,long,1.0,0.5342465753424658
PEINT,3zhi_1_A,73,long,0.5,0.6666666666666666
PEINT,3zhi_1_A,73,long,0.2,0.5714285714285714
PEINT,3zhi_1_A,73,all,1.0,0.4246575342465753
PEINT,3zhi_1_A,73,all,0.5,0.5555555555555556
PEINT,3zhi_1_A,73,all,0.2,0.7142857142857143
PEINT,3zia_1_H,124,short,1.0,0.25806451612903225
PEINT,3zia_1_H,124,short,0.5,0.3870967741935484
PEINT,3zia_1_H,124,short,0.2,0.6666666666666666
PEINT,3zia_1_H,124,medium,1.0,0.20967741935483872
PEINT,3zia_1_H,124,medium,0.5,0.2903225806451613
PEINT,3zia_1_H,124,medium,0.2,0.16666666666666666
PEINT,3zia_1_H,124,long,1.0,0.25806451612903225
PEINT,3zia_1_H,124,long,0.5,0.3225806451612903
PEINT,3zia_1_H,124,long,0.2,0.3333333333333333
PEINT,3zia_1_H,124,all,1.0,0.25806451612903225
PEINT,3zia_1_H,124,all,0.5,0.41935483870967744
PEINT,3zia_1_H,124,all,0.2,0.6666666666666666
PEINT,3zrv_1_A,108,short,1.0,0.037037037037037035
PEINT,3zrv_1_A,108,short,0.5,0.07407407407407407
PEINT,3zrv_1_A,108,short,0.2,0.09523809523809523
PEINT,3zrv_1_A,108,medium,1.0,0.1111111111111111
PEINT,3zrv_1_A,108,medium,0.5,0.1111111111111111
PEINT,3zrv_1_A,108,medium,0.2,0.19047619047619047
PEINT,3zrv_1_A,108,long,1.0,0.2037037037037037
PEINT,3zrv_1_A,108,long,0.5,0.3333333333333333
PEINT,3zrv_1_A,108,long,0.2,0.47619047619047616
PEINT,3zrv_1_A,108,all,1.0,0.1111111111111111
PEINT,3zrv_1_A,108,all,0.5,0.14814814814814814
PEINT,3zrv_1_A,108,all,0.2,0.2857142857142857
PEINT,3zy2_1_B,342,short,1.0,0.1286549707602339
PEINT,3zy2_1_B,342,short,0.5,0.10526315789473684
PEINT,3zy2_1_B,342,short,0.2,0.14705882352941177
PEINT,3zy2_1_B,342,medium,1.0,0.07602339181286549
PEINT,3zy2_1_B,342,medium,0.5,0.10526315789473684
PEINT,3zy2_1_B,342,medium,0.2,0.11764705882352941
PEINT,3zy2_1_B,342,long,1.0,0.18128654970760233
PEINT,3zy2_1_B,342,long,0.5,0.21052631578947367
PEINT,3zy2_1_B,342,long,0.2,0.35294117647058826
PEINT,3zy2_1_B,342,all,1.0,0.15204678362573099
PEINT,3zy2_1_B,342,all,0.5,0.14035087719298245
PEINT,3zy2_1_B,342,all,0.2,0.14705882352941177
PEINT,4aip_1_B,665,short,1.0,0.1924812030075188
PEINT,4aip_1_B,665,short,0.5,0.1927710843373494
PEINT,4aip_1_B,665,short,0.2,0.19548872180451127
PEINT,4aip_1_B,665,medium,1.0,0.29774436090225564
PEINT,4aip_1_B,665,medium,0.5,0.3192771084337349
PEINT,4aip_1_B,665,medium,0.2,0.3458646616541353
PEINT,4aip_1_B,665,long,1.0,0.35789473684210527
PEINT,4aip_1_B,665,long,0.5,0.5060240963855421
PEINT,4aip_1_B,665,long,0.2,0.6165413533834586
PEINT,4aip_1_B,665,all,1.0,0.29473684210526313
PEINT,4aip_1_B,665,all,0.5,0.29518072289156627
PEINT,4aip_1_B,665,all,0.2,0.2857142857142857
PEINT,4ano_1_A,209,short,1.0,0.14354066985645933
PEINT,4ano_1_A,209,short,0.5,0.21153846153846154
PEINT,4ano_1_A,209,short,0.2,0.24390243902439024
PEINT,4ano_1_A,209,medium,1.0,0.09569377990430622
PEINT,4ano_1_A,209,medium,0.5,0.09615384615384616
PEINT,4ano_1_A,209,medium,0.2,0.0975609756097561
PEINT,4ano_1_A,209,long,1.0,0.19138755980861244
PEINT,4ano_1_A,209,long,0.5,0.25
PEINT,4ano_1_A,209,long,0.2,0.0975609756097561
PEINT,4ano_1_A,209,all,1.0,0.15311004784688995
PEINT,4ano_1_A,209,all,0.5,0.23076923076923078
PEINT,4ano_1_A,209,all,0.2,0.21951219512195122
PEINT,4au2_1_B,354,short,1.0,0.1016949152542373
PEINT,4au2_1_B,354,short,0.5,0.1016949152542373
PEINT,4au2_1_B,354,short,0.2,0.05714285714285714
PEINT,4au2_1_B,354,medium,1.0,0.07909604519774012
PEINT,4au2_1_B,354,medium,0.5,0.11299435028248588
PEINT,4au2_1_B,354,medium,0.2,0.14285714285714285
PEINT,4au2_1_B,354,long,1.0,0.062146892655367235
PEINT,4au2_1_B,354,long,0.5,0.05649717514124294
PEINT,4au2_1_B,354,long,0.2,0.05714285714285714
PEINT,4au2_1_B,354,all,1.0,0.11299435028248588
PEINT,4au2_1_B,354,all,0.5,0.12429378531073447
PEINT,4au2_1_B,354,all,0.2,0.05714285714285714
PEINT,4avd_1_A,110,short,1.0,0.10909090909090909
PEINT,4avd_1_A,110,short,0.5,0.03636363636363636
PEINT,4avd_1_A,110,short,0.2,0.09090909090909091
PEINT,4avd_1_A,110,medium,1.0,0.10909090909090909
PEINT,4avd_1_A,110,medium,0.5,0.14545454545454545
PEINT,4avd_1_A,110,medium,0.2,0.2727272727272727
PEINT,4avd_1_A,110,long,1.0,0.2727272727272727
PEINT,4avd_1_A,110,long,0.5,0.32727272727272727
PEINT,4avd_1_A,110,long,0.2,0.5454545454545454
PEINT,4avd_1_A,110,all,1.0,0.12727272727272726
PEINT,4avd_1_A,110,all,0.5,0.18181818181818182
PEINT,4avd_1_A,110,all,0.2,0.2727272727272727
PEINT,4b9w_1_B,191,short,1.0,0.1256544502617801
PEINT,4b9w_1_B,191,short,0.5,0.21052631578947367
PEINT,4b9w_1_B,191,short,0.2,0.3684210526315789
PEINT,4b9w_1_B,191,medium,1.0,0.17277486910994763
PEINT,4b9w_1_B,191,medium,0.5,0.2736842105263158
PEINT,4b9w_1_B,191,medium,0.2,0.3684210526315789
PEINT,4b9w_1_B,191,long,1.0,0.08376963350785341
PEINT,4b9w_1_B,191,long,0.5,0.10526315789473684
PEINT,4b9w_1_B,191,long,0.2,0.15789473684210525
PEINT,4b9w_1_B,191,all,1.0,0.19895287958115182
PEINT,4b9w_1_B,191,all,0.5,0.29473684210526313
PEINT,4b9w_1_B,191,all,0.2,0.3684210526315789
PEINT,4bfk_1_B,125,short,1.0,0.272
PEINT,4bfk_1_B,125,short,0.5,0.3225806451612903
PEINT,4bfk_1_B,125,short,0.2,0.4
PEINT,4bfk_1_B,125,medium,1.0,0.424
PEINT,4bfk_1_B,125,medium,0.5,0.5161290322580645
PEINT,4bfk_1_B,125,medium,0.2,0.68
PEINT,4bfk_1_B,125,long,1.0,0.4
PEINT,4bfk_1_B,125,long,0.5,0.45161290322580644
PEINT,4bfk_1_B,125,long,0.2,0.44
PEINT,4bfk_1_B,125,all,1.0,0.416
PEINT,4bfk_1_B,125,all,0.5,0.5161290322580645
PEINT,4bfk_1_B,125,all,0.2,0.64
PEINT,4bgb_1_A,316,short,1.0,0.10759493670886076
PEINT,4bgb_1_A,316,short,0.5,0.16455696202531644
PEINT,4bgb_1_A,316,short,0.2,0.19047619047619047
PEINT,4bgb_1_A,316,medium,1.0,0.12025316455696203
PEINT,4bgb_1_A,316,medium,0.5,0.17721518987341772
PEINT,4bgb_1_A,316,medium,0.2,0.19047619047619047
PEINT,4bgb_1_A,316,long,1.0,0.34177215189873417
PEINT,4bgb_1_A,316,long,0.5,0.4177215189873418
PEINT,4bgb_1_A,316,long,0.2,0.6666666666666666
PEINT,4bgb_1_A,316,all,1.0,0.22151898734177214
PEINT,4bgb_1_A,316,all,0.5,0.2911392405063291
PEINT,4bgb_1_A,316,all,0.2,0.2222222222222222
PEINT,4big_1_A,199,short,1.0,0.20100502512562815
PEINT,4big_1_A,199,short,0.5,0.25252525252525254
PEINT,4big_1_A,199,short,0.2,0.3076923076923077
PEINT,4big_1_A,199,medium,1.0,0.135678391959799
PEINT,4big_1_A,199,medium,0.5,0.1414141414141414
PEINT,4big_1_A,199,medium,0.2,0.15384615384615385
PEINT,4big_1_A,199,long,1.0,0.0
PEINT,4big_1_A,199,long,0.5,0.0
PEINT,4big_1_A,199,long,0.2,0.0
PEINT,4big_1_A,199,all,1.0,0.20603015075376885
PEINT,4big_1_A,199,all,0.5,0.24242424242424243
PEINT,4big_1_A,199,all,0.2,0.3076923076923077
PEINT,4bjh_1_A,422,short,1.0,0.1895734597156398
PEINT,4bjh_1_A,422,short,0.5,0.24644549763033174
PEINT,4bjh_1_A,422,short,0.2,0.3333333333333333
PEINT,4bjh_1_A,422,medium,1.0,0.14218009478672985
PEINT,4bjh_1_A,422,medium,0.5,0.1990521327014218
PEINT,4bjh_1_A,422,medium,0.2,0.2619047619047619
PEINT,4bjh_1_A,422,long,1.0,0.33649289099526064
PEINT,4bjh_1_A,422,long,0.5,0.4549763033175355
PEINT,4bjh_1_A,422,long,0.2,0.5952380952380952
PEINT,4bjh_1_A,422,all,1.0,0.3127962085308057
PEINT,4bjh_1_A,422,all,0.5,0.36018957345971564
PEINT,4bjh_1_A,422,all,0.2,0.4523809523809524
PEINT,4bze_1_A,322,short,1.0,0.2608695652173913
PEINT,4bze_1_A,322,short,0.5,0.36024844720496896
PEINT,4bze_1_A,322,short,0.2,0.5
PEINT,4bze_1_A,322,medium,1.0,0.2670807453416149
PEINT,4bze_1_A,322,medium,0.5,0.38509316770186336
PEINT,4bze_1_A,322,medium,0.2,0.53125
PEINT,4bze_1_A,322,long,1.0,0.2981366459627329
PEINT,4bze_1_A,322,long,0.5,0.3105590062111801
PEINT,4bze_1_A,322,long,0.2,0.5
PEINT,4bze_1_A,322,all,1.0,0.391304347826087
PEINT,4bze_1_A,322,all,0.5,0.484472049689441
PEINT,4bze_1_A,322,all,0.2,0.625
PEINT,4c0n_1_B,150,short,1.0,0.08
PEINT,4c0n_1_B,150,short,0.5,0.08
PEINT,4c0n_1_B,150,short,0.2,0.06666666666666667
PEINT,4c0n_1_B,150,medium,1.0,0.06666666666666667
PEINT,4c0n_1_B,150,medium,0.5,0.09333333333333334
PEINT,4c0n_1_B,150,medium,0.2,0.13333333333333333
PEINT,4c0n_1_B,150,long,1.0,0.26666666666666666
PEINT,4c0n_1_B,150,long,0.5,0.37333333333333335
PEINT,4c0n_1_B,150,long,0.2,0.4666666666666667
PEINT,4c0n_1_B,150,all,1.0,0.13333333333333333
PEINT,4c0n_1_B,150,all,0.5,0.16
PEINT,4c0n_1_B,150,all,0.2,0.13333333333333333
PEINT,4c5f_1_A,330,short,1.0,0.11515151515151516
PEINT,4c5f_1_A,330,short,0.5,0.12121212121212122
PEINT,4c5f_1_A,330,short,0.2,0.18181818181818182
PEINT,4c5f_1_A,330,medium,1.0,0.10909090909090909
PEINT,4c5f_1_A,330,medium,0.5,0.10909090909090909
PEINT,4c5f_1_A,330,medium,0.2,0.06060606060606061
PEINT,4c5f_1_A,330,long,1.0,0.17575757575757575
PEINT,4c5f_1_A,330,long,0.5,0.19393939393939394
PEINT,4c5f_1_A,330,long,0.2,0.24242424242424243
PEINT,4c5f_1_A,330,all,1.0,0.11515151515151516
PEINT,4c5f_1_A,330,all,0.5,0.13333333333333333
PEINT,4c5f_1_A,330,all,0.2,0.18181818181818182
PEINT,4cag_1_A,584,short,1.0,0.3253424657534247
PEINT,4cag_1_A,584,short,0.5,0.4246575342465753
PEINT,4cag_1_A,584,short,0.2,0.6206896551724138
PEINT,4cag_1_A,584,medium,1.0,0.3047945205479452
PEINT,4cag_1_A,584,medium,0.5,0.3835616438356164
PEINT,4cag_1_A,584,medium,0.2,0.46551724137931033
PEINT,4cag_1_A,584,long,1.0,0.2602739726027397
PEINT,4cag_1_A,584,long,0.5,0.363013698630137
PEINT,4cag_1_A,584,long,0.2,0.5172413793103449
PEINT,4cag_1_A,584,all,1.0,0.4075342465753425
PEINT,4cag_1_A,584,all,0.5,0.4863013698630137
PEINT,4cag_1_A,584,all,0.2,0.603448275862069
PEINT,4cu9_1_A,173,short,1.0,0.09248554913294797
PEINT,4cu9_1_A,173,short,0.5,0.06976744186046512
PEINT,4cu9_1_A,173,short,0.2,0.0
PEINT,4cu9_1_A,173,medium,1.0,0.13872832369942195
PEINT,4cu9_1_A,173,medium,0.5,0.18604651162790697
PEINT,4cu9_1_A,173,medium,0.2,0.29411764705882354
PEINT,4cu9_1_A,173,long,1.0,0.3352601156069364
PEINT,4cu9_1_A,173,long,0.5,0.3953488372093023
PEINT,4cu9_1_A,173,long,0.2,0.47058823529411764
PEINT,4cu9_1_A,173,all,1.0,0.20809248554913296
PEINT,4cu9_1_A,173,all,0.5,0.27906976744186046
PEINT,4cu9_1_A,173,all,0.2,0.4117647058823529
PEINT,4cw4_1_A,639,short,1.0,0.09702660406885759
PEINT,4cw4_1_A,639,short,0.5,0.12225705329153605
PEINT,4cw4_1_A,639,short,0.2,0.14173228346456693
PEINT,4cw4_1_A,639,medium,1.0,0.09389671361502347
PEINT,4cw4_1_A,639,medium,0.5,0.15047021943573669
PEINT,4cw4_1_A,639,medium,0.2,0.23622047244094488
PEINT,4cw4_1_A,639,long,1.0,0.1784037558685446
PEINT,4cw4_1_A,639,long,0.5,0.23197492163009403
PEINT,4cw4_1_A,639,long,0.2,0.2992125984251969
PEINT,4cw4_1_A,639,all,1.0,0.14397496087636932
PEINT,4cw4_1_A,639,all,0.5,0.16300940438871472
PEINT,4cw4_1_A,639,all,0.2,0.18110236220472442
PEINT,4d12_1_A,301,short,1.0,0.15282392026578073
PEINT,4d12_1_A,301,short,0.5,0.22666666666666666
PEINT,4d12_1_A,301,short,0.2,0.26666666666666666
PEINT,4d12_1_A,301,medium,1.0,0.2059800664451827
PEINT,4d12_1_A,301,medium,0.5,0.3333333333333333
PEINT,4d12_1_A,301,medium,0.2,0.6
PEINT,4d12_1_A,301,long,1.0,0.26578073089701
PEINT,4d12_1_A,301,long,0.5,0.29333333333333333
PEINT,4d12_1_A,301,long,0.2,0.43333333333333335
PEINT,4d12_1_A,301,all,1.0,0.29900332225913623
PEINT,4d12_1_A,301,all,0.5,0.36
PEINT,4d12_1_A,301,all,0.2,0.5
PEINT,4d53_1_A,133,short,1.0,0.3233082706766917
PEINT,4d53_1_A,133,short,0.5,0.48484848484848486
PEINT,4d53_1_A,133,short,0.2,0.5384615384615384
PEINT,4d53_1_A,133,medium,1.0,0.18045112781954886
PEINT,4d53_1_A,133,medium,0.5,0.2727272727272727
PEINT,4d53_1_A,133,medium,0.2,0.3076923076923077
PEINT,4d53_1_A,133,long,1.0,0.3233082706766917
PEINT,4d53_1_A,133,long,0.5,0.36363636363636365
PEINT,4d53_1_A,133,long,0.2,0.46153846153846156
PEINT,4d53_1_A,133,all,1.0,0.37593984962406013
PEINT,4d53_1_A,133,all,0.5,0.45454545454545453
PEINT,4d53_1_A,133,all,0.2,0.5384615384615384
PEINT,4djg_1_B,47,short,1.0,0.0425531914893617
PEINT,4djg_1_B,47,short,0.5,0.08695652173913043
PEINT,4djg_1_B,47,short,0.2,0.1111111111111111
PEINT,4djg_1_B,47,medium,1.0,0.0851063829787234
PEINT,4djg_1_B,47,medium,0.5,0.13043478260869565
PEINT,4djg_1_B,47,medium,0.2,0.2222222222222222
PEINT,4djg_1_B,47,long,1.0,0.1702127659574468
PEINT,4djg_1_B,47,long,0.5,0.34782608695652173
PEINT,4djg_1_B,47,long,0.2,0.7777777777777778
PEINT,4djg_1_B,47,all,1.0,0.2127659574468085
PEINT,4djg_1_B,47,all,0.5,0.30434782608695654
PEINT,4djg_1_B,47,all,0.2,0.2222222222222222
PEINT,4dy0_1_A,362,short,1.0,0.11049723756906077
PEINT,4dy0_1_A,362,short,0.5,0.143646408839779
PEINT,4dy0_1_A,362,short,0.2,0.1388888888888889
PEINT,4dy0_1_A,362,medium,1.0,0.14917127071823205
PEINT,4dy0_1_A,362,medium,0.5,0.20994475138121546
PEINT,4dy0_1_A,362,medium,0.2,0.2222222222222222
PEINT,4dy0_1_A,362,long,1.0,0.08839779005524862
PEINT,4dy0_1_A,362,long,0.5,0.09944751381215469
PEINT,4dy0_1_A,362,long,0.2,0.1388888888888889
PEINT,4dy0_1_A,362,all,1.0,0.13812154696132597
PEINT,4dy0_1_A,362,all,0.5,0.13812154696132597
PEINT,4dy0_1_A,362,all,0.2,0.1388888888888889
PEINT,4e4w_1_B,213,short,1.0,0.1267605633802817
PEINT,4e4w_1_B,213,short,0.5,0.18867924528301888
PEINT,4e4w_1_B,213,short,0.2,0.14285714285714285
PEINT,4e4w_1_B,213,medium,1.0,0.11267605633802817
PEINT,4e4w_1_B,213,medium,0.5,0.1509433962264151
PEINT,4e4w_1_B,213,medium,0.2,0.3333333333333333
PEINT,4e4w_1_B,213,long,1.0,0.0892018779342723
PEINT,4e4w_1_B,213,long,0.5,0.1320754716981132
PEINT,4e4w_1_B,213,long,0.2,0.19047619047619047
PEINT,4e4w_1_B,213,all,1.0,0.1784037558685446
PEINT,4e4w_1_B,213,all,0.5,0.22641509433962265
PEINT,4e4w_1_B,213,all,0.2,0.19047619047619047
PEINT,4eae_1_A,184,short,1.0,0.06521739130434782
PEINT,4eae_1_A,184,short,0.5,0.10869565217391304
PEINT,4eae_1_A,184,short,0.2,0.05555555555555555
PEINT,4eae_1_A,184,medium,1.0,0.10869565217391304
PEINT,4eae_1_A,184,medium,0.5,0.13043478260869565
PEINT,4eae_1_A,184,medium,0.2,0.1111111111111111
PEINT,4eae_1_A,184,long,1.0,0.33695652173913043
PEINT,4eae_1_A,184,long,0.5,0.43478260869565216
PEINT,4eae_1_A,184,long,0.2,0.5
PEINT,4eae_1_A,184,all,1.0,0.16304347826086957
PEINT,4eae_1_A,184,all,0.5,0.17391304347826086
PEINT,4eae_1_A,184,all,0.2,0.1111111111111111
PEINT,4ehx_1_A,315,short,1.0,0.19682539682539682
PEINT,4ehx_1_A,315,short,0.5,0.2229299363057325
PEINT,4ehx_1_A,315,short,0.2,0.4126984126984127
PEINT,4ehx_1_A,315,medium,1.0,0.2698412698412698
PEINT,4ehx_1_A,315,medium,0.5,0.34394904458598724
PEINT,4ehx_1_A,315,medium,0.2,0.42857142857142855
PEINT,4ehx_1_A,315,long,1.0,0.41904761904761906
PEINT,4ehx_1_A,315,long,0.5,0.5859872611464968
PEINT,4ehx_1_A,315,long,0.2,0.8095238095238095
PEINT,4ehx_1_A,315,all,1.0,0.4253968253968254
PEINT,4ehx_1_A,315,all,0.5,0.5477707006369427
PEINT,4ehx_1_A,315,all,0.2,0.5873015873015873
PEINT,4esj_1_A,246,short,1.0,0.14634146341463414
PEINT,4esj_1_A,246,short,0.5,0.1951219512195122
PEINT,4esj_1_A,246,short,0.2,0.2857142857142857
PEINT,4esj_1_A,246,medium,1.0,0.14634146341463414
PEINT,4esj_1_A,246,medium,0.5,0.18699186991869918
PEINT,4esj_1_A,246,medium,0.2,0.24489795918367346
PEINT,4esj_1_A,246,long,1.0,0.21138211382113822
PEINT,4esj_1_A,246,long,0.5,0.22764227642276422
PEINT,4esj_1_A,246,long,0.2,0.32653061224489793
PEINT,4esj_1_A,246,all,1.0,0.1951219512195122
PEINT,4esj_1_A,246,all,0.5,0.1951219512195122
PEINT,4esj_1_A,246,all,0.2,0.3673469387755102
PEINT,4esq_1_A,194,short,1.0,0.1958762886597938
PEINT,4esq_1_A,194,short,0.5,0.26804123711340205
PEINT,4esq_1_A,194,short,0.2,0.2631578947368421
PEINT,4esq_1_A,194,medium,1.0,0.23711340206185566
PEINT,4esq_1_A,194,medium,0.5,0.32989690721649484
PEINT,4esq_1_A,194,medium,0.2,0.3684210526315789
PEINT,4esq_1_A,194,long,1.0,0.13402061855670103
PEINT,4esq_1_A,194,long,0.5,0.20618556701030927
PEINT,4esq_1_A,194,long,0.2,0.3157894736842105
PEINT,4esq_1_A,194,all,1.0,0.26804123711340205
PEINT,4esq_1_A,194,all,0.5,0.31958762886597936
PEINT,4esq_1_A,194,all,0.2,0.3684210526315789
PEINT,4f3n_1_A,374,short,1.0,0.19786096256684493
PEINT,4f3n_1_A,374,short,0.5,0.26737967914438504
PEINT,4f3n_1_A,374,short,0.2,0.3783783783783784
PEINT,4f3n_1_A,374,medium,1.0,0.11229946524064172
PEINT,4f3n_1_A,374,medium,0.5,0.16042780748663102
PEINT,4f3n_1_A,374,medium,0.2,0.21621621621621623
PEINT,4f3n_1_A,374,long,1.0,0.33689839572192515
PEINT,4f3n_1_A,374,long,0.5,0.5080213903743316
PEINT,4f3n_1_A,374,long,0.2,0.7027027027027027
PEINT,4f3n_1_A,374,all,1.0,0.31016042780748665
PEINT,4f3n_1_A,374,all,0.5,0.40106951871657753
PEINT,4f3n_1_A,374,all,0.2,0.4594594594594595
PEINT,4fzo_1_A,82,short,1.0,0.024390243902439025
PEINT,4fzo_1_A,82,short,0.5,0.0
PEINT,4fzo_1_A,82,short,0.2,0.0
PEINT,4fzo_1_A,82,medium,1.0,0.14634146341463414
PEINT,4fzo_1_A,82,medium,0.5,0.1951219512195122
PEINT,4fzo_1_A,82,medium,0.2,0.25
PEINT,4fzo_1_A,82,long,1.0,0.24390243902439024
PEINT,4fzo_1_A,82,long,0.5,0.2926829268292683
PEINT,4fzo_1_A,82,long,0.2,0.25
PEINT,4fzo_1_A,82,all,1.0,0.04878048780487805
PEINT,4fzo_1_A,82,all,0.5,0.04878048780487805
PEINT,4fzo_1_A,82,all,0.2,0.0
PEINT,4g2s_1_A,106,short,1.0,0.18867924528301888
PEINT,4g2s_1_A,106,short,0.5,0.18867924528301888
PEINT,4g2s_1_A,106,short,0.2,0.2857142857142857
PEINT,4g2s_1_A,106,medium,1.0,0.18867924528301888
PEINT,4g2s_1_A,106,medium,0.5,0.2641509433962264
PEINT,4g2s_1_A,106,medium,0.2,0.47619047619047616
PEINT,4g2s_1_A,106,long,1.0,0.05660377358490566
PEINT,4g2s_1_A,106,long,0.5,0.0
PEINT,4g2s_1_A,106,long,0.2,0.0
PEINT,4g2s_1_A,106,all,1.0,0.20754716981132076
PEINT,4g2s_1_A,106,all,0.5,0.22641509433962265
PEINT,4g2s_1_A,106,all,0.2,0.38095238095238093
PEINT,4ga1_1_A,143,short,1.0,0.11188811188811189
PEINT,4ga1_1_A,143,short,0.5,0.11267605633802817
PEINT,4ga1_1_A,143,short,0.2,0.07142857142857142
PEINT,4ga1_1_A,143,medium,1.0,0.32167832167832167
PEINT,4ga1_1_A,143,medium,0.5,0.4225352112676056
PEINT,4ga1_1_A,143,medium,0.2,0.6428571428571429
PEINT,4ga1_1_A,143,long,1.0,0.3076923076923077
PEINT,4ga1_1_A,143,long,0.5,0.4507042253521127
PEINT,4ga1_1_A,143,long,0.2,0.7142857142857143
PEINT,4ga1_1_A,143,all,1.0,0.2937062937062937
PEINT,4ga1_1_A,143,all,0.5,0.39436619718309857
PEINT,4ga1_1_A,143,all,0.2,0.5
PEINT,4gq1_1_A,347,short,1.0,0.3227665706051873
PEINT,4gq1_1_A,347,short,0.5,0.3468208092485549
PEINT,4gq1_1_A,347,short,0.2,0.3333333333333333
PEINT,4gq1_1_A,347,medium,1.0,0.42363112391930835
PEINT,4gq1_1_A,347,medium,0.5,0.4393063583815029
PEINT,4gq1_1_A,347,medium,0.2,0.5217391304347826
PEINT,4gq1_1_A,347,long,1.0,0.13544668587896252
PEINT,4gq1_1_A,347,long,0.5,0.12716763005780346
PEINT,4gq1_1_A,347,long,0.2,0.14492753623188406
PEINT,4gq1_1_A,347,all,1.0,0.3804034582132565
PEINT,4gq1_1_A,347,all,0.5,0.3815028901734104
PEINT,4gq1_1_A,347,all,0.2,0.36231884057971014
PEINT,4h09_1_A,374,short,1.0,0.13903743315508021
PEINT,4h09_1_A,374,short,0.5,0.22459893048128343
PEINT,4h09_1_A,374,short,0.2,0.3783783783783784
PEINT,4h09_1_A,374,medium,1.0,0.39572192513368987
PEINT,4h09_1_A,374,medium,0.5,0.40106951871657753
PEINT,4h09_1_A,374,medium,0.2,0.4864864864864865
PEINT,4h09_1_A,374,long,1.0,0.25133689839572193
PEINT,4h09_1_A,374,long,0.5,0.32085561497326204
PEINT,4h09_1_A,374,long,0.2,0.4594594594594595
PEINT,4h09_1_A,374,all,1.0,0.28342245989304815
PEINT,4h09_1_A,374,all,0.5,0.2994652406417112
PEINT,4h09_1_A,374,all,0.2,0.35135135135135137
PEINT,4h3u_1_A,131,short,1.0,0.3282442748091603
PEINT,4h3u_1_A,131,short,0.5,0.4307692307692308
PEINT,4h3u_1_A,131,short,0.2,0.6153846153846154
PEINT,4h3u_1_A,131,medium,1.0,0.5343511450381679
PEINT,4h3u_1_A,131,medium,0.5,0.6
PEINT,4h3u_1_A,131,medium,0.2,0.7692307692307693
PEINT,4h3u_1_A,131,long,1.0,0.5038167938931297
PEINT,4h3u_1_A,131,long,0.5,0.6615384615384615
PEINT,4h3u_1_A,131,long,0.2,0.7692307692307693
PEINT,4h3u_1_A,131,all,1.0,0.5725190839694656
PEINT,4h3u_1_A,131,all,0.5,0.6923076923076923
PEINT,4h3u_1_A,131,all,0.2,0.6923076923076923
PEINT,4hei_1_A,92,short,1.0,0.2391304347826087
PEINT,4hei_1_A,92,short,0.5,0.21739130434782608
PEINT,4hei_1_A,92,short,0.2,0.3333333333333333
PEINT,4hei_1_A,92,medium,1.0,0.30434782608695654
PEINT,4hei_1_A,92,medium,0.5,0.5217391304347826
PEINT,4hei_1_A,92,medium,0.2,0.7777777777777778
PEINT,4hei_1_A,92,long,1.0,0.4782608695652174
PEINT,4hei_1_A,92,long,0.5,0.6086956521739131
PEINT,4hei_1_A,92,long,0.2,0.7777777777777778
PEINT,4hei_1_A,92,all,1.0,0.391304347826087
PEINT,4hei_1_A,92,all,0.5,0.391304347826087
PEINT,4hei_1_A,92,all,0.2,0.5555555555555556
PEINT,4hst_1_A,216,short,1.0,0.14814814814814814
PEINT,4hst_1_A,216,short,0.5,0.2222222222222222
PEINT,4hst_1_A,216,short,0.2,0.32558139534883723
PEINT,4hst_1_A,216,medium,1.0,0.1388888888888889
PEINT,4hst_1_A,216,medium,0.5,0.16666666666666666
PEINT,4hst_1_A,216,medium,0.2,0.27906976744186046
PEINT,4hst_1_A,216,long,1.0,0.24074074074074073
PEINT,4hst_1_A,216,long,0.5,0.25925925925925924
PEINT,4hst_1_A,216,long,0.2,0.37209302325581395
PEINT,4hst_1_A,216,all,1.0,0.2222222222222222
PEINT,4hst_1_A,216,all,0.5,0.2777777777777778
PEINT,4hst_1_A,216,all,0.2,0.4186046511627907
PEINT,4hst_1_B,535,short,1.0,0.16074766355140188
PEINT,4hst_1_B,535,short,0.5,0.1797752808988764
PEINT,4hst_1_B,535,short,0.2,0.24299065420560748
PEINT,4hst_1_B,535,medium,1.0,0.19065420560747665
PEINT,4hst_1_B,535,medium,0.5,0.24719101123595505
PEINT,4hst_1_B,535,medium,0.2,0.29906542056074764
PEINT,4hst_1_B,535,long,1.0,0.15327102803738318
PEINT,4hst_1_B,535,long,0.5,0.18352059925093633
PEINT,4hst_1_B,535,long,0.2,0.308411214953271
PEINT,4hst_1_B,535,all,1.0,0.21495327102803738
PEINT,4hst_1_B,535,all,0.5,0.20973782771535582
PEINT,4hst_1_B,535,all,0.2,0.2616822429906542
PEINT,4hvy_1_A,135,short,1.0,0.2518518518518518
PEINT,4hvy_1_A,135,short,0.5,0.417910447761194
PEINT,4hvy_1_A,135,short,0.2,0.5555555555555556
PEINT,4hvy_1_A,135,medium,1.0,0.2
PEINT,4hvy_1_A,135,medium,0.5,0.29850746268656714
PEINT,4hvy_1_A,135,medium,0.2,0.5185185185185185
PEINT,4hvy_1_A,135,long,1.0,0.5259259259259259
PEINT,4hvy_1_A,135,long,0.5,0.8059701492537313
PEINT,4hvy_1_A,135,long,0.2,0.9259259259259259
PEINT,4hvy_1_A,135,all,1.0,0.5333333333333333
PEINT,4hvy_1_A,135,all,0.5,0.6716417910447762
PEINT,4hvy_1_A,135,all,0.2,0.8148148148148148
PEINT,4hyl_1_A,113,short,1.0,0.24778761061946902
PEINT,4hyl_1_A,113,short,0.5,0.39285714285714285
PEINT,4hyl_1_A,113,short,0.2,0.6363636363636364
PEINT,4hyl_1_A,113,medium,1.0,0.2831858407079646
PEINT,4hyl_1_A,113,medium,0.5,0.42857142857142855
PEINT,4hyl_1_A,113,medium,0.2,0.7272727272727273
PEINT,4hyl_1_A,113,long,1.0,0.6283185840707964
PEINT,4hyl_1_A,113,long,0.5,0.7142857142857143
PEINT,4hyl_1_A,113,long,0.2,0.7272727272727273
PEINT,4hyl_1_A,113,all,1.0,0.46017699115044247
PEINT,4hyl_1_A,113,all,0.5,0.6428571428571429
PEINT,4hyl_1_A,113,all,0.2,0.7272727272727273
PEINT,4i3m_1_B,150,short,1.0,0.02666666666666667
PEINT,4i3m_1_B,150,short,0.5,0.02666666666666667
PEINT,4i3m_1_B,150,short,0.2,0.06666666666666667
PEINT,4i3m_1_B,150,medium,1.0,0.02666666666666667
PEINT,4i3m_1_B,150,medium,0.5,0.05333333333333334
PEINT,4i3m_1_B,150,medium,0.2,0.13333333333333333
PEINT,4i3m_1_B,150,long,1.0,0.0
PEINT,4i3m_1_B,150,long,0.5,0.0
PEINT,4i3m_1_B,150,long,0.2,0.0
PEINT,4i3m_1_B,150,all,1.0,0.05333333333333334
PEINT,4i3m_1_B,150,all,0.5,0.05333333333333334
PEINT,4i3m_1_B,150,all,0.2,0.06666666666666667
PEINT,4iab_1_A,142,short,1.0,0.19718309859154928
PEINT,4iab_1_A,142,short,0.5,0.22535211267605634
PEINT,4iab_1_A,142,short,0.2,0.2857142857142857
PEINT,4iab_1_A,142,medium,1.0,0.2112676056338028
PEINT,4iab_1_A,142,medium,0.5,0.30985915492957744
PEINT,4iab_1_A,142,medium,0.2,0.42857142857142855
PEINT,4iab_1_A,142,long,1.0,0.08450704225352113
PEINT,4iab_1_A,142,long,0.5,0.14084507042253522
PEINT,4iab_1_A,142,long,0.2,0.21428571428571427
PEINT,4iab_1_A,142,all,1.0,0.2535211267605634
PEINT,4iab_1_A,142,all,0.5,0.39436619718309857
PEINT,4iab_1_A,142,all,0.2,0.5714285714285714
PEINT,4ici_1_A,159,short,1.0,0.20125786163522014
PEINT,4ici_1_A,159,short,0.5,0.189873417721519
PEINT,4ici_1_A,159,short,0.2,0.3870967741935484
PEINT,4ici_1_A,159,medium,1.0,0.1761006289308176
PEINT,4ici_1_A,159,medium,0.5,0.25316455696202533
PEINT,4ici_1_A,159,medium,0.2,0.5161290322580645
PEINT,4ici_1_A,159,long,1.0,0.5220125786163522
PEINT,4ici_1_A,159,long,0.5,0.569620253164557
PEINT,4ici_1_A,159,long,0.2,0.8064516129032258
PEINT,4ici_1_A,159,all,1.0,0.389937106918239
PEINT,4ici_1_A,159,all,0.5,0.5063291139240507
PEINT,4ici_1_A,159,all,0.2,0.6774193548387096
PEINT,4ief_1_B,422,short,1.0,0.17061611374407584
PEINT,4ief_1_B,422,short,0.5,0.1990521327014218
PEINT,4ief_1_B,422,short,0.2,0.2857142857142857
PEINT,4ief_1_B,422,medium,1.0,0.23696682464454977
PEINT,4ief_1_B,422,medium,0.5,0.3222748815165877
PEINT,4ief_1_B,422,medium,0.2,0.3333333333333333
PEINT,4ief_1_B,422,long,1.0,0.2938388625592417
PEINT,4ief_1_B,422,long,0.5,0.4312796208530806
PEINT,4ief_1_B,422,long,0.2,0.6190476190476191
PEINT,4ief_1_B,422,all,1.0,0.26540284360189575
PEINT,4ief_1_B,422,all,0.5,0.3222748815165877
PEINT,4ief_1_B,422,all,0.2,0.35714285714285715
PEINT,4iji_1_B,198,short,1.0,0.1414141414141414
PEINT,4iji_1_B,198,short,0.5,0.26262626262626265
PEINT,4iji_1_B,198,short,0.2,0.41025641025641024
PEINT,4iji_1_B,198,medium,1.0,0.08080808080808081
PEINT,4iji_1_B,198,medium,0.5,0.10101010101010101
PEINT,4iji_1_B,198,medium,0.2,0.20512820512820512
PEINT,4iji_1_B,198,long,1.0,0.37373737373737376
PEINT,4iji_1_B,198,long,0.5,0.48484848484848486
PEINT,4iji_1_B,198,long,0.2,0.6923076923076923
PEINT,4iji_1_B,198,all,1.0,0.3333333333333333
PEINT,4iji_1_B,198,all,0.5,0.494949494949495
PEINT,4iji_1_B,198,all,0.2,0.7435897435897436
PEINT,4iss_1_A,614,short,1.0,0.14332247557003258
PEINT,4iss_1_A,614,short,0.5,0.18241042345276873
PEINT,4iss_1_A,614,short,0.2,0.2459016393442623
PEINT,4iss_1_A,614,medium,1.0,0.10097719869706841
PEINT,4iss_1_A,614,medium,0.5,0.13355048859934854
PEINT,4iss_1_A,614,medium,0.2,0.13114754098360656
PEINT,4iss_1_A,614,long,1.0,0.21172638436482086
PEINT,4iss_1_A,614,long,0.5,0.28664495114006516
PEINT,4iss_1_A,614,long,0.2,0.5081967213114754
PEINT,4iss_1_A,614,all,1.0,0.2247557003257329
PEINT,4iss_1_A,614,all,0.5,0.22149837133550487
PEINT,4iss_1_A,614,all,0.2,0.26229508196721313
PEINT,4j3h_1_A,42,short,1.0,0.0
PEINT,4j3h_1_A,42,short,0.5,0.0
PEINT,4j3h_1_A,42,short,0.2,0.0
PEINT,4j3h_1_A,42,medium,1.0,0.0
PEINT,4j3h_1_A,42,medium,0.5,0.0
PEINT,4j3h_1_A,42,medium,0.2,0.0
PEINT,4j3h_1_A,42,long,1.0,0.0
PEINT,4j3h_1_A,42,long,0.5,0.0
PEINT,4j3h_1_A,42,long,0.2,0.0
PEINT,4j3h_1_A,42,all,1.0,0.0
PEINT,4j3h_1_A,42,all,0.5,0.0
PEINT,4j3h_1_A,42,all,0.2,0.0
PEINT,4j8q_1_B,194,short,1.0,0.1134020618556701
PEINT,4j8q_1_B,194,short,0.5,0.16494845360824742
PEINT,4j8q_1_B,194,short,0.2,0.21052631578947367
PEINT,4j8q_1_B,194,medium,1.0,0.1134020618556701
PEINT,4j8q_1_B,194,medium,0.5,0.16494845360824742
PEINT,4j8q_1_B,194,medium,0.2,0.21052631578947367
PEINT,4j8q_1_B,194,long,1.0,0.061855670103092786
PEINT,4j8q_1_B,194,long,0.5,0.061855670103092786
PEINT,4j8q_1_B,194,long,0.2,0.05263157894736842
PEINT,4j8q_1_B,194,all,1.0,0.16494845360824742
PEINT,4j8q_1_B,194,all,0.5,0.20618556701030927
PEINT,4j8q_1_B,194,all,0.2,0.2631578947368421
PEINT,4jgw_1_A,396,short,1.0,0.05555555555555555
PEINT,4jgw_1_A,396,short,0.5,0.06060606060606061
PEINT,4jgw_1_A,396,short,0.2,0.10126582278481013
PEINT,4jgw_1_A,396,medium,1.0,0.050505050505050504
PEINT,4jgw_1_A,396,medium,0.5,0.050505050505050504
PEINT,4jgw_1_A,396,medium,0.2,0.02531645569620253
PEINT,4jgw_1_A,396,long,1.0,0.09090909090909091
PEINT,4jgw_1_A,396,long,0.5,0.15151515151515152
PEINT,4jgw_1_A,396,long,0.2,0.3037974683544304
PEINT,4jgw_1_A,396,all,1.0,0.05555555555555555
PEINT,4jgw_1_A,396,all,0.5,0.06060606060606061
PEINT,4jgw_1_A,396,all,0.2,0.10126582278481013
PEINT,4jon_1_A,122,short,1.0,0.29508196721311475
PEINT,4jon_1_A,122,short,0.5,0.32786885245901637
PEINT,4jon_1_A,122,short,0.2,0.4166666666666667
PEINT,4jon_1_A,122,medium,1.0,0.3114754098360656
PEINT,4jon_1_A,122,medium,0.5,0.4262295081967213
PEINT,4jon_1_A,122,medium,0.2,0.5
PEINT,4jon_1_A,122,long,1.0,0.21311475409836064
PEINT,4jon_1_A,122,long,0.5,0.36065573770491804
PEINT,4jon_1_A,122,long,0.2,0.5
PEINT,4jon_1_A,122,all,1.0,0.39344262295081966
PEINT,4jon_1_A,122,all,0.5,0.4918032786885246
PEINT,4jon_1_A,122,all,0.2,0.5833333333333334
PEINT,4jyk_1_A,201,short,1.0,0.1890547263681592
PEINT,4jyk_1_A,201,short,0.5,0.26
PEINT,4jyk_1_A,201,short,0.2,0.5
PEINT,4jyk_1_A,201,medium,1.0,0.19402985074626866
PEINT,4jyk_1_A,201,medium,0.5,0.34
PEINT,4jyk_1_A,201,medium,0.2,0.4
PEINT,4jyk_1_A,201,long,1.0,0.5074626865671642
PEINT,4jyk_1_A,201,long,0.5,0.54
PEINT,4jyk_1_A,201,long,0.2,0.5
PEINT,4jyk_1_A,201,all,1.0,0.3383084577114428
PEINT,4jyk_1_A,201,all,0.5,0.46
PEINT,4jyk_1_A,201,all,0.2,0.6
PEINT,4k3a_1_A,719,short,1.0,0.11404728789986092
PEINT,4k3a_1_A,719,short,0.5,0.10863509749303621
PEINT,4k3a_1_A,719,short,0.2,0.06993006993006994
PEINT,4k3a_1_A,719,medium,1.0,0.12517385257301808
PEINT,4k3a_1_A,719,medium,0.5,0.1615598885793872
PEINT,4k3a_1_A,719,medium,0.2,0.27972027972027974
PEINT,4k3a_1_A,719,long,1.0,0.11126564673157163
PEINT,4k3a_1_A,719,long,0.5,0.11142061281337047
PEINT,4k3a_1_A,719,long,0.2,0.15384615384615385
PEINT,4k3a_1_A,719,all,1.0,0.15855354659248957
PEINT,4k3a_1_A,719,all,0.5,0.181058495821727
PEINT,4k3a_1_A,719,all,0.2,0.14685314685314685
PEINT,4k6e_1_A,144,short,1.0,0.2638888888888889
PEINT,4k6e_1_A,144,short,0.5,0.4166666666666667
PEINT,4k6e_1_A,144,short,0.2,0.2857142857142857
PEINT,4k6e_1_A,144,medium,1.0,0.20833333333333334
PEINT,4k6e_1_A,144,medium,0.5,0.3055555555555556
PEINT,4k6e_1_A,144,medium,0.2,0.5714285714285714
PEINT,4k6e_1_A,144,long,1.0,0.5555555555555556
PEINT,4k6e_1_A,144,long,0.5,0.8611111111111112
PEINT,4k6e_1_A,144,long,0.2,1.0
PEINT,4k6e_1_A,144,all,1.0,0.625
PEINT,4k6e_1_A,144,all,0.5,0.6388888888888888
PEINT,4k6e_1_A,144,all,0.2,0.9285714285714286
PEINT,4kdi_1_B,65,short,1.0,0.3384615384615385
PEINT,4kdi_1_B,65,short,0.5,0.5625
PEINT,4kdi_1_B,65,short,0.2,0.8461538461538461
PEINT,4kdi_1_B,65,medium,1.0,0.23076923076923078
PEINT,4kdi_1_B,65,medium,0.5,0.25
PEINT,4kdi_1_B,65,medium,0.2,0.46153846153846156
PEINT,4kdi_1_B,65,long,1.0,0.36923076923076925
PEINT,4kdi_1_B,65,long,0.5,0.4375
PEINT,4kdi_1_B,65,long,0.2,0.3076923076923077
PEINT,4kdi_1_B,65,all,1.0,0.49230769230769234
PEINT,4kdi_1_B,65,all,0.5,0.6875
PEINT,4kdi_1_B,65,all,0.2,0.6923076923076923
PEINT,4knp_1_A,251,short,1.0,0.11952191235059761
PEINT,4knp_1_A,251,short,0.5,0.192
PEINT,4knp_1_A,251,short,0.2,0.28
PEINT,4knp_1_A,251,medium,1.0,0.1593625498007968
PEINT,4knp_1_A,251,medium,0.5,0.248
PEINT,4knp_1_A,251,medium,0.2,0.48
PEINT,4knp_1_A,251,long,1.0,0.43824701195219123
PEINT,4knp_1_A,251,long,0.5,0.56
PEINT,4knp_1_A,251,long,0.2,0.76
PEINT,4knp_1_A,251,all,1.0,0.2788844621513944
PEINT,4knp_1_A,251,all,0.5,0.368
PEINT,4knp_1_A,251,all,0.2,0.32
PEINT,4ktw_1_A,160,short,1.0,0.15
PEINT,4ktw_1_A,160,short,0.5,0.175
PEINT,4ktw_1_A,160,short,0.2,0.375
PEINT,4ktw_1_A,160,medium,1.0,0.15
PEINT,4ktw_1_A,160,medium,0.5,0.175
PEINT,4ktw_1_A,160,medium,0.2,0.125
PEINT,4ktw_1_A,160,long,1.0,0.4125
PEINT,4ktw_1_A,160,long,0.5,0.4
PEINT,4ktw_1_A,160,long,0.2,0.3125
PEINT,4ktw_1_A,160,all,1.0,0.2
PEINT,4ktw_1_A,160,all,0.5,0.225
PEINT,4ktw_1_A,160,all,0.2,0.4375
PEINT,4kxw_1_A,621,short,1.0,0.11272141706924316
PEINT,4kxw_1_A,621,short,0.5,0.1032258064516129
PEINT,4kxw_1_A,621,short,0.2,0.12903225806451613
PEINT,4kxw_1_A,621,medium,1.0,0.12560386473429952
PEINT,4kxw_1_A,621,medium,0.5,0.17419354838709677
PEINT,4kxw_1_A,621,medium,0.2,0.1774193548387097
PEINT,4kxw_1_A,621,long,1.0,0.2560386473429952
PEINT,4kxw_1_A,621,long,0.5,0.3419354838709677
PEINT,4kxw_1_A,621,long,0.2,0.41935483870967744
PEINT,4kxw_1_A,621,all,1.0,0.17713365539452497
PEINT,4kxw_1_A,621,all,0.5,0.2064516129032258
PEINT,4kxw_1_A,621,all,0.2,0.22580645161290322
PEINT,4l6t_1_A,249,short,1.0,0.08835341365461848
PEINT,4l6t_1_A,249,short,0.5,0.0967741935483871
PEINT,4l6t_1_A,249,short,0.2,0.04081632653061224
PEINT,4l6t_1_A,249,medium,1.0,0.12048192771084337
PEINT,4l6t_1_A,249,medium,0.5,0.12903225806451613
PEINT,4l6t_1_A,249,medium,0.2,0.1836734693877551
PEINT,4l6t_1_A,249,long,1.0,0.14457831325301204
PEINT,4l6t_1_A,249,long,0.5,0.12903225806451613
PEINT,4l6t_1_A,249,long,0.2,0.2857142857142857
PEINT,4l6t_1_A,249,all,1.0,0.14056224899598393
PEINT,4l6t_1_A,249,all,0.5,0.1935483870967742
PEINT,4l6t_1_A,249,all,0.2,0.20408163265306123
PEINT,4l8k_1_A,315,short,1.0,0.12698412698412698
PEINT,4l8k_1_A,315,short,0.5,0.11464968152866242
PEINT,4l8k_1_A,315,short,0.2,0.09523809523809523
PEINT,4l8k_1_A,315,medium,1.0,0.24126984126984127
PEINT,4l8k_1_A,315,medium,0.5,0.3184713375796178
PEINT,4l8k_1_A,315,medium,0.2,0.42857142857142855
PEINT,4l8k_1_A,315,long,1.0,0.3873015873015873
PEINT,4l8k_1_A,315,long,0.5,0.4713375796178344
PEINT,4l8k_1_A,315,long,0.2,0.5079365079365079
PEINT,4l8k_1_A,315,all,1.0,0.3047619047619048
PEINT,4l8k_1_A,315,all,0.5,0.3057324840764331
PEINT,4l8k_1_A,315,all,0.2,0.36507936507936506
PEINT,4led_1_A,254,short,1.0,0.3779527559055118
PEINT,4led_1_A,254,short,0.5,0.47244094488188976
PEINT,4led_1_A,254,short,0.2,0.72
PEINT,4led_1_A,254,medium,1.0,0.23622047244094488
PEINT,4led_1_A,254,medium,0.5,0.2677165354330709
PEINT,4led_1_A,254,medium,0.2,0.36
PEINT,4led_1_A,254,long,1.0,0.047244094488188976
PEINT,4led_1_A,254,long,0.5,0.06299212598425197
PEINT,4led_1_A,254,long,0.2,0.08
PEINT,4led_1_A,254,all,1.0,0.4251968503937008
PEINT,4led_1_A,254,all,0.5,0.5118110236220472
PEINT,4led_1_A,254,all,0.2,0.72
PEINT,4lvq_1_A,319,short,1.0,0.13166144200626959
PEINT,4lvq_1_A,319,short,0.5,0.1761006289308176
PEINT,4lvq_1_A,319,short,0.2,0.25396825396825395
PEINT,4lvq_1_A,319,medium,1.0,0.20689655172413793
PEINT,4lvq_1_A,319,medium,0.5,0.31446540880503143
PEINT,4lvq_1_A,319,medium,0.2,0.42857142857142855
PEINT,4lvq_1_A,319,long,1.0,0.3072100313479624
PEINT,4lvq_1_A,319,long,0.5,0.389937106918239
PEINT,4lvq_1_A,319,long,0.2,0.4126984126984127
PEINT,4lvq_1_A,319,all,1.0,0.25705329153605017
PEINT,4lvq_1_A,319,all,0.5,0.2893081761006289
PEINT,4lvq_1_A,319,all,0.2,0.38095238095238093
PEINT,4lzk_1_B,166,short,1.0,0.024096385542168676
PEINT,4lzk_1_B,166,short,0.5,0.0
PEINT,4lzk_1_B,166,short,0.2,0.0
PEINT,4lzk_1_B,166,medium,1.0,0.04819277108433735
PEINT,4lzk_1_B,166,medium,0.5,0.04819277108433735
PEINT,4lzk_1_B,166,medium,0.2,0.0
PEINT,4lzk_1_B,166,long,1.0,0.07228915662650602
PEINT,4lzk_1_B,166,long,0.5,0.0963855421686747
PEINT,4lzk_1_B,166,long,0.2,0.0
PEINT,4lzk_1_B,166,all,1.0,0.024096385542168676
PEINT,4lzk_1_B,166,all,0.5,0.0
PEINT,4lzk_1_B,166,all,0.2,0.0
PEINT,4m1b_1_A,200,short,1.0,0.23
PEINT,4m1b_1_A,200,short,0.5,0.3
PEINT,4m1b_1_A,200,short,0.2,0.2
PEINT,4m1b_1_A,200,medium,1.0,0.15
PEINT,4m1b_1_A,200,medium,0.5,0.16
PEINT,4m1b_1_A,200,medium,0.2,0.3
PEINT,4m1b_1_A,200,long,1.0,0.63
PEINT,4m1b_1_A,200,long,0.5,0.78
PEINT,4m1b_1_A,200,long,0.2,0.75
PEINT,4m1b_1_A,200,all,1.0,0.42
PEINT,4m1b_1_A,200,all,0.5,0.46
PEINT,4m1b_1_A,200,all,0.2,0.4
PEINT,4m3l_1_A,60,short,1.0,0.0
PEINT,4m3l_1_A,60,short,0.5,0.0
PEINT,4m3l_1_A,60,short,0.2,0.0
PEINT,4m3l_1_A,60,medium,1.0,0.0
PEINT,4m3l_1_A,60,medium,0.5,0.0
PEINT,4m3l_1_A,60,medium,0.2,0.0
PEINT,4m3l_1_A,60,long,1.0,0.0
PEINT,4m3l_1_A,60,long,0.5,0.0
PEINT,4m3l_1_A,60,long,0.2,0.0
PEINT,4m3l_1_A,60,all,1.0,0.0
PEINT,4m3l_1_A,60,all,0.5,0.0
PEINT,4m3l_1_A,60,all,0.2,0.0
PEINT,4m95_1_A,252,short,1.0,0.10317460317460317
PEINT,4m95_1_A,252,short,0.5,0.15873015873015872
PEINT,4m95_1_A,252,short,0.2,0.16
PEINT,4m95_1_A,252,medium,1.0,0.07936507936507936
PEINT,4m95_1_A,252,medium,0.5,0.047619047619047616
PEINT,4m95_1_A,252,medium,0.2,0.04
PEINT,4m95_1_A,252,long,1.0,0.10317460317460317
PEINT,4m95_1_A,252,long,0.5,0.12698412698412698
PEINT,4m95_1_A,252,long,0.2,0.16
PEINT,4m95_1_A,252,all,1.0,0.11904761904761904
PEINT,4m95_1_A,252,all,0.5,0.15873015873015872
PEINT,4m95_1_A,252,all,0.2,0.16
PEINT,4mew_1_A,348,short,1.0,0.10919540229885058
PEINT,4mew_1_A,348,short,0.5,0.12643678160919541
PEINT,4mew_1_A,348,short,0.2,0.17391304347826086
PEINT,4mew_1_A,348,medium,1.0,0.09770114942528736
PEINT,4mew_1_A,348,medium,0.5,0.14942528735632185
PEINT,4mew_1_A,348,medium,0.2,0.11594202898550725
PEINT,4mew_1_A,348,long,1.0,0.022988505747126436
PEINT,4mew_1_A,348,long,0.5,0.011494252873563218
PEINT,4mew_1_A,348,long,0.2,0.028985507246376812
PEINT,4mew_1_A,348,all,1.0,0.11494252873563218
PEINT,4mew_1_A,348,all,0.5,0.12643678160919541
PEINT,4mew_1_A,348,all,0.2,0.17391304347826086
PEINT,4mlz_1_A,299,short,1.0,0.1806020066889632
PEINT,4mlz_1_A,299,short,0.5,0.18791946308724833
PEINT,4mlz_1_A,299,short,0.2,0.2033898305084746
PEINT,4mlz_1_A,299,medium,1.0,0.25418060200668896
PEINT,4mlz_1_A,299,medium,0.5,0.3288590604026846
PEINT,4mlz_1_A,299,medium,0.2,0.5084745762711864
PEINT,4mlz_1_A,299,long,1.0,0.5484949832775919
PEINT,4mlz_1_A,299,long,0.5,0.7248322147651006
PEINT,4mlz_1_A,299,long,0.2,0.8305084745762712
PEINT,4mlz_1_A,299,all,1.0,0.3612040133779264
PEINT,4mlz_1_A,299,all,0.5,0.35570469798657717
PEINT,4mlz_1_A,299,all,0.2,0.3728813559322034
PEINT,4ms4_1_B,408,short,1.0,0.12254901960784313
PEINT,4ms4_1_B,408,short,0.5,0.13725490196078433
PEINT,4ms4_1_B,408,short,0.2,0.14814814814814814
PEINT,4ms4_1_B,408,medium,1.0,0.18627450980392157
PEINT,4ms4_1_B,408,medium,0.5,0.21568627450980393
PEINT,4ms4_1_B,408,medium,0.2,0.14814814814814814
PEINT,4ms4_1_B,408,long,1.0,0.27941176470588236
PEINT,4ms4_1_B,408,long,0.5,0.35294117647058826
PEINT,4ms4_1_B,408,long,0.2,0.4691358024691358
PEINT,4ms4_1_B,408,all,1.0,0.16176470588235295
PEINT,4ms4_1_B,408,all,0.5,0.17647058823529413
PEINT,4ms4_1_B,408,all,0.2,0.1728395061728395
PEINT,4n5h_1_A,315,short,1.0,0.13968253968253969
PEINT,4n5h_1_A,315,short,0.5,0.20382165605095542
PEINT,4n5h_1_A,315,short,0.2,0.2222222222222222
PEINT,4n5h_1_A,315,medium,1.0,0.2222222222222222
PEINT,4n5h_1_A,315,medium,0.5,0.34394904458598724
PEINT,4n5h_1_A,315,medium,0.2,0.4126984126984127
PEINT,4n5h_1_A,315,long,1.0,0.4444444444444444
PEINT,4n5h_1_A,315,long,0.5,0.5222929936305732
PEINT,4n5h_1_A,315,long,0.2,0.7301587301587301
PEINT,4n5h_1_A,315,all,1.0,0.33015873015873015
PEINT,4n5h_1_A,315,all,0.5,0.43312101910828027
PEINT,4n5h_1_A,315,all,0.2,0.5396825396825397
PEINT,4n69_1_A,243,short,1.0,0.0823045267489712
PEINT,4n69_1_A,243,short,0.5,0.1487603305785124
PEINT,4n69_1_A,243,short,0.2,0.2916666666666667
PEINT,4n69_1_A,243,medium,1.0,0.35802469135802467
PEINT,4n69_1_A,243,medium,0.5,0.36363636363636365
PEINT,4n69_1_A,243,medium,0.2,0.375
PEINT,4n69_1_A,243,long,1.0,0.24691358024691357
PEINT,4n69_1_A,243,long,0.5,0.34710743801652894
PEINT,4n69_1_A,243,long,0.2,0.5
PEINT,4n69_1_A,243,all,1.0,0.1728395061728395
PEINT,4n69_1_A,243,all,0.5,0.21487603305785125
PEINT,4n69_1_A,243,all,0.2,0.2916666666666667
PEINT,4nb5_1_B,149,short,1.0,0.21476510067114093
PEINT,4nb5_1_B,149,short,0.5,0.2972972972972973
PEINT,4nb5_1_B,149,short,0.2,0.5517241379310345
PEINT,4nb5_1_B,149,medium,1.0,0.24161073825503357
PEINT,4nb5_1_B,149,medium,0.5,0.3783783783783784
PEINT,4nb5_1_B,149,medium,0.2,0.3793103448275862
PEINT,4nb5_1_B,149,long,1.0,0.3087248322147651
PEINT,4nb5_1_B,149,long,0.5,0.4864864864864865
PEINT,4nb5_1_B,149,long,0.2,0.6896551724137931
PEINT,4nb5_1_B,149,all,1.0,0.3422818791946309
PEINT,4nb5_1_B,149,all,0.5,0.43243243243243246
PEINT,4nb5_1_B,149,all,0.2,0.7241379310344828
PEINT,4njh_1_A,209,short,1.0,0.17703349282296652
PEINT,4njh_1_A,209,short,0.5,0.2692307692307692
PEINT,4njh_1_A,209,short,0.2,0.34146341463414637
PEINT,4njh_1_A,209,medium,1.0,0.33014354066985646
PEINT,4njh_1_A,209,medium,0.5,0.4230769230769231
PEINT,4njh_1_A,209,medium,0.2,0.4878048780487805
PEINT,4njh_1_A,209,long,1.0,0.3923444976076555
PEINT,4njh_1_A,209,long,0.5,0.5769230769230769
PEINT,4njh_1_A,209,long,0.2,0.6585365853658537
PEINT,4njh_1_A,209,all,1.0,0.4019138755980861
PEINT,4njh_1_A,209,all,0.5,0.5
PEINT,4njh_1_A,209,all,0.2,0.6097560975609756
PEINT,4nof_1_A,111,short,1.0,0.21621621621621623
PEINT,4nof_1_A,111,short,0.5,0.2545454545454545
PEINT,4nof_1_A,111,short,0.2,0.5454545454545454
PEINT,4nof_1_A,111,medium,1.0,0.23423423423423423
PEINT,4nof_1_A,111,medium,0.5,0.3090909090909091
PEINT,4nof_1_A,111,medium,0.2,0.45454545454545453
PEINT,4nof_1_A,111,long,1.0,0.45045045045045046
PEINT,4nof_1_A,111,long,0.5,0.6545454545454545
PEINT,4nof_1_A,111,long,0.2,0.9090909090909091
PEINT,4nof_1_A,111,all,1.0,0.36936936936936937
PEINT,4nof_1_A,111,all,0.5,0.5454545454545454
PEINT,4nof_1_A,111,all,0.2,0.6363636363636364
PEINT,4nzt_1_C,375,short,1.0,0.112
PEINT,4nzt_1_C,375,short,0.5,0.12834224598930483
PEINT,4nzt_1_C,375,short,0.2,0.22666666666666666
PEINT,4nzt_1_C,375,medium,1.0,0.18133333333333335
PEINT,4nzt_1_C,375,medium,0.5,0.20320855614973263
PEINT,4nzt_1_C,375,medium,0.2,0.26666666666666666
PEINT,4nzt_1_C,375,long,1.0,0.09066666666666667
PEINT,4nzt_1_C,375,long,0.5,0.1497326203208556
PEINT,4nzt_1_C,375,long,0.2,0.29333333333333333
PEINT,4nzt_1_C,375,all,1.0,0.184
PEINT,4nzt_1_C,375,all,0.5,0.23529411764705882
PEINT,4nzt_1_C,375,all,0.2,0.32
PEINT,4o47_1_B,290,short,1.0,0.15862068965517243
PEINT,4o47_1_B,290,short,0.5,0.2206896551724138
PEINT,4o47_1_B,290,short,0.2,0.1724137931034483
PEINT,4o47_1_B,290,medium,1.0,0.25517241379310346
PEINT,4o47_1_B,290,medium,0.5,0.35172413793103446
PEINT,4o47_1_B,290,medium,0.2,0.4482758620689655
PEINT,4o47_1_B,290,long,1.0,0.22758620689655173
PEINT,4o47_1_B,290,long,0.5,0.31724137931034485
PEINT,4o47_1_B,290,long,0.2,0.4482758620689655
PEINT,4o47_1_B,290,all,1.0,0.2620689655172414
PEINT,4o47_1_B,290,all,0.5,0.2827586206896552
PEINT,4o47_1_B,290,all,0.2,0.3448275862068966
PEINT,4obi_1_A,87,short,1.0,0.45977011494252873
PEINT,4obi_1_A,87,short,0.5,0.6046511627906976
PEINT,4obi_1_A,87,short,0.2,0.8823529411764706
PEINT,4obi_1_A,87,medium,1.0,0.45977011494252873
PEINT,4obi_1_A,87,medium,0.5,0.7441860465116279
PEINT,4obi_1_A,87,medium,0.2,0.8823529411764706
PEINT,4obi_1_A,87,long,1.0,0.3793103448275862
PEINT,4obi_1_A,87,long,0.5,0.4883720930232558
PEINT,4obi_1_A,87,long,0.2,0.5882352941176471
PEINT,4obi_1_A,87,all,1.0,0.6551724137931034
PEINT,4obi_1_A,87,all,0.5,0.7906976744186046
PEINT,4obi_1_A,87,all,0.2,1.0
PEINT,4oh1_1_A,350,short,1.0,0.14857142857142858
PEINT,4oh1_1_A,350,short,0.5,0.21714285714285714
PEINT,4oh1_1_A,350,short,0.2,0.34285714285714286
PEINT,4oh1_1_A,350,medium,1.0,0.32571428571428573
PEINT,4oh1_1_A,350,medium,0.5,0.37714285714285717
PEINT,4oh1_1_A,350,medium,0.2,0.45714285714285713
PEINT,4oh1_1_A,350,long,1.0,0.49142857142857144
PEINT,4oh1_1_A,350,long,0.5,0.6742857142857143
PEINT,4oh1_1_A,350,long,0.2,0.9428571428571428
PEINT,4oh1_1_A,350,all,1.0,0.34285714285714286
PEINT,4oh1_1_A,350,all,0.5,0.5142857142857142
PEINT,4oh1_1_A,350,all,0.2,0.6857142857142857
PEINT,4p1z_1_B,126,short,1.0,0.015873015873015872
PEINT,4p1z_1_B,126,short,0.5,0.031746031746031744
PEINT,4p1z_1_B,126,short,0.2,0.08
PEINT,4p1z_1_B,126,medium,1.0,0.0
PEINT,4p1z_1_B,126,medium,0.5,0.0
PEINT,4p1z_1_B,126,medium,0.2,0.0
PEINT,4p1z_1_B,126,long,1.0,0.06349206349206349
PEINT,4p1z_1_B,126,long,0.5,0.031746031746031744
PEINT,4p1z_1_B,126,long,0.2,0.0
PEINT,4p1z_1_B,126,all,1.0,0.015873015873015872
PEINT,4p1z_1_B,126,all,0.5,0.031746031746031744
PEINT,4p1z_1_B,126,all,0.2,0.0
PEINT,4p87_1_A,390,short,1.0,0.13846153846153847
PEINT,4p87_1_A,390,short,0.5,0.13333333333333333
PEINT,4p87_1_A,390,short,0.2,0.1282051282051282
PEINT,4p87_1_A,390,medium,1.0,0.2205128205128205
PEINT,4p87_1_A,390,medium,0.5,0.2564102564102564
PEINT,4p87_1_A,390,medium,0.2,0.2564102564102564
PEINT,4p87_1_A,390,long,1.0,0.22564102564102564
PEINT,4p87_1_A,390,long,0.5,0.30256410256410254
PEINT,4p87_1_A,390,long,0.2,0.3333333333333333
PEINT,4p87_1_A,390,all,1.0,0.18461538461538463
PEINT,4p87_1_A,390,all,0.5,0.19487179487179487
PEINT,4p87_1_A,390,all,0.2,0.20512820512820512
PEINT,4pki_1_B,306,short,1.0,0.0915032679738562
PEINT,4pki_1_B,306,short,0.5,0.10457516339869281
PEINT,4pki_1_B,306,short,0.2,0.16393442622950818
PEINT,4pki_1_B,306,medium,1.0,0.0718954248366013
PEINT,4pki_1_B,306,medium,0.5,0.10457516339869281
PEINT,4pki_1_B,306,medium,0.2,0.09836065573770492
PEINT,4pki_1_B,306,long,1.0,0.1895424836601307
PEINT,4pki_1_B,306,long,0.5,0.27450980392156865
PEINT,4pki_1_B,306,long,0.2,0.3114754098360656
PEINT,4pki_1_B,306,all,1.0,0.10457516339869281
PEINT,4pki_1_B,306,all,0.5,0.1437908496732026
PEINT,4pki_1_B,306,all,0.2,0.16393442622950818
PEINT,4poi_1_A,116,short,1.0,0.43103448275862066
PEINT,4poi_1_A,116,short,0.5,0.5862068965517241
PEINT,4poi_1_A,116,short,0.2,0.5652173913043478
PEINT,4poi_1_A,116,medium,1.0,0.29310344827586204
PEINT,4poi_1_A,116,medium,0.5,0.27586206896551724
PEINT,4poi_1_A,116,medium,0.2,0.30434782608695654
PEINT,4poi_1_A,116,long,1.0,0.1896551724137931
PEINT,4poi_1_A,116,long,0.5,0.3103448275862069
PEINT,4poi_1_A,116,long,0.2,0.34782608695652173
PEINT,4poi_1_A,116,all,1.0,0.4482758620689655
PEINT,4poi_1_A,116,all,0.5,0.6206896551724138
PEINT,4poi_1_A,116,all,0.2,0.5652173913043478
PEINT,4pwq_1_A,162,short,1.0,0.08641975308641975
PEINT,4pwq_1_A,162,short,0.5,0.07407407407407407
PEINT,4pwq_1_A,162,short,0.2,0.125
PEINT,4pwq_1_A,162,medium,1.0,0.06172839506172839
PEINT,4pwq_1_A,162,medium,0.5,0.04938271604938271
PEINT,4pwq_1_A,162,medium,0.2,0.0625
PEINT,4pwq_1_A,162,long,1.0,0.037037037037037035
PEINT,4pwq_1_A,162,long,0.5,0.04938271604938271
PEINT,4pwq_1_A,162,long,0.2,0.0625
PEINT,4pwq_1_A,162,all,1.0,0.09876543209876543
PEINT,4pwq_1_A,162,all,0.5,0.09876543209876543
PEINT,4pwq_1_A,162,all,0.2,0.125
PEINT,4pzi_1_A,61,short,1.0,0.06557377049180328
PEINT,4pzi_1_A,61,short,0.5,0.13333333333333333
PEINT,4pzi_1_A,61,short,0.2,0.3333333333333333
PEINT,4pzi_1_A,61,medium,1.0,0.0
PEINT,4pzi_1_A,61,medium,0.5,0.0
PEINT,4pzi_1_A,61,medium,0.2,0.0
PEINT,4pzi_1_A,61,long,1.0,0.0
PEINT,4pzi_1_A,61,long,0.5,0.0
PEINT,4pzi_1_A,61,long,0.2,0.0
PEINT,4pzi_1_A,61,all,1.0,0.06557377049180328
PEINT,4pzi_1_A,61,all,0.5,0.13333333333333333
PEINT,4pzi_1_A,61,all,0.2,0.3333333333333333
PEINT,4q35_1_B,150,short,1.0,0.13333333333333333
PEINT,4q35_1_B,150,short,0.5,0.13333333333333333
PEINT,4q35_1_B,150,short,0.2,0.2
PEINT,4q35_1_B,150,medium,1.0,0.18666666666666668
PEINT,4q35_1_B,150,medium,0.5,0.26666666666666666
PEINT,4q35_1_B,150,medium,0.2,0.4666666666666667
PEINT,4q35_1_B,150,long,1.0,0.32
PEINT,4q35_1_B,150,long,0.5,0.4
PEINT,4q35_1_B,150,long,0.2,0.4666666666666667
PEINT,4q35_1_B,150,all,1.0,0.2
PEINT,4q35_1_B,150,all,0.5,0.18666666666666668
PEINT,4q35_1_B,150,all,0.2,0.26666666666666666
PEINT,4qdj_1_A,208,short,1.0,0.19230769230769232
PEINT,4qdj_1_A,208,short,0.5,0.2692307692307692
PEINT,4qdj_1_A,208,short,0.2,0.36585365853658536
PEINT,4qdj_1_A,208,medium,1.0,0.28846153846153844
PEINT,4qdj_1_A,208,medium,0.5,0.46153846153846156
PEINT,4qdj_1_A,208,medium,0.2,0.5853658536585366
PEINT,4qdj_1_A,208,long,1.0,0.3942307692307692
PEINT,4qdj_1_A,208,long,0.5,0.5384615384615384
PEINT,4qdj_1_A,208,long,0.2,0.5609756097560976
PEINT,4qdj_1_A,208,all,1.0,0.3557692307692308
PEINT,4qdj_1_A,208,all,0.5,0.4230769230769231
PEINT,4qdj_1_A,208,all,0.2,0.4146341463414634
PEINT,4r1a_1_A,265,short,1.0,0.12830188679245283
PEINT,4r1a_1_A,265,short,0.5,0.13636363636363635
PEINT,4r1a_1_A,265,short,0.2,0.22641509433962265
PEINT,4r1a_1_A,265,medium,1.0,0.1660377358490566
PEINT,4r1a_1_A,265,medium,0.5,0.25757575757575757
PEINT,4r1a_1_A,265,medium,0.2,0.24528301886792453
PEINT,4r1a_1_A,265,long,1.0,0.045283018867924525
PEINT,4r1a_1_A,265,long,0.5,0.045454545454545456
PEINT,4r1a_1_A,265,long,0.2,0.07547169811320754
PEINT,4r1a_1_A,265,all,1.0,0.1509433962264151
PEINT,4r1a_1_A,265,all,0.5,0.16666666666666666
PEINT,4r1a_1_A,265,all,0.2,0.18867924528301888
PEINT,4rct_1_B,345,short,1.0,0.17391304347826086
PEINT,4rct_1_B,345,short,0.5,0.26744186046511625
PEINT,4rct_1_B,345,short,0.2,0.37681159420289856
PEINT,4rct_1_B,345,medium,1.0,0.13333333333333333
PEINT,4rct_1_B,345,medium,0.5,0.1744186046511628
PEINT,4rct_1_B,345,medium,0.2,0.2318840579710145
PEINT,4rct_1_B,345,long,1.0,0.3072463768115942
PEINT,4rct_1_B,345,long,0.5,0.43023255813953487
PEINT,4rct_1_B,345,long,0.2,0.6811594202898551
PEINT,4rct_1_B,345,all,1.0,0.336231884057971
PEINT,4rct_1_B,345,all,0.5,0.46511627906976744
PEINT,4rct_1_B,345,all,0.2,0.5362318840579711
PEINT,4rec_1_A,593,short,1.0,0.09443507588532883
PEINT,4rec_1_A,593,short,0.5,0.11486486486486487
PEINT,4rec_1_A,593,short,0.2,0.15254237288135594
PEINT,4rec_1_A,593,medium,1.0,0.07082630691399663
PEINT,4rec_1_A,593,medium,0.5,0.060810810810810814
PEINT,4rec_1_A,593,medium,0.2,0.03389830508474576
PEINT,4rec_1_A,593,long,1.0,0.08768971332209106
PEINT,4rec_1_A,593,long,0.5,0.12162162162162163
PEINT,4rec_1_A,593,long,0.2,0.2033898305084746
PEINT,4rec_1_A,593,all,1.0,0.10118043844856661
PEINT,4rec_1_A,593,all,0.5,0.12162162162162163
PEINT,4rec_1_A,593,all,0.2,0.15254237288135594
PEINT,4ri2_1_B,163,short,1.0,0.049079754601226995
PEINT,4ri2_1_B,163,short,0.5,0.04938271604938271
PEINT,4ri2_1_B,163,short,0.2,0.0625
PEINT,4ri2_1_B,163,medium,1.0,0.0
PEINT,4ri2_1_B,163,medium,0.5,0.0
PEINT,4ri2_1_B,163,medium,0.2,0.0
PEINT,4ri2_1_B,163,long,1.0,0.24539877300613497
PEINT,4ri2_1_B,163,long,0.5,0.19753086419753085
PEINT,4ri2_1_B,163,long,0.2,0.0
PEINT,4ri2_1_B,163,all,1.0,0.06748466257668712
PEINT,4ri2_1_B,163,all,0.5,0.04938271604938271
PEINT,4ri2_1_B,163,all,0.2,0.0625
PEINT,4rk6_1_A,270,short,1.0,0.17777777777777778
PEINT,4rk6_1_A,270,short,0.5,0.22962962962962963
PEINT,4rk6_1_A,270,short,0.2,0.2962962962962963
PEINT,4rk6_1_A,270,medium,1.0,0.2740740740740741
PEINT,4rk6_1_A,270,medium,0.5,0.42962962962962964
PEINT,4rk6_1_A,270,medium,0.2,0.3333333333333333
PEINT,4rk6_1_A,270,long,1.0,0.5851851851851851
PEINT,4rk6_1_A,270,long,0.5,0.6962962962962963
PEINT,4rk6_1_A,270,long,0.2,0.7037037037037037
PEINT,4rk6_1_A,270,all,1.0,0.28888888888888886
PEINT,4rk6_1_A,270,all,0.5,0.3851851851851852
PEINT,4rk6_1_A,270,all,0.2,0.4074074074074074
PEINT,4rl1_1_A,318,short,1.0,0.1509433962264151
PEINT,4rl1_1_A,318,short,0.5,0.1761006289308176
PEINT,4rl1_1_A,318,short,0.2,0.15873015873015872
PEINT,4rl1_1_A,318,medium,1.0,0.1509433962264151
PEINT,4rl1_1_A,318,medium,0.5,0.16352201257861634
PEINT,4rl1_1_A,318,medium,0.2,0.15873015873015872
PEINT,4rl1_1_A,318,long,1.0,0.41509433962264153
PEINT,4rl1_1_A,318,long,0.5,0.5031446540880503
PEINT,4rl1_1_A,318,long,0.2,0.6666666666666666
PEINT,4rl1_1_A,318,all,1.0,0.23270440251572327
PEINT,4rl1_1_A,318,all,0.5,0.27044025157232704
PEINT,4rl1_1_A,318,all,0.2,0.25396825396825395
PEINT,4ro5_1_A,390,short,1.0,0.07692307692307693
PEINT,4ro5_1_A,390,short,0.5,0.12307692307692308
PEINT,4ro5_1_A,390,short,0.2,0.07692307692307693
PEINT,4ro5_1_A,390,medium,1.0,0.05128205128205128
PEINT,4ro5_1_A,390,medium,0.5,0.06153846153846154
PEINT,4ro5_1_A,390,medium,0.2,0.07692307692307693
PEINT,4ro5_1_A,390,long,1.0,0.14358974358974358
PEINT,4ro5_1_A,390,long,0.5,0.18461538461538463
PEINT,4ro5_1_A,390,long,0.2,0.2564102564102564
PEINT,4ro5_1_A,390,all,1.0,0.08205128205128205
PEINT,4ro5_1_A,390,all,0.5,0.11282051282051282
PEINT,4ro5_1_A,390,all,0.2,0.07692307692307693
PEINT,4rta_1_A,58,short,1.0,0.0
PEINT,4rta_1_A,58,short,0.5,0.0
PEINT,4rta_1_A,58,short,0.2,0.0
PEINT,4rta_1_A,58,medium,1.0,0.0
PEINT,4rta_1_A,58,medium,0.5,0.0
PEINT,4rta_1_A,58,medium,0.2,0.0
PEINT,4rta_1_A,58,long,1.0,0.0
PEINT,4rta_1_A,58,long,0.5,0.0
PEINT,4rta_1_A,58,long,0.2,0.0
PEINT,4rta_1_A,58,all,1.0,0.0
PEINT,4rta_1_A,58,all,0.5,0.0
PEINT,4rta_1_A,58,all,0.2,0.0
PEINT,4rxl_1_A,229,short,1.0,0.23580786026200873
PEINT,4rxl_1_A,229,short,0.5,0.3684210526315789
PEINT,4rxl_1_A,229,short,0.2,0.4222222222222222
PEINT,4rxl_1_A,229,medium,1.0,0.2445414847161572
PEINT,4rxl_1_A,229,medium,0.5,0.3684210526315789
PEINT,4rxl_1_A,229,medium,0.2,0.6888888888888889
PEINT,4rxl_1_A,229,long,1.0,0.5720524017467249
PEINT,4rxl_1_A,229,long,0.5,0.6666666666666666
PEINT,4rxl_1_A,229,long,0.2,0.8444444444444444
PEINT,4rxl_1_A,229,all,1.0,0.5589519650655022
PEINT,4rxl_1_A,229,all,0.5,0.6491228070175439
PEINT,4rxl_1_A,229,all,0.2,0.7333333333333333
PEINT,4s1w_1_A,336,short,1.0,0.14285714285714285
PEINT,4s1w_1_A,336,short,0.5,0.19047619047619047
PEINT,4s1w_1_A,336,short,0.2,0.1791044776119403
PEINT,4s1w_1_A,336,medium,1.0,0.19047619047619047
PEINT,4s1w_1_A,336,medium,0.5,0.25
PEINT,4s1w_1_A,336,medium,0.2,0.47761194029850745
PEINT,4s1w_1_A,336,long,1.0,0.4107142857142857
PEINT,4s1w_1_A,336,long,0.5,0.5357142857142857
PEINT,4s1w_1_A,336,long,0.2,0.6567164179104478
PEINT,4s1w_1_A,336,all,1.0,0.3333333333333333
PEINT,4s1w_1_A,336,all,0.5,0.38095238095238093
PEINT,4s1w_1_A,336,all,0.2,0.43283582089552236
PEINT,4u7e_1_B,163,short,1.0,0.09815950920245399
PEINT,4u7e_1_B,163,short,0.5,0.04938271604938271
PEINT,4u7e_1_B,163,short,0.2,0.125
PEINT,4u7e_1_B,163,medium,1.0,0.18404907975460122
PEINT,4u7e_1_B,163,medium,0.5,0.24691358024691357
PEINT,4u7e_1_B,163,medium,0.2,0.4375
PEINT,4u7e_1_B,163,long,1.0,0.147239263803681
PEINT,4u7e_1_B,163,long,0.5,0.14814814814814814
PEINT,4u7e_1_B,163,long,0.2,0.25
PEINT,4u7e_1_B,163,all,1.0,0.13496932515337423
PEINT,4u7e_1_B,163,all,0.5,0.12345679012345678
PEINT,4u7e_1_B,163,all,0.2,0.1875
PEINT,4ua3_1_A,186,short,1.0,0.12903225806451613
PEINT,4ua3_1_A,186,short,0.5,0.15053763440860216
PEINT,4ua3_1_A,186,short,0.2,0.16216216216216217
PEINT,4ua3_1_A,186,medium,1.0,0.13978494623655913
PEINT,4ua3_1_A,186,medium,0.5,0.17204301075268819
PEINT,4ua3_1_A,186,medium,0.2,0.21621621621621623
PEINT,4ua3_1_A,186,long,1.0,0.13978494623655913
PEINT,4ua3_1_A,186,long,0.5,0.12903225806451613
PEINT,4ua3_1_A,186,long,0.2,0.2702702702702703
PEINT,4ua3_1_A,186,all,1.0,0.1935483870967742
PEINT,4ua3_1_A,186,all,0.5,0.1935483870967742
PEINT,4ua3_1_A,186,all,0.2,0.21621621621621623
PEINT,4uac_1_A,383,short,1.0,0.1566579634464752
PEINT,4uac_1_A,383,short,0.5,0.2094240837696335
PEINT,4uac_1_A,383,short,0.2,0.2631578947368421
PEINT,4uac_1_A,383,medium,1.0,0.21409921671018275
PEINT,4uac_1_A,383,medium,0.5,0.28272251308900526
PEINT,4uac_1_A,383,medium,0.2,0.42105263157894735
PEINT,4uac_1_A,383,long,1.0,0.4177545691906005
PEINT,4uac_1_A,383,long,0.5,0.4973821989528796
PEINT,4uac_1_A,383,long,0.2,0.6578947368421053
PEINT,4uac_1_A,383,all,1.0,0.35509138381201044
PEINT,4uac_1_A,383,all,0.5,0.4293193717277487
PEINT,4uac_1_A,383,all,0.2,0.5789473684210527
PEINT,4ufm_1_A,640,short,1.0,0.196875
PEINT,4ufm_1_A,640,short,0.5,0.3
PEINT,4ufm_1_A,640,short,0.2,0.3125
PEINT,4ufm_1_A,640,medium,1.0,0.18125
PEINT,4ufm_1_A,640,medium,0.5,0.1875
PEINT,4ufm_1_A,640,medium,0.2,0.21875
PEINT,4ufm_1_A,640,long,1.0,0.215625
PEINT,4ufm_1_A,640,long,0.5,0.25
PEINT,4ufm_1_A,640,long,0.2,0.234375
PEINT,4ufm_1_A,640,all,1.0,0.253125
PEINT,4ufm_1_A,640,all,0.5,0.28125
PEINT,4ufm_1_A,640,all,0.2,0.359375
PEINT,4uhv_1_A,645,short,1.0,0.12093023255813953
PEINT,4uhv_1_A,645,short,0.5,0.13664596273291926
PEINT,4uhv_1_A,645,short,0.2,0.15503875968992248
PEINT,4uhv_1_A,645,medium,1.0,0.2124031007751938
PEINT,4uhv_1_A,645,medium,0.5,0.2857142857142857
PEINT,4uhv_1_A,645,medium,0.2,0.40310077519379844
PEINT,4uhv_1_A,645,long,1.0,0.15813953488372093
PEINT,4uhv_1_A,645,long,0.5,0.18633540372670807
PEINT,4uhv_1_A,645,long,0.2,0.24806201550387597
PEINT,4uhv_1_A,645,all,1.0,0.17984496124031008
PEINT,4uhv_1_A,645,all,0.5,0.21739130434782608
PEINT,4uhv_1_A,645,all,0.2,0.2558139534883721
PEINT,4un1_1_B,159,short,1.0,0.16352201257861634
PEINT,4un1_1_B,159,short,0.5,0.27848101265822783
PEINT,4un1_1_B,159,short,0.2,0.3870967741935484
PEINT,4un1_1_B,159,medium,1.0,0.2641509433962264
PEINT,4un1_1_B,159,medium,0.5,0.379746835443038
PEINT,4un1_1_B,159,medium,0.2,0.6129032258064516
PEINT,4un1_1_B,159,long,1.0,0.3018867924528302
PEINT,4un1_1_B,159,long,0.5,0.45569620253164556
PEINT,4un1_1_B,159,long,0.2,0.45161290322580644
PEINT,4un1_1_B,159,all,1.0,0.36477987421383645
PEINT,4un1_1_B,159,all,0.5,0.5443037974683544
PEINT,4un1_1_B,159,all,0.2,0.6129032258064516
PEINT,4uuj_1_C,111,short,1.0,0.10810810810810811
PEINT,4uuj_1_C,111,short,0.5,0.09090909090909091
PEINT,4uuj_1_C,111,short,0.2,0.09090909090909091
PEINT,4uuj_1_C,111,medium,1.0,0.16216216216216217
PEINT,4uuj_1_C,111,medium,0.5,0.18181818181818182
PEINT,4uuj_1_C,111,medium,0.2,0.2727272727272727
PEINT,4uuj_1_C,111,long,1.0,0.21621621621621623
PEINT,4uuj_1_C,111,long,0.5,0.2727272727272727
PEINT,4uuj_1_C,111,long,0.2,0.45454545454545453
PEINT,4uuj_1_C,111,all,1.0,0.16216216216216217
PEINT,4uuj_1_C,111,all,0.5,0.10909090909090909
PEINT,4uuj_1_C,111,all,0.2,0.18181818181818182
PEINT,4wcj_1_A,233,short,1.0,0.13733905579399142
PEINT,4wcj_1_A,233,short,0.5,0.1896551724137931
PEINT,4wcj_1_A,233,short,0.2,0.21739130434782608
PEINT,4wcj_1_A,233,medium,1.0,0.2317596566523605
PEINT,4wcj_1_A,233,medium,0.5,0.29310344827586204
PEINT,4wcj_1_A,233,medium,0.2,0.2608695652173913
PEINT,4wcj_1_A,233,long,1.0,0.4892703862660944
PEINT,4wcj_1_A,233,long,0.5,0.6379310344827587
PEINT,4wcj_1_A,233,long,0.2,0.6956521739130435
PEINT,4wcj_1_A,233,all,1.0,0.3562231759656652
PEINT,4wcj_1_A,233,all,0.5,0.3448275862068966
PEINT,4wcj_1_A,233,all,0.2,0.30434782608695654
PEINT,4wff_1_B,253,short,1.0,0.023715415019762844
PEINT,4wff_1_B,253,short,0.5,0.015873015873015872
PEINT,4wff_1_B,253,short,0.2,0.04
PEINT,4wff_1_B,253,medium,1.0,0.03162055335968379
PEINT,4wff_1_B,253,medium,0.5,0.031746031746031744
PEINT,4wff_1_B,253,medium,0.2,0.08
PEINT,4wff_1_B,253,long,1.0,0.0
PEINT,4wff_1_B,253,long,0.5,0.0
PEINT,4wff_1_B,253,long,0.2,0.0
PEINT,4wff_1_B,253,all,1.0,0.023715415019762844
PEINT,4wff_1_B,253,all,0.5,0.015873015873015872
PEINT,4wff_1_B,253,all,0.2,0.04
PEINT,4x2m_1_A,177,short,1.0,0.04519774011299435
PEINT,4x2m_1_A,177,short,0.5,0.0
PEINT,4x2m_1_A,177,short,0.2,0.0
PEINT,4x2m_1_A,177,medium,1.0,0.13559322033898305
PEINT,4x2m_1_A,177,medium,0.5,0.22727272727272727
PEINT,4x2m_1_A,177,medium,0.2,0.22857142857142856
PEINT,4x2m_1_A,177,long,1.0,0.1016949152542373
PEINT,4x2m_1_A,177,long,0.5,0.13636363636363635
PEINT,4x2m_1_A,177,long,0.2,0.22857142857142856
PEINT,4x2m_1_A,177,all,1.0,0.06779661016949153
PEINT,4x2m_1_A,177,all,0.5,0.09090909090909091
PEINT,4x2m_1_A,177,all,0.2,0.0
PEINT,4x4w_1_B,397,short,1.0,0.12090680100755667
PEINT,4x4w_1_B,397,short,0.5,0.15151515151515152
PEINT,4x4w_1_B,397,short,0.2,0.16455696202531644
PEINT,4x4w_1_B,397,medium,1.0,0.17380352644836272
PEINT,4x4w_1_B,397,medium,0.5,0.1919191919191919
PEINT,4x4w_1_B,397,medium,0.2,0.3037974683544304
PEINT,4x4w_1_B,397,long,1.0,0.18639798488664988
PEINT,4x4w_1_B,397,long,0.5,0.24242424242424243
PEINT,4x4w_1_B,397,long,0.2,0.20253164556962025
PEINT,4x4w_1_B,397,all,1.0,0.181360201511335
PEINT,4x4w_1_B,397,all,0.5,0.1919191919191919
PEINT,4x4w_1_B,397,all,0.2,0.22784810126582278
PEINT,4x8b_1_A,428,short,1.0,0.0794392523364486
PEINT,4x8b_1_A,428,short,0.5,0.07476635514018691
PEINT,4x8b_1_A,428,short,0.2,0.0
PEINT,4x8b_1_A,428,medium,1.0,0.06074766355140187
PEINT,4x8b_1_A,428,medium,0.5,0.056074766355140186
PEINT,4x8b_1_A,428,medium,0.2,0.09411764705882353
PEINT,4x8b_1_A,428,long,1.0,0.1261682242990654
PEINT,4x8b_1_A,428,long,0.5,0.16822429906542055
PEINT,4x8b_1_A,428,long,0.2,0.3058823529411765
PEINT,4x8b_1_A,428,all,1.0,0.102803738317757
PEINT,4x8b_1_A,428,all,0.5,0.09345794392523364
PEINT,4x8b_1_A,428,all,0.2,0.09411764705882353
PEINT,4xb4_1_A,137,short,1.0,0.10218978102189781
PEINT,4xb4_1_A,137,short,0.5,0.14705882352941177
PEINT,4xb4_1_A,137,short,0.2,0.2222222222222222
PEINT,4xb4_1_A,137,medium,1.0,0.0
PEINT,4xb4_1_A,137,medium,0.5,0.0
PEINT,4xb4_1_A,137,medium,0.2,0.0
PEINT,4xb4_1_A,137,long,1.0,0.043795620437956206
PEINT,4xb4_1_A,137,long,0.5,0.0
PEINT,4xb4_1_A,137,long,0.2,0.0
PEINT,4xb4_1_A,137,all,1.0,0.072992700729927
PEINT,4xb4_1_A,137,all,0.5,0.08823529411764706
PEINT,4xb4_1_A,137,all,0.2,0.2222222222222222
PEINT,4xmr_1_A,245,short,1.0,0.2693877551020408
PEINT,4xmr_1_A,245,short,0.5,0.4098360655737705
PEINT,4xmr_1_A,245,short,0.2,0.4897959183673469
PEINT,4xmr_1_A,245,medium,1.0,0.2530612244897959
PEINT,4xmr_1_A,245,medium,0.5,0.2786885245901639
PEINT,4xmr_1_A,245,medium,0.2,0.4897959183673469
PEINT,4xmr_1_A,245,long,1.0,0.23673469387755103
PEINT,4xmr_1_A,245,long,0.5,0.3114754098360656
PEINT,4xmr_1_A,245,long,0.2,0.46938775510204084
PEINT,4xmr_1_A,245,all,1.0,0.34285714285714286
PEINT,4xmr_1_A,245,all,0.5,0.45901639344262296
PEINT,4xmr_1_A,245,all,0.2,0.6122448979591837
PEINT,4xwh_1_A,719,short,1.0,0.06258692628650904
PEINT,4xwh_1_A,719,short,0.5,0.05013927576601671
PEINT,4xwh_1_A,719,short,0.2,0.04195804195804196
PEINT,4xwh_1_A,719,medium,1.0,0.07232267037552156
PEINT,4xwh_1_A,719,medium,0.5,0.0947075208913649
PEINT,4xwh_1_A,719,medium,0.2,0.08391608391608392
PEINT,4xwh_1_A,719,long,1.0,0.12239221140472879
PEINT,4xwh_1_A,719,long,0.5,0.15598885793871867
PEINT,4xwh_1_A,719,long,0.2,0.16783216783216784
PEINT,4xwh_1_A,719,all,1.0,0.061196105702364396
PEINT,4xwh_1_A,719,all,0.5,0.055710306406685235
PEINT,4xwh_1_A,719,all,0.2,0.055944055944055944
PEINT,4y0m_1_A,203,short,1.0,0.16748768472906403
PEINT,4y0m_1_A,203,short,0.5,0.26732673267326734
PEINT,4y0m_1_A,203,short,0.2,0.25
PEINT,4y0m_1_A,203,medium,1.0,0.1477832512315271
PEINT,4y0m_1_A,203,medium,0.5,0.2079207920792079
PEINT,4y0m_1_A,203,medium,0.2,0.4
PEINT,4y0m_1_A,203,long,1.0,0.541871921182266
PEINT,4y0m_1_A,203,long,0.5,0.7227722772277227
PEINT,4y0m_1_A,203,long,0.2,0.9
PEINT,4y0m_1_A,203,all,1.0,0.4236453201970443
PEINT,4y0m_1_A,203,all,0.5,0.46534653465346537
PEINT,4y0m_1_A,203,all,0.2,0.5
PEINT,4yfe_1_A,193,short,1.0,0.14507772020725387
PEINT,4yfe_1_A,193,short,0.5,0.16666666666666666
PEINT,4yfe_1_A,193,short,0.2,0.2631578947368421
PEINT,4yfe_1_A,193,medium,1.0,0.29015544041450775
PEINT,4yfe_1_A,193,medium,0.5,0.4375
PEINT,4yfe_1_A,193,medium,0.2,0.6842105263157895
PEINT,4yfe_1_A,193,long,1.0,0.40414507772020725
PEINT,4yfe_1_A,193,long,0.5,0.5833333333333334
PEINT,4yfe_1_A,193,long,0.2,0.7368421052631579
PEINT,4yfe_1_A,193,all,1.0,0.26424870466321243
PEINT,4yfe_1_A,193,all,0.5,0.25
PEINT,4yfe_1_A,193,all,0.2,0.42105263157894735
PEINT,4yji_1_A,490,short,1.0,0.14285714285714285
PEINT,4yji_1_A,490,short,0.5,0.20408163265306123
PEINT,4yji_1_A,490,short,0.2,0.30612244897959184
PEINT,4yji_1_A,490,medium,1.0,0.13877551020408163
PEINT,4yji_1_A,490,medium,0.5,0.17959183673469387
PEINT,4yji_1_A,490,medium,0.2,0.20408163265306123
PEINT,4yji_1_A,490,long,1.0,0.2816326530612245
PEINT,4yji_1_A,490,long,0.5,0.3673469387755102
PEINT,4yji_1_A,490,long,0.2,0.5102040816326531
PEINT,4yji_1_A,490,all,1.0,0.2163265306122449
PEINT,4yji_1_A,490,all,0.5,0.2530612244897959
PEINT,4yji_1_A,490,all,0.2,0.32653061224489793
PEINT,4ys4_1_A,261,short,1.0,0.10727969348659004
PEINT,4ys4_1_A,261,short,0.5,0.13846153846153847
PEINT,4ys4_1_A,261,short,0.2,0.15384615384615385
PEINT,4ys4_1_A,261,medium,1.0,0.10727969348659004
PEINT,4ys4_1_A,261,medium,0.5,0.16923076923076924
PEINT,4ys4_1_A,261,medium,0.2,0.23076923076923078
PEINT,4ys4_1_A,261,long,1.0,0.06896551724137931
PEINT,4ys4_1_A,261,long,0.5,0.046153846153846156
PEINT,4ys4_1_A,261,long,0.2,0.11538461538461539
PEINT,4ys4_1_A,261,all,1.0,0.14559386973180077
PEINT,4ys4_1_A,261,all,0.5,0.2153846153846154
PEINT,4ys4_1_A,261,all,0.2,0.3076923076923077
PEINT,4yzo_1_B,347,short,1.0,0.15561959654178675
PEINT,4yzo_1_B,347,short,0.5,0.2023121387283237
PEINT,4yzo_1_B,347,short,0.2,0.3333333333333333
PEINT,4yzo_1_B,347,medium,1.0,0.19020172910662825
PEINT,4yzo_1_B,347,medium,0.5,0.27167630057803466
PEINT,4yzo_1_B,347,medium,0.2,0.4927536231884058
PEINT,4yzo_1_B,347,long,1.0,0.31988472622478387
PEINT,4yzo_1_B,347,long,0.5,0.4913294797687861
PEINT,4yzo_1_B,347,long,0.2,0.8115942028985508
PEINT,4yzo_1_B,347,all,1.0,0.3573487031700288
PEINT,4yzo_1_B,347,all,0.5,0.4161849710982659
PEINT,4yzo_1_B,347,all,0.2,0.5507246376811594
PEINT,4z29_1_A,176,short,1.0,0.14772727272727273
PEINT,4z29_1_A,176,short,0.5,0.1590909090909091
PEINT,4z29_1_A,176,short,0.2,0.22857142857142856
PEINT,4z29_1_A,176,medium,1.0,0.2727272727272727
PEINT,4z29_1_A,176,medium,0.5,0.36363636363636365
PEINT,4z29_1_A,176,medium,0.2,0.34285714285714286
PEINT,4z29_1_A,176,long,1.0,0.38636363636363635
PEINT,4z29_1_A,176,long,0.5,0.5454545454545454
PEINT,4z29_1_A,176,long,0.2,0.7714285714285715
PEINT,4z29_1_A,176,all,1.0,0.2840909090909091
PEINT,4z29_1_A,176,all,0.5,0.36363636363636365
PEINT,4z29_1_A,176,all,0.2,0.4857142857142857
PEINT,4zfk_1_B,231,short,1.0,0.2813852813852814
PEINT,4zfk_1_B,231,short,0.5,0.34782608695652173
PEINT,4zfk_1_B,231,short,0.2,0.4782608695652174
PEINT,4zfk_1_B,231,medium,1.0,0.16017316017316016
PEINT,4zfk_1_B,231,medium,0.5,0.2608695652173913
PEINT,4zfk_1_B,231,medium,0.2,0.17391304347826086
PEINT,4zfk_1_B,231,long,1.0,0.11255411255411256
PEINT,4zfk_1_B,231,long,0.5,0.10434782608695652
PEINT,4zfk_1_B,231,long,0.2,0.13043478260869565
PEINT,4zfk_1_B,231,all,1.0,0.2510822510822511
PEINT,4zfk_1_B,231,all,0.5,0.34782608695652173
PEINT,4zfk_1_B,231,all,0.2,0.4782608695652174
PEINT,4znk_1_A,258,short,1.0,0.20930232558139536
PEINT,4znk_1_A,258,short,0.5,0.24806201550387597
PEINT,4znk_1_A,258,short,0.2,0.1568627450980392
PEINT,4znk_1_A,258,medium,1.0,0.13953488372093023
PEINT,4znk_1_A,258,medium,0.5,0.12403100775193798
PEINT,4znk_1_A,258,medium,0.2,0.1568627450980392
PEINT,4znk_1_A,258,long,1.0,0.26356589147286824
PEINT,4znk_1_A,258,long,0.5,0.3488372093023256
PEINT,4znk_1_A,258,long,0.2,0.5098039215686274
PEINT,4znk_1_A,258,all,1.0,0.2868217054263566
PEINT,4znk_1_A,258,all,0.5,0.29457364341085274
PEINT,4znk_1_A,258,all,0.2,0.27450980392156865
PEINT,4zrp_1_A,400,short,1.0,0.155
PEINT,4zrp_1_A,400,short,0.5,0.19
PEINT,4zrp_1_A,400,short,0.2,0.15
PEINT,4zrp_1_A,400,medium,1.0,0.12
PEINT,4zrp_1_A,400,medium,0.5,0.18
PEINT,4zrp_1_A,400,medium,0.2,0.175
PEINT,4zrp_1_A,400,long,1.0,0.11
PEINT,4zrp_1_A,400,long,0.5,0.15
PEINT,4zrp_1_A,400,long,0.2,0.225
PEINT,4zrp_1_A,400,all,1.0,0.17
PEINT,4zrp_1_A,400,all,0.5,0.21
PEINT,4zrp_1_A,400,all,0.2,0.175
PEINT,4zv0_1_B,94,short,1.0,0.0425531914893617
PEINT,4zv0_1_B,94,short,0.5,0.0425531914893617
PEINT,4zv0_1_B,94,short,0.2,0.1111111111111111
PEINT,4zv0_1_B,94,medium,1.0,0.14893617021276595
PEINT,4zv0_1_B,94,medium,0.5,0.2127659574468085
PEINT,4zv0_1_B,94,medium,0.2,0.4444444444444444
PEINT,4zv0_1_B,94,long,1.0,0.2765957446808511
PEINT,4zv0_1_B,94,long,0.5,0.3829787234042553
PEINT,4zv0_1_B,94,long,0.2,0.5555555555555556
PEINT,4zv0_1_B,94,all,1.0,0.2127659574468085
PEINT,4zv0_1_B,94,all,0.5,0.3404255319148936
PEINT,4zv0_1_B,94,all,0.2,0.4444444444444444
PEINT,5a06_1_A,336,short,1.0,0.27976190476190477
PEINT,5a06_1_A,336,short,0.5,0.39285714285714285
PEINT,5a06_1_A,336,short,0.2,0.582089552238806
PEINT,5a06_1_A,336,medium,1.0,0.2976190476190476
PEINT,5a06_1_A,336,medium,0.5,0.42857142857142855
PEINT,5a06_1_A,336,medium,0.2,0.582089552238806
PEINT,5a06_1_A,336,long,1.0,0.6011904761904762
PEINT,5a06_1_A,336,long,0.5,0.7023809523809523
PEINT,5a06_1_A,336,long,0.2,0.7761194029850746
PEINT,5a06_1_A,336,all,1.0,0.5238095238095238
PEINT,5a06_1_A,336,all,0.5,0.6190476190476191
PEINT,5a06_1_A,336,all,0.2,0.7014925373134329
PEINT,5a7z_1_A,250,short,1.0,0.08
PEINT,5a7z_1_A,250,short,0.5,0.128
PEINT,5a7z_1_A,250,short,0.2,0.2
PEINT,5a7z_1_A,250,medium,1.0,0.096
PEINT,5a7z_1_A,250,medium,0.5,0.128
PEINT,5a7z_1_A,250,medium,0.2,0.2
PEINT,5a7z_1_A,250,long,1.0,0.056
PEINT,5a7z_1_A,250,long,0.5,0.064
PEINT,5a7z_1_A,250,long,0.2,0.0
PEINT,5a7z_1_A,250,all,1.0,0.12
PEINT,5a7z_1_A,250,all,0.5,0.144
PEINT,5a7z_1_A,250,all,0.2,0.16
PEINT,5aiz_1_A,110,short,1.0,0.12727272727272726
PEINT,5aiz_1_A,110,short,0.5,0.10909090909090909
PEINT,5aiz_1_A,110,short,0.2,0.2727272727272727
PEINT,5aiz_1_A,110,medium,1.0,0.09090909090909091
PEINT,5aiz_1_A,110,medium,0.5,0.10909090909090909
PEINT,5aiz_1_A,110,medium,0.2,0.2727272727272727
PEINT,5aiz_1_A,110,long,1.0,0.05454545454545454
PEINT,5aiz_1_A,110,long,0.5,0.0
PEINT,5aiz_1_A,110,long,0.2,0.0
PEINT,5aiz_1_A,110,all,1.0,0.14545454545454545
PEINT,5aiz_1_A,110,all,0.5,0.10909090909090909
PEINT,5aiz_1_A,110,all,0.2,0.2727272727272727
PEINT,5amw_1_A,162,short,1.0,0.2345679012345679
PEINT,5amw_1_A,162,short,0.5,0.2962962962962963
PEINT,5amw_1_A,162,short,0.2,0.4375
PEINT,5amw_1_A,162,medium,1.0,0.345679012345679
PEINT,5amw_1_A,162,medium,0.5,0.4444444444444444
PEINT,5amw_1_A,162,medium,0.2,0.6875
PEINT,5amw_1_A,162,long,1.0,0.35802469135802467
PEINT,5amw_1_A,162,long,0.5,0.49382716049382713
PEINT,5amw_1_A,162,long,0.2,0.625
PEINT,5amw_1_A,162,all,1.0,0.3333333333333333
PEINT,5amw_1_A,162,all,0.5,0.4074074074074074
PEINT,5amw_1_A,162,all,0.2,0.5
PEINT,5azw_1_B,93,short,1.0,0.3010752688172043
PEINT,5azw_1_B,93,short,0.5,0.43478260869565216
PEINT,5azw_1_B,93,short,0.2,0.4444444444444444
PEINT,5azw_1_B,93,medium,1.0,0.021505376344086023
PEINT,5azw_1_B,93,medium,0.5,0.043478260869565216
PEINT,5azw_1_B,93,medium,0.2,0.1111111111111111
PEINT,5azw_1_B,93,long,1.0,0.12903225806451613
PEINT,5azw_1_B,93,long,0.5,0.17391304347826086
PEINT,5azw_1_B,93,long,0.2,0.3333333333333333
PEINT,5azw_1_B,93,all,1.0,0.25806451612903225
PEINT,5azw_1_B,93,all,0.5,0.34782608695652173
PEINT,5azw_1_B,93,all,0.2,0.4444444444444444
PEINT,5b6e_1_A,319,short,1.0,0.05642633228840126
PEINT,5b6e_1_A,319,short,0.5,0.012578616352201259
PEINT,5b6e_1_A,319,short,0.2,0.0
PEINT,5b6e_1_A,319,medium,1.0,0.034482758620689655
PEINT,5b6e_1_A,319,medium,0.5,0.03773584905660377
PEINT,5b6e_1_A,319,medium,0.2,0.031746031746031744
PEINT,5b6e_1_A,319,long,1.0,0.06269592476489028
PEINT,5b6e_1_A,319,long,0.5,0.07547169811320754
PEINT,5b6e_1_A,319,long,0.2,0.09523809523809523
PEINT,5b6e_1_A,319,all,1.0,0.05642633228840126
PEINT,5b6e_1_A,319,all,0.5,0.0
PEINT,5b6e_1_A,319,all,0.2,0.0
PEINT,5bwm_1_B,205,short,1.0,0.12682926829268293
PEINT,5bwm_1_B,205,short,0.5,0.21568627450980393
PEINT,5bwm_1_B,205,short,0.2,0.3902439024390244
PEINT,5bwm_1_B,205,medium,1.0,0.17560975609756097
PEINT,5bwm_1_B,205,medium,0.5,0.27450980392156865
PEINT,5bwm_1_B,205,medium,0.2,0.34146341463414637
PEINT,5bwm_1_B,205,long,1.0,0.1951219512195122
PEINT,5bwm_1_B,205,long,0.5,0.29411764705882354
PEINT,5bwm_1_B,205,long,0.2,0.4878048780487805
PEINT,5bwm_1_B,205,all,1.0,0.24390243902439024
PEINT,5bwm_1_B,205,all,0.5,0.35294117647058826
PEINT,5bwm_1_B,205,all,0.2,0.5365853658536586
PEINT,5c82_1_B,170,short,1.0,0.2823529411764706
PEINT,5c82_1_B,170,short,0.5,0.3411764705882353
PEINT,5c82_1_B,170,short,0.2,0.23529411764705882
PEINT,5c82_1_B,170,medium,1.0,0.3058823529411765
PEINT,5c82_1_B,170,medium,0.5,0.4235294117647059
PEINT,5c82_1_B,170,medium,0.2,0.47058823529411764
PEINT,5c82_1_B,170,long,1.0,0.38823529411764707
PEINT,5c82_1_B,170,long,0.5,0.4470588235294118
PEINT,5c82_1_B,170,long,0.2,0.5882352941176471
PEINT,5c82_1_B,170,all,1.0,0.36470588235294116
PEINT,5c82_1_B,170,all,0.5,0.35294117647058826
PEINT,5c82_1_B,170,all,0.2,0.35294117647058826
PEINT,5ctd_1_C,72,short,1.0,0.0
PEINT,5ctd_1_C,72,short,0.5,0.0
PEINT,5ctd_1_C,72,short,0.2,0.0
PEINT,5ctd_1_C,72,medium,1.0,0.0
PEINT,5ctd_1_C,72,medium,0.5,0.0
PEINT,5ctd_1_C,72,medium,0.2,0.0
PEINT,5ctd_1_C,72,long,1.0,0.0
PEINT,5ctd_1_C,72,long,0.5,0.0
PEINT,5ctd_1_C,72,long,0.2,0.0
PEINT,5ctd_1_C,72,all,1.0,0.0
PEINT,5ctd_1_C,72,all,0.5,0.0
PEINT,5ctd_1_C,72,all,0.2,0.0
PEINT,5cx6_1_B,665,short,1.0,0.07218045112781955
PEINT,5cx6_1_B,665,short,0.5,0.0963855421686747
PEINT,5cx6_1_B,665,short,0.2,0.07518796992481203
PEINT,5cx6_1_B,665,medium,1.0,0.05714285714285714
PEINT,5cx6_1_B,665,medium,0.5,0.04216867469879518
PEINT,5cx6_1_B,665,medium,0.2,0.03007518796992481
PEINT,5cx6_1_B,665,long,1.0,0.015037593984962405
PEINT,5cx6_1_B,665,long,0.5,0.012048192771084338
PEINT,5cx6_1_B,665,long,0.2,0.015037593984962405
PEINT,5cx6_1_B,665,all,1.0,0.06917293233082707
PEINT,5cx6_1_B,665,all,0.5,0.05421686746987952
PEINT,5cx6_1_B,665,all,0.2,0.06766917293233082
PEINT,5cxy_1_A,292,short,1.0,0.0821917808219178
PEINT,5cxy_1_A,292,short,0.5,0.1095890410958904
PEINT,5cxy_1_A,292,short,0.2,0.13793103448275862
PEINT,5cxy_1_A,292,medium,1.0,0.07534246575342465
PEINT,5cxy_1_A,292,medium,0.5,0.0958904109589041
PEINT,5cxy_1_A,292,medium,0.2,0.06896551724137931
PEINT,5cxy_1_A,292,long,1.0,0.0958904109589041
PEINT,5cxy_1_A,292,long,0.5,0.136986301369863
PEINT,5cxy_1_A,292,long,0.2,0.2413793103448276
PEINT,5cxy_1_A,292,all,1.0,0.08904109589041095
PEINT,5cxy_1_A,292,all,0.5,0.1095890410958904
PEINT,5cxy_1_A,292,all,0.2,0.10344827586206896
PEINT,5czd_1_B,77,short,1.0,0.12987012987012986
PEINT,5czd_1_B,77,short,0.5,0.15789473684210525
PEINT,5czd_1_B,77,short,0.2,0.4
PEINT,5czd_1_B,77,medium,1.0,0.07792207792207792
PEINT,5czd_1_B,77,medium,0.5,0.15789473684210525
PEINT,5czd_1_B,77,medium,0.2,0.26666666666666666
PEINT,5czd_1_B,77,long,1.0,0.2857142857142857
PEINT,5czd_1_B,77,long,0.5,0.47368421052631576
PEINT,5czd_1_B,77,long,0.2,0.4666666666666667
PEINT,5czd_1_B,77,all,1.0,0.2077922077922078
PEINT,5czd_1_B,77,all,0.5,0.2631578947368421
PEINT,5czd_1_B,77,all,0.2,0.4
PEINT,5e1v_1_A,274,short,1.0,0.12408759124087591
PEINT,5e1v_1_A,274,short,0.5,0.17518248175182483
PEINT,5e1v_1_A,274,short,0.2,0.2962962962962963
PEINT,5e1v_1_A,274,medium,1.0,0.21897810218978103
PEINT,5e1v_1_A,274,medium,0.5,0.30656934306569344
PEINT,5e1v_1_A,274,medium,0.2,0.2962962962962963
PEINT,5e1v_1_A,274,long,1.0,0.24817518248175183
PEINT,5e1v_1_A,274,long,0.5,0.291970802919708
PEINT,5e1v_1_A,274,long,0.2,0.4074074074074074
PEINT,5e1v_1_A,274,all,1.0,0.24087591240875914
PEINT,5e1v_1_A,274,all,0.5,0.29927007299270075
PEINT,5e1v_1_A,274,all,0.2,0.37037037037037035
PEINT,5e2r_1_A,261,short,1.0,0.06130268199233716
PEINT,5e2r_1_A,261,short,0.5,0.06153846153846154
PEINT,5e2r_1_A,261,short,0.2,0.11538461538461539
PEINT,5e2r_1_A,261,medium,1.0,0.08045977011494253
PEINT,5e2r_1_A,261,medium,0.5,0.12307692307692308
PEINT,5e2r_1_A,261,medium,0.2,0.15384615384615385
PEINT,5e2r_1_A,261,long,1.0,0.07279693486590039
PEINT,5e2r_1_A,261,long,0.5,0.07692307692307693
PEINT,5e2r_1_A,261,long,0.2,0.15384615384615385
PEINT,5e2r_1_A,261,all,1.0,0.09195402298850575
PEINT,5e2r_1_A,261,all,0.5,0.1076923076923077
PEINT,5e2r_1_A,261,all,0.2,0.11538461538461539
PEINT,5f5r_1_A,225,short,1.0,0.13777777777777778
PEINT,5f5r_1_A,225,short,0.5,0.125
PEINT,5f5r_1_A,225,short,0.2,0.2
PEINT,5f5r_1_A,225,medium,1.0,0.12
PEINT,5f5r_1_A,225,medium,0.5,0.16071428571428573
PEINT,5f5r_1_A,225,medium,0.2,0.28888888888888886
PEINT,5f5r_1_A,225,long,1.0,0.21333333333333335
PEINT,5f5r_1_A,225,long,0.5,0.35714285714285715
PEINT,5f5r_1_A,225,long,0.2,0.4666666666666667
PEINT,5f5r_1_A,225,all,1.0,0.2311111111111111
PEINT,5f5r_1_A,225,all,0.5,0.26785714285714285
PEINT,5f5r_1_A,225,all,0.2,0.24444444444444444
PEINT,5fpw_1_A,292,short,1.0,0.0821917808219178
PEINT,5fpw_1_A,292,short,0.5,0.0684931506849315
PEINT,5fpw_1_A,292,short,0.2,0.034482758620689655
PEINT,5fpw_1_A,292,medium,1.0,0.11643835616438356
PEINT,5fpw_1_A,292,medium,0.5,0.1506849315068493
PEINT,5fpw_1_A,292,medium,0.2,0.2413793103448276
PEINT,5fpw_1_A,292,long,1.0,0.0821917808219178
PEINT,5fpw_1_A,292,long,0.5,0.1095890410958904
PEINT,5fpw_1_A,292,long,0.2,0.13793103448275862
PEINT,5fpw_1_A,292,all,1.0,0.13013698630136986
PEINT,5fpw_1_A,292,all,0.5,0.0821917808219178
PEINT,5fpw_1_A,292,all,0.2,0.06896551724137931
PEINT,5fsc_1_A,226,short,1.0,0.4247787610619469
PEINT,5fsc_1_A,226,short,0.5,0.584070796460177
PEINT,5fsc_1_A,226,short,0.2,0.6666666666666666
PEINT,5fsc_1_A,226,medium,1.0,0.3008849557522124
PEINT,5fsc_1_A,226,medium,0.5,0.2743362831858407
PEINT,5fsc_1_A,226,medium,0.2,0.37777777777777777
PEINT,5fsc_1_A,226,long,1.0,0.08849557522123894
PEINT,5fsc_1_A,226,long,0.5,0.017699115044247787
PEINT,5fsc_1_A,226,long,0.2,0.0
PEINT,5fsc_1_A,226,all,1.0,0.26548672566371684
PEINT,5fsc_1_A,226,all,0.5,0.23008849557522124
PEINT,5fsc_1_A,226,all,0.2,0.06666666666666667
PEINT,5fzi_1_A,461,short,1.0,0.04772234273318872
PEINT,5fzi_1_A,461,short,0.5,0.06086956521739131
PEINT,5fzi_1_A,461,short,0.2,0.06521739130434782
PEINT,5fzi_1_A,461,medium,1.0,0.04772234273318872
PEINT,5fzi_1_A,461,medium,0.5,0.043478260869565216
PEINT,5fzi_1_A,461,medium,0.2,0.021739130434782608
PEINT,5fzi_1_A,461,long,1.0,0.0737527114967462
PEINT,5fzi_1_A,461,long,0.5,0.09565217391304348
PEINT,5fzi_1_A,461,long,0.2,0.15217391304347827
PEINT,5fzi_1_A,461,all,1.0,0.052060737527114966
PEINT,5fzi_1_A,461,all,0.5,0.06086956521739131
PEINT,5fzi_1_A,461,all,0.2,0.06521739130434782
PEINT,5g1e_1_B,164,short,1.0,0.13414634146341464
PEINT,5g1e_1_B,164,short,0.5,0.21951219512195122
PEINT,5g1e_1_B,164,short,0.2,0.3125
PEINT,5g1e_1_B,164,medium,1.0,0.14634146341463414
PEINT,5g1e_1_B,164,medium,0.5,0.1951219512195122
PEINT,5g1e_1_B,164,medium,0.2,0.3125
PEINT,5g1e_1_B,164,long,1.0,0.15853658536585366
PEINT,5g1e_1_B,164,long,0.5,0.1951219512195122
PEINT,5g1e_1_B,164,long,0.2,0.375
PEINT,5g1e_1_B,164,all,1.0,0.18292682926829268
PEINT,5g1e_1_B,164,all,0.5,0.24390243902439024
PEINT,5g1e_1_B,164,all,0.2,0.375
PEINT,5g38_1_A,172,short,1.0,0.2558139534883721
PEINT,5g38_1_A,172,short,0.5,0.32558139534883723
PEINT,5g38_1_A,172,short,0.2,0.29411764705882354
PEINT,5g38_1_A,172,medium,1.0,0.22093023255813954
PEINT,5g38_1_A,172,medium,0.5,0.37209302325581395
PEINT,5g38_1_A,172,medium,0.2,0.47058823529411764
PEINT,5g38_1_A,172,long,1.0,0.06976744186046512
PEINT,5g38_1_A,172,long,0.5,0.11627906976744186
PEINT,5g38_1_A,172,long,0.2,0.11764705882352941
PEINT,5g38_1_A,172,all,1.0,0.313953488372093
PEINT,5g38_1_A,172,all,0.5,0.3953488372093023
PEINT,5g38_1_A,172,all,0.2,0.35294117647058826
PEINT,5g4x_1_A,346,short,1.0,0.15606936416184972
PEINT,5g4x_1_A,346,short,0.5,0.15028901734104047
PEINT,5g4x_1_A,346,short,0.2,0.21739130434782608
PEINT,5g4x_1_A,346,medium,1.0,0.15028901734104047
PEINT,5g4x_1_A,346,medium,0.5,0.21965317919075145
PEINT,5g4x_1_A,346,medium,0.2,0.3188405797101449
PEINT,5g4x_1_A,346,long,1.0,0.24855491329479767
PEINT,5g4x_1_A,346,long,0.5,0.32947976878612717
PEINT,5g4x_1_A,346,long,0.2,0.4057971014492754
PEINT,5g4x_1_A,346,all,1.0,0.1676300578034682
PEINT,5g4x_1_A,346,all,0.5,0.17341040462427745
PEINT,5g4x_1_A,346,all,0.2,0.2028985507246377
PEINT,5gk0_1_B,379,short,1.0,0.08179419525065963
PEINT,5gk0_1_B,379,short,0.5,0.1111111111111111
PEINT,5gk0_1_B,379,short,0.2,0.10666666666666667
PEINT,5gk0_1_B,379,medium,1.0,0.158311345646438
PEINT,5gk0_1_B,379,medium,0.5,0.2328042328042328
PEINT,5gk0_1_B,379,medium,0.2,0.29333333333333333
PEINT,5gk0_1_B,379,long,1.0,0.2796833773087071
PEINT,5gk0_1_B,379,long,0.5,0.35978835978835977
PEINT,5gk0_1_B,379,long,0.2,0.5466666666666666
PEINT,5gk0_1_B,379,all,1.0,0.21635883905013192
PEINT,5gk0_1_B,379,all,0.5,0.24338624338624337
PEINT,5gk0_1_B,379,all,0.2,0.24
PEINT,5h7j_1_A,686,short,1.0,0.119533527696793
PEINT,5h7j_1_A,686,short,0.5,0.09912536443148688
PEINT,5h7j_1_A,686,short,0.2,0.10218978102189781
PEINT,5h7j_1_A,686,medium,1.0,0.10787172011661808
PEINT,5h7j_1_A,686,medium,0.5,0.1282798833819242
PEINT,5h7j_1_A,686,medium,0.2,0.16058394160583941
PEINT,5h7j_1_A,686,long,1.0,0.2886297376093295
PEINT,5h7j_1_A,686,long,0.5,0.40816326530612246
PEINT,5h7j_1_A,686,long,0.2,0.5255474452554745
PEINT,5h7j_1_A,686,all,1.0,0.18950437317784258
PEINT,5h7j_1_A,686,all,0.5,0.19825072886297376
PEINT,5h7j_1_A,686,all,0.2,0.24817518248175183
PEINT,5had_1_A,130,short,1.0,0.3076923076923077
PEINT,5had_1_A,130,short,0.5,0.4
PEINT,5had_1_A,130,short,0.2,0.6153846153846154
PEINT,5had_1_A,130,medium,1.0,0.3230769230769231
PEINT,5had_1_A,130,medium,0.5,0.4307692307692308
PEINT,5had_1_A,130,medium,0.2,0.6153846153846154
PEINT,5had_1_A,130,long,1.0,0.3230769230769231
PEINT,5had_1_A,130,long,0.5,0.36923076923076925
PEINT,5had_1_A,130,long,0.2,0.5384615384615384
PEINT,5had_1_A,130,all,1.0,0.4461538461538462
PEINT,5had_1_A,130,all,0.5,0.5076923076923077
PEINT,5had_1_A,130,all,0.2,0.6153846153846154
PEINT,5hvx_1_A,256,short,1.0,0.0546875
PEINT,5hvx_1_A,256,short,0.5,0.09375
PEINT,5hvx_1_A,256,short,0.2,0.11764705882352941
PEINT,5hvx_1_A,256,medium,1.0,0.0234375
PEINT,5hvx_1_A,256,medium,0.5,0.03125
PEINT,5hvx_1_A,256,medium,0.2,0.0
PEINT,5hvx_1_A,256,long,1.0,0.0859375
PEINT,5hvx_1_A,256,long,0.5,0.078125
PEINT,5hvx_1_A,256,long,0.2,0.09803921568627451
PEINT,5hvx_1_A,256,all,1.0,0.0546875
PEINT,5hvx_1_A,256,all,0.5,0.09375
PEINT,5hvx_1_A,256,all,0.2,0.11764705882352941
PEINT,5ixb_1_A,105,short,1.0,0.09523809523809523
PEINT,5ixb_1_A,105,short,0.5,0.038461538461538464
PEINT,5ixb_1_A,105,short,0.2,0.09523809523809523
PEINT,5ixb_1_A,105,medium,1.0,0.09523809523809523
PEINT,5ixb_1_A,105,medium,0.5,0.15384615384615385
PEINT,5ixb_1_A,105,medium,0.2,0.19047619047619047
PEINT,5ixb_1_A,105,long,1.0,0.0761904761904762
PEINT,5ixb_1_A,105,long,0.5,0.11538461538461539
PEINT,5ixb_1_A,105,long,0.2,0.09523809523809523
PEINT,5ixb_1_A,105,all,1.0,0.0761904761904762
PEINT,5ixb_1_A,105,all,0.5,0.038461538461538464
PEINT,5ixb_1_A,105,all,0.2,0.09523809523809523
PEINT,5j7k_1_A,84,short,1.0,0.2857142857142857
PEINT,5j7k_1_A,84,short,0.5,0.42857142857142855
PEINT,5j7k_1_A,84,short,0.2,0.75
PEINT,5j7k_1_A,84,medium,1.0,0.35714285714285715
PEINT,5j7k_1_A,84,medium,0.5,0.5238095238095238
PEINT,5j7k_1_A,84,medium,0.2,0.625
PEINT,5j7k_1_A,84,long,1.0,0.5238095238095238
PEINT,5j7k_1_A,84,long,0.5,0.7619047619047619
PEINT,5j7k_1_A,84,long,0.2,1.0
PEINT,5j7k_1_A,84,all,1.0,0.47619047619047616
PEINT,5j7k_1_A,84,all,0.5,0.5238095238095238
PEINT,5j7k_1_A,84,all,0.2,0.75
PEINT,5jfz_1_A,181,short,1.0,0.11049723756906077
PEINT,5jfz_1_A,181,short,0.5,0.06666666666666667
PEINT,5jfz_1_A,181,short,0.2,0.16666666666666666
PEINT,5jfz_1_A,181,medium,1.0,0.143646408839779
PEINT,5jfz_1_A,181,medium,0.5,0.1111111111111111
PEINT,5jfz_1_A,181,medium,0.2,0.16666666666666666
PEINT,5jfz_1_A,181,long,1.0,0.09944751381215469
PEINT,5jfz_1_A,181,long,0.5,0.1111111111111111
PEINT,5jfz_1_A,181,long,0.2,0.16666666666666666
PEINT,5jfz_1_A,181,all,1.0,0.12154696132596685
PEINT,5jfz_1_A,181,all,0.5,0.1111111111111111
PEINT,5jfz_1_A,181,all,0.2,0.2222222222222222
PEINT,5jhe_1_B,388,short,1.0,0.1134020618556701
PEINT,5jhe_1_B,388,short,0.5,0.13402061855670103
PEINT,5jhe_1_B,388,short,0.2,0.2077922077922078
PEINT,5jhe_1_B,388,medium,1.0,0.23711340206185566
PEINT,5jhe_1_B,388,medium,0.5,0.28865979381443296
PEINT,5jhe_1_B,388,medium,0.2,0.33766233766233766
PEINT,5jhe_1_B,388,long,1.0,0.17010309278350516
PEINT,5jhe_1_B,388,long,0.5,0.16494845360824742
PEINT,5jhe_1_B,388,long,0.2,0.23376623376623376
PEINT,5jhe_1_B,388,all,1.0,0.17010309278350516
PEINT,5jhe_1_B,388,all,0.5,0.20618556701030927
PEINT,5jhe_1_B,388,all,0.2,0.2857142857142857
PEINT,5jjr_1_A,845,short,1.0,0.07100591715976332
PEINT,5jjr_1_A,845,short,0.5,0.08056872037914692
PEINT,5jjr_1_A,845,short,0.2,0.1301775147928994
PEINT,5jjr_1_A,845,medium,1.0,0.07337278106508875
PEINT,5jjr_1_A,845,medium,0.5,0.0947867298578199
PEINT,5jjr_1_A,845,medium,0.2,0.09467455621301775
PEINT,5jjr_1_A,845,long,1.0,0.11597633136094675
PEINT,5jjr_1_A,845,long,0.5,0.15639810426540285
PEINT,5jjr_1_A,845,long,0.2,0.23668639053254437
PEINT,5jjr_1_A,845,all,1.0,0.10177514792899409
PEINT,5jjr_1_A,845,all,0.5,0.13270142180094788
PEINT,5jjr_1_A,845,all,0.2,0.1893491124260355
PEINT,5jqc_1_A,248,short,1.0,0.22580645161290322
PEINT,5jqc_1_A,248,short,0.5,0.3064516129032258
PEINT,5jqc_1_A,248,short,0.2,0.5306122448979592
PEINT,5jqc_1_A,248,medium,1.0,0.3467741935483871
PEINT,5jqc_1_A,248,medium,0.5,0.5
PEINT,5jqc_1_A,248,medium,0.2,0.6938775510204082
PEINT,5jqc_1_A,248,long,1.0,0.08064516129032258
PEINT,5jqc_1_A,248,long,0.5,0.016129032258064516
PEINT,5jqc_1_A,248,long,0.2,0.0
PEINT,5jqc_1_A,248,all,1.0,0.27419354838709675
PEINT,5jqc_1_A,248,all,0.5,0.3225806451612903
PEINT,5jqc_1_A,248,all,0.2,0.24489795918367346
PEINT,5keh_1_A,242,short,1.0,0.17355371900826447
PEINT,5keh_1_A,242,short,0.5,0.21487603305785125
PEINT,5keh_1_A,242,short,0.2,0.25
PEINT,5keh_1_A,242,medium,1.0,0.19834710743801653
PEINT,5keh_1_A,242,medium,0.5,0.3140495867768595
PEINT,5keh_1_A,242,medium,0.2,0.375
PEINT,5keh_1_A,242,long,1.0,0.1652892561983471
PEINT,5keh_1_A,242,long,0.5,0.23140495867768596
PEINT,5keh_1_A,242,long,0.2,0.375
PEINT,5keh_1_A,242,all,1.0,0.19008264462809918
PEINT,5keh_1_A,242,all,0.5,0.23140495867768596
PEINT,5keh_1_A,242,all,0.2,0.25
PEINT,5kod_1_A,573,short,1.0,0.11867364746945899
PEINT,5kod_1_A,573,short,0.5,0.11888111888111888
PEINT,5kod_1_A,573,short,0.2,0.15789473684210525
PEINT,5kod_1_A,573,medium,1.0,0.1273996509598604
PEINT,5kod_1_A,573,medium,0.5,0.16083916083916083
PEINT,5kod_1_A,573,medium,0.2,0.22807017543859648
PEINT,5kod_1_A,573,long,1.0,0.06980802792321117
PEINT,5kod_1_A,573,long,0.5,0.07692307692307693
PEINT,5kod_1_A,573,long,0.2,0.14035087719298245
PEINT,5kod_1_A,573,all,1.0,0.1256544502617801
PEINT,5kod_1_A,573,all,0.5,0.1258741258741259
PEINT,5kod_1_A,573,all,0.2,0.15789473684210525
PEINT,5lcy_1_B,89,short,1.0,0.06741573033707865
PEINT,5lcy_1_B,89,short,0.5,0.09090909090909091
PEINT,5lcy_1_B,89,short,0.2,0.11764705882352941
PEINT,5lcy_1_B,89,medium,1.0,0.1348314606741573
PEINT,5lcy_1_B,89,medium,0.5,0.2727272727272727
PEINT,5lcy_1_B,89,medium,0.2,0.5294117647058824
PEINT,5lcy_1_B,89,long,1.0,0.1797752808988764
PEINT,5lcy_1_B,89,long,0.5,0.2727272727272727
PEINT,5lcy_1_B,89,long,0.2,0.47058823529411764
PEINT,5lcy_1_B,89,all,1.0,0.1797752808988764
PEINT,5lcy_1_B,89,all,0.5,0.22727272727272727
PEINT,5lcy_1_B,89,all,0.2,0.11764705882352941
PEINT,5lhm_1_A,213,short,1.0,0.13145539906103287
PEINT,5lhm_1_A,213,short,0.5,0.16981132075471697
PEINT,5lhm_1_A,213,short,0.2,0.19047619047619047
PEINT,5lhm_1_A,213,medium,1.0,0.16901408450704225
PEINT,5lhm_1_A,213,medium,0.5,0.16981132075471697
PEINT,5lhm_1_A,213,medium,0.2,0.2857142857142857
PEINT,5lhm_1_A,213,long,1.0,0.4084507042253521
PEINT,5lhm_1_A,213,long,0.5,0.4339622641509434
PEINT,5lhm_1_A,213,long,0.2,0.5714285714285714
PEINT,5lhm_1_A,213,all,1.0,0.20657276995305165
PEINT,5lhm_1_A,213,all,0.5,0.2641509433962264
PEINT,5lhm_1_A,213,all,0.2,0.14285714285714285
PEINT,5loy_1_B,229,short,1.0,0.13973799126637554
PEINT,5loy_1_B,229,short,0.5,0.12280701754385964
PEINT,5loy_1_B,229,short,0.2,0.08888888888888889
PEINT,5loy_1_B,229,medium,1.0,0.13973799126637554
PEINT,5loy_1_B,229,medium,0.5,0.12280701754385964
PEINT,5loy_1_B,229,medium,0.2,0.2
PEINT,5loy_1_B,229,long,1.0,0.16593886462882096
PEINT,5loy_1_B,229,long,0.5,0.24561403508771928
PEINT,5loy_1_B,229,long,0.2,0.3333333333333333
PEINT,5loy_1_B,229,all,1.0,0.16593886462882096
PEINT,5loy_1_B,229,all,0.5,0.08771929824561403
PEINT,5loy_1_B,229,all,0.2,0.08888888888888889
PEINT,5m01_1_C,188,short,1.0,0.10638297872340426
PEINT,5m01_1_C,188,short,0.5,0.14893617021276595
PEINT,5m01_1_C,188,short,0.2,0.16216216216216217
PEINT,5m01_1_C,188,medium,1.0,0.24468085106382978
PEINT,5m01_1_C,188,medium,0.5,0.40425531914893614
PEINT,5m01_1_C,188,medium,0.2,0.35135135135135137
PEINT,5m01_1_C,188,long,1.0,0.30851063829787234
PEINT,5m01_1_C,188,long,0.5,0.40425531914893614
PEINT,5m01_1_C,188,long,0.2,0.7297297297297297
PEINT,5m01_1_C,188,all,1.0,0.20212765957446807
PEINT,5m01_1_C,188,all,0.5,0.23404255319148937
PEINT,5m01_1_C,188,all,0.2,0.2702702702702703
PEINT,5m58_1_A,230,short,1.0,0.1565217391304348
PEINT,5m58_1_A,230,short,0.5,0.19130434782608696
PEINT,5m58_1_A,230,short,0.2,0.34782608695652173
PEINT,5m58_1_A,230,medium,1.0,0.2
PEINT,5m58_1_A,230,medium,0.5,0.2782608695652174
PEINT,5m58_1_A,230,medium,0.2,0.30434782608695654
PEINT,5m58_1_A,230,long,1.0,0.41739130434782606
PEINT,5m58_1_A,230,long,0.5,0.5217391304347826
PEINT,5m58_1_A,230,long,0.2,0.6086956521739131
PEINT,5m58_1_A,230,all,1.0,0.3130434782608696
PEINT,5m58_1_A,230,all,0.5,0.4434782608695652
PEINT,5m58_1_A,230,all,0.2,0.5652173913043478
PEINT,5m8c_1_A,353,short,1.0,0.35694050991501414
PEINT,5m8c_1_A,353,short,0.5,0.4431818181818182
PEINT,5m8c_1_A,353,short,0.2,0.6571428571428571
PEINT,5m8c_1_A,353,medium,1.0,0.35694050991501414
PEINT,5m8c_1_A,353,medium,0.5,0.375
PEINT,5m8c_1_A,353,medium,0.2,0.45714285714285713
PEINT,5m8c_1_A,353,long,1.0,0.09631728045325778
PEINT,5m8c_1_A,353,long,0.5,0.07954545454545454
PEINT,5m8c_1_A,353,long,0.2,0.14285714285714285
PEINT,5m8c_1_A,353,all,1.0,0.42209631728045327
PEINT,5m8c_1_A,353,all,0.5,0.45454545454545453
PEINT,5m8c_1_A,353,all,0.2,0.6571428571428571
PEINT,5mlt_1_A,454,short,1.0,0.16740088105726872
PEINT,5mlt_1_A,454,short,0.5,0.19383259911894274
PEINT,5mlt_1_A,454,short,0.2,0.2222222222222222
PEINT,5mlt_1_A,454,medium,1.0,0.12334801762114538
PEINT,5mlt_1_A,454,medium,0.5,0.1894273127753304
PEINT,5mlt_1_A,454,medium,0.2,0.28888888888888886
PEINT,5mlt_1_A,454,long,1.0,0.41409691629955947
PEINT,5mlt_1_A,454,long,0.5,0.5770925110132159
PEINT,5mlt_1_A,454,long,0.2,0.7777777777777778
PEINT,5mlt_1_A,454,all,1.0,0.31277533039647576
PEINT,5mlt_1_A,454,all,0.5,0.33480176211453744
PEINT,5mlt_1_A,454,all,0.2,0.3333333333333333
PEINT,5mqi_1_A,345,short,1.0,0.05217391304347826
PEINT,5mqi_1_A,345,short,0.5,0.06976744186046512
PEINT,5mqi_1_A,345,short,0.2,0.057971014492753624
PEINT,5mqi_1_A,345,medium,1.0,0.06956521739130435
PEINT,5mqi_1_A,345,medium,0.5,0.08139534883720931
PEINT,5mqi_1_A,345,medium,0.2,0.08695652173913043
PEINT,5mqi_1_A,345,long,1.0,0.09855072463768116
PEINT,5mqi_1_A,345,long,0.5,0.11627906976744186
PEINT,5mqi_1_A,345,long,0.2,0.17391304347826086
PEINT,5mqi_1_A,345,all,1.0,0.06376811594202898
PEINT,5mqi_1_A,345,all,0.5,0.05813953488372093
PEINT,5mqi_1_A,345,all,0.2,0.057971014492753624
PEINT,5n7z_1_A,357,short,1.0,0.12885154061624648
PEINT,5n7z_1_A,357,short,0.5,0.21348314606741572
PEINT,5n7z_1_A,357,short,0.2,0.30985915492957744
PEINT,5n7z_1_A,357,medium,1.0,0.20728291316526612
PEINT,5n7z_1_A,357,medium,0.5,0.25842696629213485
PEINT,5n7z_1_A,357,medium,0.2,0.28169014084507044
PEINT,5n7z_1_A,357,long,1.0,0.3641456582633053
PEINT,5n7z_1_A,357,long,0.5,0.4157303370786517
PEINT,5n7z_1_A,357,long,0.2,0.6901408450704225
PEINT,5n7z_1_A,357,all,1.0,0.21568627450980393
PEINT,5n7z_1_A,357,all,0.5,0.34831460674157305
PEINT,5n7z_1_A,357,all,0.2,0.39436619718309857
PEINT,5ngo_1_A,178,short,1.0,0.06741573033707865
PEINT,5ngo_1_A,178,short,0.5,0.0449438202247191
PEINT,5ngo_1_A,178,short,0.2,0.05714285714285714
PEINT,5ngo_1_A,178,medium,1.0,0.056179775280898875
PEINT,5ngo_1_A,178,medium,0.5,0.06741573033707865
PEINT,5ngo_1_A,178,medium,0.2,0.08571428571428572
PEINT,5ngo_1_A,178,long,1.0,0.02247191011235955
PEINT,5ngo_1_A,178,long,0.5,0.02247191011235955
PEINT,5ngo_1_A,178,long,0.2,0.05714285714285714
PEINT,5ngo_1_A,178,all,1.0,0.06741573033707865
PEINT,5ngo_1_A,178,all,0.5,0.02247191011235955
PEINT,5ngo_1_A,178,all,0.2,0.05714285714285714
PEINT,5nim_1_A,196,short,1.0,0.14285714285714285
PEINT,5nim_1_A,196,short,0.5,0.16326530612244897
PEINT,5nim_1_A,196,short,0.2,0.20512820512820512
PEINT,5nim_1_A,196,medium,1.0,0.23469387755102042
PEINT,5nim_1_A,196,medium,0.5,0.3469387755102041
PEINT,5nim_1_A,196,medium,0.2,0.5384615384615384
PEINT,5nim_1_A,196,long,1.0,0.40816326530612246
PEINT,5nim_1_A,196,long,0.5,0.46938775510204084
PEINT,5nim_1_A,196,long,0.2,0.6153846153846154
PEINT,5nim_1_A,196,all,1.0,0.3163265306122449
PEINT,5nim_1_A,196,all,0.5,0.3877551020408163
PEINT,5nim_1_A,196,all,0.2,0.5128205128205128
PEINT,5nji_1_A,266,short,1.0,0.21052631578947367
PEINT,5nji_1_A,266,short,0.5,0.2631578947368421
PEINT,5nji_1_A,266,short,0.2,0.3018867924528302
PEINT,5nji_1_A,266,medium,1.0,0.3007518796992481
PEINT,5nji_1_A,266,medium,0.5,0.3609022556390977
PEINT,5nji_1_A,266,medium,0.2,0.39622641509433965
PEINT,5nji_1_A,266,long,1.0,0.3157894736842105
PEINT,5nji_1_A,266,long,0.5,0.3609022556390977
PEINT,5nji_1_A,266,long,0.2,0.37735849056603776
PEINT,5nji_1_A,266,all,1.0,0.2857142857142857
PEINT,5nji_1_A,266,all,0.5,0.3458646616541353
PEINT,5nji_1_A,266,all,0.2,0.3018867924528302
PEINT,5nkq_1_C,86,short,1.0,0.18604651162790697
PEINT,5nkq_1_C,86,short,0.5,0.2558139534883721
PEINT,5nkq_1_C,86,short,0.2,0.35294117647058826
PEINT,5nkq_1_C,86,medium,1.0,0.3953488372093023
PEINT,5nkq_1_C,86,medium,0.5,0.4883720930232558
PEINT,5nkq_1_C,86,medium,0.2,0.5882352941176471
PEINT,5nkq_1_C,86,long,1.0,0.6511627906976745
PEINT,5nkq_1_C,86,long,0.5,0.8837209302325582
PEINT,5nkq_1_C,86,long,0.2,0.9411764705882353
PEINT,5nkq_1_C,86,all,1.0,0.32558139534883723
PEINT,5nkq_1_C,86,all,0.5,0.27906976744186046
PEINT,5nkq_1_C,86,all,0.2,0.5882352941176471
PEINT,5nl9_1_B,146,short,1.0,0.3150684931506849
PEINT,5nl9_1_B,146,short,0.5,0.3972602739726027
PEINT,5nl9_1_B,146,short,0.2,0.3448275862068966
PEINT,5nl9_1_B,146,medium,1.0,0.2328767123287671
PEINT,5nl9_1_B,146,medium,0.5,0.3561643835616438
PEINT,5nl9_1_B,146,medium,0.2,0.6206896551724138
PEINT,5nl9_1_B,146,long,1.0,0.2602739726027397
PEINT,5nl9_1_B,146,long,0.5,0.3698630136986301
PEINT,5nl9_1_B,146,long,0.2,0.41379310344827586
PEINT,5nl9_1_B,146,all,1.0,0.4383561643835616
PEINT,5nl9_1_B,146,all,0.5,0.410958904109589
PEINT,5nl9_1_B,146,all,0.2,0.41379310344827586
PEINT,5nm7_1_A,260,short,1.0,0.19230769230769232
PEINT,5nm7_1_A,260,short,0.5,0.26153846153846155
PEINT,5nm7_1_A,260,short,0.2,0.34615384615384615
PEINT,5nm7_1_A,260,medium,1.0,0.13076923076923078
PEINT,5nm7_1_A,260,medium,0.5,0.16923076923076924
PEINT,5nm7_1_A,260,medium,0.2,0.2692307692307692
PEINT,5nm7_1_A,260,long,1.0,0.1
PEINT,5nm7_1_A,260,long,0.5,0.13846153846153847
PEINT,5nm7_1_A,260,long,0.2,0.15384615384615385
PEINT,5nm7_1_A,260,all,1.0,0.2153846153846154
PEINT,5nm7_1_A,260,all,0.5,0.2923076923076923
PEINT,5nm7_1_A,260,all,0.2,0.38461538461538464
PEINT,5o1n_1_A,442,short,1.0,0.17194570135746606
PEINT,5o1n_1_A,442,short,0.5,0.17194570135746606
PEINT,5o1n_1_A,442,short,0.2,0.29545454545454547
PEINT,5o1n_1_A,442,medium,1.0,0.23529411764705882
PEINT,5o1n_1_A,442,medium,0.5,0.35294117647058826
PEINT,5o1n_1_A,442,medium,0.2,0.45454545454545453
PEINT,5o1n_1_A,442,long,1.0,0.23076923076923078
PEINT,5o1n_1_A,442,long,0.5,0.3438914027149321
PEINT,5o1n_1_A,442,long,0.2,0.6136363636363636
PEINT,5o1n_1_A,442,all,1.0,0.2895927601809955
PEINT,5o1n_1_A,442,all,0.5,0.3438914027149321
PEINT,5o1n_1_A,442,all,0.2,0.45454545454545453
PEINT,5o75_1_A,71,short,1.0,0.19718309859154928
PEINT,5o75_1_A,71,short,0.5,0.2571428571428571
PEINT,5o75_1_A,71,short,0.2,0.42857142857142855
PEINT,5o75_1_A,71,medium,1.0,0.22535211267605634
PEINT,5o75_1_A,71,medium,0.5,0.34285714285714286
PEINT,5o75_1_A,71,medium,0.2,0.42857142857142855
PEINT,5o75_1_A,71,long,1.0,0.11267605633802817
PEINT,5o75_1_A,71,long,0.5,0.22857142857142856
PEINT,5o75_1_A,71,long,0.2,0.5714285714285714
PEINT,5o75_1_A,71,all,1.0,0.30985915492957744
PEINT,5o75_1_A,71,all,0.5,0.45714285714285713
PEINT,5o75_1_A,71,all,0.2,0.5714285714285714
PEINT,5oez_1_C,313,short,1.0,0.18210862619808307
PEINT,5oez_1_C,313,short,0.5,0.21794871794871795
PEINT,5oez_1_C,313,short,0.2,0.1935483870967742
PEINT,5oez_1_C,313,medium,1.0,0.14057507987220447
PEINT,5oez_1_C,313,medium,0.5,0.15384615384615385
PEINT,5oez_1_C,313,medium,0.2,0.0967741935483871
PEINT,5oez_1_C,313,long,1.0,0.06389776357827476
PEINT,5oez_1_C,313,long,0.5,0.05128205128205128
PEINT,5oez_1_C,313,long,0.2,0.12903225806451613
PEINT,5oez_1_C,313,all,1.0,0.17252396166134185
PEINT,5oez_1_C,313,all,0.5,0.23076923076923078
PEINT,5oez_1_C,313,all,0.2,0.22580645161290322
PEINT,5owg_1_A,181,short,1.0,0.03314917127071823
PEINT,5owg_1_A,181,short,0.5,0.022222222222222223
PEINT,5owg_1_A,181,short,0.2,0.05555555555555555
PEINT,5owg_1_A,181,medium,1.0,0.07734806629834254
PEINT,5owg_1_A,181,medium,0.5,0.1111111111111111
PEINT,5owg_1_A,181,medium,0.2,0.16666666666666666
PEINT,5owg_1_A,181,long,1.0,0.0
PEINT,5owg_1_A,181,long,0.5,0.0
PEINT,5owg_1_A,181,long,0.2,0.0
PEINT,5owg_1_A,181,all,1.0,0.03314917127071823
PEINT,5owg_1_A,181,all,0.5,0.022222222222222223
PEINT,5owg_1_A,181,all,0.2,0.05555555555555555
PEINT,5t09_1_A,217,short,1.0,0.1382488479262673
PEINT,5t09_1_A,217,short,0.5,0.12962962962962962
PEINT,5t09_1_A,217,short,0.2,0.13953488372093023
PEINT,5t09_1_A,217,medium,1.0,0.10138248847926268
PEINT,5t09_1_A,217,medium,0.5,0.12962962962962962
PEINT,5t09_1_A,217,medium,0.2,0.23255813953488372
PEINT,5t09_1_A,217,long,1.0,0.31336405529953915
PEINT,5t09_1_A,217,long,0.5,0.3888888888888889
PEINT,5t09_1_A,217,long,0.2,0.5116279069767442
PEINT,5t09_1_A,217,all,1.0,0.2350230414746544
PEINT,5t09_1_A,217,all,0.5,0.25925925925925924
PEINT,5t09_1_A,217,all,0.2,0.32558139534883723
PEINT,5t87_1_A,114,short,1.0,0.14035087719298245
PEINT,5t87_1_A,114,short,0.5,0.14035087719298245
PEINT,5t87_1_A,114,short,0.2,0.09090909090909091
PEINT,5t87_1_A,114,medium,1.0,0.17543859649122806
PEINT,5t87_1_A,114,medium,0.5,0.2807017543859649
PEINT,5t87_1_A,114,medium,0.2,0.45454545454545453
PEINT,5t87_1_A,114,long,1.0,0.3333333333333333
PEINT,5t87_1_A,114,long,0.5,0.40350877192982454
PEINT,5t87_1_A,114,long,0.2,0.45454545454545453
PEINT,5t87_1_A,114,all,1.0,0.19298245614035087
PEINT,5t87_1_A,114,all,0.5,0.17543859649122806
PEINT,5t87_1_A,114,all,0.2,0.18181818181818182
PEINT,5tkw_1_B,236,short,1.0,0.1271186440677966
PEINT,5tkw_1_B,236,short,0.5,0.13559322033898305
PEINT,5tkw_1_B,236,short,0.2,0.2127659574468085
PEINT,5tkw_1_B,236,medium,1.0,0.2796610169491525
PEINT,5tkw_1_B,236,medium,0.5,0.3220338983050847
PEINT,5tkw_1_B,236,medium,0.2,0.48936170212765956
PEINT,5tkw_1_B,236,long,1.0,0.2542372881355932
PEINT,5tkw_1_B,236,long,0.5,0.3389830508474576
PEINT,5tkw_1_B,236,long,0.2,0.44680851063829785
PEINT,5tkw_1_B,236,all,1.0,0.19491525423728814
PEINT,5tkw_1_B,236,all,0.5,0.2711864406779661
PEINT,5tkw_1_B,236,all,0.2,0.3404255319148936
PEINT,5tse_1_A,136,short,1.0,0.20588235294117646
PEINT,5tse_1_A,136,short,0.5,0.23529411764705882
PEINT,5tse_1_A,136,short,0.2,0.37037037037037035
PEINT,5tse_1_A,136,medium,1.0,0.3088235294117647
PEINT,5tse_1_A,136,medium,0.5,0.4411764705882353
PEINT,5tse_1_A,136,medium,0.2,0.4074074074074074
PEINT,5tse_1_A,136,long,1.0,0.4264705882352941
PEINT,5tse_1_A,136,long,0.5,0.6176470588235294
PEINT,5tse_1_A,136,long,0.2,0.7777777777777778
PEINT,5tse_1_A,136,all,1.0,0.3088235294117647
PEINT,5tse_1_A,136,all,0.5,0.29411764705882354
PEINT,5tse_1_A,136,all,0.2,0.37037037037037035
PEINT,5tuk_1_A,372,short,1.0,0.15591397849462366
PEINT,5tuk_1_A,372,short,0.5,0.22580645161290322
PEINT,5tuk_1_A,372,short,0.2,0.32432432432432434
PEINT,5tuk_1_A,372,medium,1.0,0.1935483870967742
PEINT,5tuk_1_A,372,medium,0.5,0.21505376344086022
PEINT,5tuk_1_A,372,medium,0.2,0.40540540540540543
PEINT,5tuk_1_A,372,long,1.0,0.24193548387096775
PEINT,5tuk_1_A,372,long,0.5,0.34408602150537637
PEINT,5tuk_1_A,372,long,0.2,0.5135135135135135
PEINT,5tuk_1_A,372,all,1.0,0.26881720430107525
PEINT,5tuk_1_A,372,all,0.5,0.34408602150537637
PEINT,5tuk_1_A,372,all,0.2,0.43243243243243246
PEINT,5u2l_1_A,150,short,1.0,0.08
PEINT,5u2l_1_A,150,short,0.5,0.10666666666666667
PEINT,5u2l_1_A,150,short,0.2,0.13333333333333333
PEINT,5u2l_1_A,150,medium,1.0,0.13333333333333333
PEINT,5u2l_1_A,150,medium,0.5,0.24
PEINT,5u2l_1_A,150,medium,0.2,0.4
PEINT,5u2l_1_A,150,long,1.0,0.16
PEINT,5u2l_1_A,150,long,0.5,0.16
PEINT,5u2l_1_A,150,long,0.2,0.26666666666666666
PEINT,5u2l_1_A,150,all,1.0,0.2
PEINT,5u2l_1_A,150,all,0.5,0.25333333333333335
PEINT,5u2l_1_A,150,all,0.2,0.4666666666666667
PEINT,5u32_1_A,213,short,1.0,0.11267605633802817
PEINT,5u32_1_A,213,short,0.5,0.11320754716981132
PEINT,5u32_1_A,213,short,0.2,0.23809523809523808
PEINT,5u32_1_A,213,medium,1.0,0.14084507042253522
PEINT,5u32_1_A,213,medium,0.5,0.22641509433962265
PEINT,5u32_1_A,213,medium,0.2,0.47619047619047616
PEINT,5u32_1_A,213,long,1.0,0.29107981220657275
PEINT,5u32_1_A,213,long,0.5,0.39622641509433965
PEINT,5u32_1_A,213,long,0.2,0.6190476190476191
PEINT,5u32_1_A,213,all,1.0,0.28169014084507044
PEINT,5u32_1_A,213,all,0.5,0.41509433962264153
PEINT,5u32_1_A,213,all,0.2,0.42857142857142855
PEINT,5u77_1_A,117,short,1.0,0.20512820512820512
PEINT,5u77_1_A,117,short,0.5,0.3448275862068966
PEINT,5u77_1_A,117,short,0.2,0.5652173913043478
PEINT,5u77_1_A,117,medium,1.0,0.27350427350427353
PEINT,5u77_1_A,117,medium,0.5,0.3448275862068966
PEINT,5u77_1_A,117,medium,0.2,0.6086956521739131
PEINT,5u77_1_A,117,long,1.0,0.06837606837606838
PEINT,5u77_1_A,117,long,0.5,0.10344827586206896
PEINT,5u77_1_A,117,long,0.2,0.17391304347826086
PEINT,5u77_1_A,117,all,1.0,0.3333333333333333
PEINT,5u77_1_A,117,all,0.5,0.5172413793103449
PEINT,5u77_1_A,117,all,0.2,0.8260869565217391
PEINT,5ua5_1_A,144,short,1.0,0.027777777777777776
PEINT,5ua5_1_A,144,short,0.5,0.027777777777777776
PEINT,5ua5_1_A,144,short,0.2,0.07142857142857142
PEINT,5ua5_1_A,144,medium,1.0,0.0
PEINT,5ua5_1_A,144,medium,0.5,0.0
PEINT,5ua5_1_A,144,medium,0.2,0.0
PEINT,5ua5_1_A,144,long,1.0,0.0
PEINT,5ua5_1_A,144,long,0.5,0.0
PEINT,5ua5_1_A,144,long,0.2,0.0
PEINT,5ua5_1_A,144,all,1.0,0.027777777777777776
PEINT,5ua5_1_A,144,all,0.5,0.027777777777777776
PEINT,5ua5_1_A,144,all,0.2,0.07142857142857142
PEINT,5ugw_1_A,158,short,1.0,0.0379746835443038
PEINT,5ugw_1_A,158,short,0.5,0.0
PEINT,5ugw_1_A,158,short,0.2,0.0
PEINT,5ugw_1_A,158,medium,1.0,0.012658227848101266
PEINT,5ugw_1_A,158,medium,0.5,0.0
PEINT,5ugw_1_A,158,medium,0.2,0.0
PEINT,5ugw_1_A,158,long,1.0,0.0
PEINT,5ugw_1_A,158,long,0.5,0.0
PEINT,5ugw_1_A,158,long,0.2,0.0
PEINT,5ugw_1_A,158,all,1.0,0.0379746835443038
PEINT,5ugw_1_A,158,all,0.5,0.0
PEINT,5ugw_1_A,158,all,0.2,0.0
PEINT,5upb_1_D,254,short,1.0,0.047244094488188976
PEINT,5upb_1_D,254,short,0.5,0.06299212598425197
PEINT,5upb_1_D,254,short,0.2,0.04
PEINT,5upb_1_D,254,medium,1.0,0.07874015748031496
PEINT,5upb_1_D,254,medium,0.5,0.09448818897637795
PEINT,5upb_1_D,254,medium,0.2,0.08
PEINT,5upb_1_D,254,long,1.0,0.11811023622047244
PEINT,5upb_1_D,254,long,0.5,0.15748031496062992
PEINT,5upb_1_D,254,long,0.2,0.32
PEINT,5upb_1_D,254,all,1.0,0.05511811023622047
PEINT,5upb_1_D,254,all,0.5,0.047244094488188976
PEINT,5upb_1_D,254,all,0.2,0.08
PEINT,5utk_1_B,282,short,1.0,0.2127659574468085
PEINT,5utk_1_B,282,short,0.5,0.22695035460992907
PEINT,5utk_1_B,282,short,0.2,0.35714285714285715
PEINT,5utk_1_B,282,medium,1.0,0.2765957446808511
PEINT,5utk_1_B,282,medium,0.5,0.36879432624113473
PEINT,5utk_1_B,282,medium,0.2,0.5357142857142857
PEINT,5utk_1_B,282,long,1.0,0.28368794326241137
PEINT,5utk_1_B,282,long,0.5,0.3404255319148936
PEINT,5utk_1_B,282,long,0.2,0.42857142857142855
PEINT,5utk_1_B,282,all,1.0,0.3120567375886525
PEINT,5utk_1_B,282,all,0.5,0.3546099290780142
PEINT,5utk_1_B,282,all,0.2,0.42857142857142855
PEINT,5v2c_1_V,458,short,1.0,0.09170305676855896
PEINT,5v2c_1_V,458,short,0.5,0.09606986899563319
PEINT,5v2c_1_V,458,short,0.2,0.15384615384615385
PEINT,5v2c_1_V,458,medium,1.0,0.048034934497816595
PEINT,5v2c_1_V,458,medium,0.5,0.06986899563318777
PEINT,5v2c_1_V,458,medium,0.2,0.06593406593406594
PEINT,5v2c_1_V,458,long,1.0,0.017467248908296942
PEINT,5v2c_1_V,458,long,0.5,0.017467248908296942
PEINT,5v2c_1_V,458,long,0.2,0.04395604395604396
PEINT,5v2c_1_V,458,all,1.0,0.09170305676855896
PEINT,5v2c_1_V,458,all,0.5,0.09606986899563319
PEINT,5v2c_1_V,458,all,0.2,0.15384615384615385
PEINT,5v2o_1_A,60,short,1.0,0.0
PEINT,5v2o_1_A,60,short,0.5,0.0
PEINT,5v2o_1_A,60,short,0.2,0.0
PEINT,5v2o_1_A,60,medium,1.0,0.1
PEINT,5v2o_1_A,60,medium,0.5,0.06666666666666667
PEINT,5v2o_1_A,60,medium,0.2,0.16666666666666666
PEINT,5v2o_1_A,60,long,1.0,0.06666666666666667
PEINT,5v2o_1_A,60,long,0.5,0.0
PEINT,5v2o_1_A,60,long,0.2,0.0
PEINT,5v2o_1_A,60,all,1.0,0.06666666666666667
PEINT,5v2o_1_A,60,all,0.5,0.06666666666666667
PEINT,5v2o_1_A,60,all,0.2,0.16666666666666666
PEINT,5v6i_1_A,111,short,1.0,0.036036036036036036
PEINT,5v6i_1_A,111,short,0.5,0.07272727272727272
PEINT,5v6i_1_A,111,short,0.2,0.0
PEINT,5v6i_1_A,111,medium,1.0,0.018018018018018018
PEINT,5v6i_1_A,111,medium,0.5,0.0
PEINT,5v6i_1_A,111,medium,0.2,0.0
PEINT,5v6i_1_A,111,long,1.0,0.12612612612612611
PEINT,5v6i_1_A,111,long,0.5,0.18181818181818182
PEINT,5v6i_1_A,111,long,0.2,0.18181818181818182
PEINT,5v6i_1_A,111,all,1.0,0.07207207207207207
PEINT,5v6i_1_A,111,all,0.5,0.09090909090909091
PEINT,5v6i_1_A,111,all,0.2,0.09090909090909091
PEINT,5vxz_1_B,102,short,1.0,0.11764705882352941
PEINT,5vxz_1_B,102,short,0.5,0.23529411764705882
PEINT,5vxz_1_B,102,short,0.2,0.5
PEINT,5vxz_1_B,102,medium,1.0,0.29411764705882354
PEINT,5vxz_1_B,102,medium,0.5,0.45098039215686275
PEINT,5vxz_1_B,102,medium,0.2,0.4
PEINT,5vxz_1_B,102,long,1.0,0.3333333333333333
PEINT,5vxz_1_B,102,long,0.5,0.47058823529411764
PEINT,5vxz_1_B,102,long,0.2,0.6
PEINT,5vxz_1_B,102,all,1.0,0.21568627450980393
PEINT,5vxz_1_B,102,all,0.5,0.3137254901960784
PEINT,5vxz_1_B,102,all,0.2,0.6
PEINT,5wam_1_A,103,short,1.0,0.27184466019417475
PEINT,5wam_1_A,103,short,0.5,0.35294117647058826
PEINT,5wam_1_A,103,short,0.2,0.4
PEINT,5wam_1_A,103,medium,1.0,0.2912621359223301
PEINT,5wam_1_A,103,medium,0.5,0.4117647058823529
PEINT,5wam_1_A,103,medium,0.2,0.5
PEINT,5wam_1_A,103,long,1.0,0.23300970873786409
PEINT,5wam_1_A,103,long,0.5,0.29411764705882354
PEINT,5wam_1_A,103,long,0.2,0.4
PEINT,5wam_1_A,103,all,1.0,0.33980582524271846
PEINT,5wam_1_A,103,all,0.5,0.43137254901960786
PEINT,5wam_1_A,103,all,0.2,0.5
PEINT,5wwl_1_A,214,short,1.0,0.009345794392523364
PEINT,5wwl_1_A,214,short,0.5,0.018691588785046728
PEINT,5wwl_1_A,214,short,0.2,0.0
PEINT,5wwl_1_A,214,medium,1.0,0.018691588785046728
PEINT,5wwl_1_A,214,medium,0.5,0.037383177570093455
PEINT,5wwl_1_A,214,medium,0.2,0.047619047619047616
PEINT,5wwl_1_A,214,long,1.0,0.056074766355140186
PEINT,5wwl_1_A,214,long,0.5,0.07476635514018691
PEINT,5wwl_1_A,214,long,0.2,0.14285714285714285
PEINT,5wwl_1_A,214,all,1.0,0.018691588785046728
PEINT,5wwl_1_A,214,all,0.5,0.018691588785046728
PEINT,5wwl_1_A,214,all,0.2,0.0
PEINT,5x6s_1_B,274,short,1.0,0.145985401459854
PEINT,5x6s_1_B,274,short,0.5,0.1386861313868613
PEINT,5x6s_1_B,274,short,0.2,0.2222222222222222
PEINT,5x6s_1_B,274,medium,1.0,0.2116788321167883
PEINT,5x6s_1_B,274,medium,0.5,0.3357664233576642
PEINT,5x6s_1_B,274,medium,0.2,0.5925925925925926
PEINT,5x6s_1_B,274,long,1.0,0.3795620437956204
PEINT,5x6s_1_B,274,long,0.5,0.45255474452554745
PEINT,5x6s_1_B,274,long,0.2,0.5925925925925926
PEINT,5x6s_1_B,274,all,1.0,0.30656934306569344
PEINT,5x6s_1_B,274,all,0.5,0.291970802919708
PEINT,5x6s_1_B,274,all,0.2,0.4444444444444444
PEINT,5x9a_1_A,188,short,1.0,0.1276595744680851
PEINT,5x9a_1_A,188,short,0.5,0.19148936170212766
PEINT,5x9a_1_A,188,short,0.2,0.2702702702702703
PEINT,5x9a_1_A,188,medium,1.0,0.18085106382978725
PEINT,5x9a_1_A,188,medium,0.5,0.23404255319148937
PEINT,5x9a_1_A,188,medium,0.2,0.43243243243243246
PEINT,5x9a_1_A,188,long,1.0,0.13829787234042554
PEINT,5x9a_1_A,188,long,0.5,0.23404255319148937
PEINT,5x9a_1_A,188,long,0.2,0.3783783783783784
PEINT,5x9a_1_A,188,all,1.0,0.18085106382978725
PEINT,5x9a_1_A,188,all,0.5,0.23404255319148937
PEINT,5x9a_1_A,188,all,0.2,0.3783783783783784
PEINT,5xbf_1_B,119,short,1.0,0.10084033613445378
PEINT,5xbf_1_B,119,short,0.5,0.06779661016949153
PEINT,5xbf_1_B,119,short,0.2,0.08695652173913043
PEINT,5xbf_1_B,119,medium,1.0,0.13445378151260504
PEINT,5xbf_1_B,119,medium,0.5,0.2033898305084746
PEINT,5xbf_1_B,119,medium,0.2,0.34782608695652173
PEINT,5xbf_1_B,119,long,1.0,0.25210084033613445
PEINT,5xbf_1_B,119,long,0.5,0.3728813559322034
PEINT,5xbf_1_B,119,long,0.2,0.2608695652173913
PEINT,5xbf_1_B,119,all,1.0,0.18487394957983194
PEINT,5xbf_1_B,119,all,0.5,0.1694915254237288
PEINT,5xbf_1_B,119,all,0.2,0.17391304347826086
PEINT,5xkt_1_A,199,short,1.0,0.1407035175879397
PEINT,5xkt_1_A,199,short,0.5,0.16161616161616163
PEINT,5xkt_1_A,199,short,0.2,0.05128205128205128
PEINT,5xkt_1_A,199,medium,1.0,0.10050251256281408
PEINT,5xkt_1_A,199,medium,0.5,0.1414141414141414
PEINT,5xkt_1_A,199,medium,0.2,0.2564102564102564
PEINT,5xkt_1_A,199,long,1.0,0.4371859296482412
PEINT,5xkt_1_A,199,long,0.5,0.5050505050505051
PEINT,5xkt_1_A,199,long,0.2,0.7435897435897436
PEINT,5xkt_1_A,199,all,1.0,0.32160804020100503
PEINT,5xkt_1_A,199,all,0.5,0.40404040404040403
PEINT,5xkt_1_A,199,all,0.2,0.3333333333333333
PEINT,5y8t_1_B,162,short,1.0,0.09876543209876543
PEINT,5y8t_1_B,162,short,0.5,0.14814814814814814
PEINT,5y8t_1_B,162,short,0.2,0.25
PEINT,5y8t_1_B,162,medium,1.0,0.1728395061728395
PEINT,5y8t_1_B,162,medium,0.5,0.32098765432098764
PEINT,5y8t_1_B,162,medium,0.2,0.5625
PEINT,5y8t_1_B,162,long,1.0,0.35802469135802467
PEINT,5y8t_1_B,162,long,0.5,0.49382716049382713
PEINT,5y8t_1_B,162,long,0.2,0.5
PEINT,5y8t_1_B,162,all,1.0,0.2962962962962963
PEINT,5y8t_1_B,162,all,0.5,0.3950617283950617
PEINT,5y8t_1_B,162,all,0.2,0.5625
PEINT,5ys3_1_A,188,short,1.0,0.10638297872340426
PEINT,5ys3_1_A,188,short,0.5,0.06382978723404255
PEINT,5ys3_1_A,188,short,0.2,0.0
PEINT,5ys3_1_A,188,medium,1.0,0.0425531914893617
PEINT,5ys3_1_A,188,medium,0.5,0.02127659574468085
PEINT,5ys3_1_A,188,medium,0.2,0.0
PEINT,5ys3_1_A,188,long,1.0,0.18085106382978725
PEINT,5ys3_1_A,188,long,0.5,0.14893617021276595
PEINT,5ys3_1_A,188,long,0.2,0.1891891891891892
PEINT,5ys3_1_A,188,all,1.0,0.10638297872340426
PEINT,5ys3_1_A,188,all,0.5,0.0851063829787234
PEINT,5ys3_1_A,188,all,0.2,0.0
PEINT,6amb_1_B,79,short,1.0,0.1518987341772152
PEINT,6amb_1_B,79,short,0.5,0.20512820512820512
PEINT,6amb_1_B,79,short,0.2,0.2
PEINT,6amb_1_B,79,medium,1.0,0.08860759493670886
PEINT,6amb_1_B,79,medium,0.5,0.05128205128205128
PEINT,6amb_1_B,79,medium,0.2,0.0
PEINT,6amb_1_B,79,long,1.0,0.12658227848101267
PEINT,6amb_1_B,79,long,0.5,0.15384615384615385
PEINT,6amb_1_B,79,long,0.2,0.13333333333333333
PEINT,6amb_1_B,79,all,1.0,0.10126582278481013
PEINT,6amb_1_B,79,all,0.5,0.15384615384615385
PEINT,6amb_1_B,79,all,0.2,0.2
PEINT,6avd_1_A,40,short,1.0,0.3
PEINT,6avd_1_A,40,short,0.5,0.5
PEINT,6avd_1_A,40,short,0.2,0.75
PEINT,6avd_1_A,40,medium,1.0,0.05
PEINT,6avd_1_A,40,medium,0.5,0.0
PEINT,6avd_1_A,40,medium,0.2,0.0
PEINT,6avd_1_A,40,long,1.0,0.0
PEINT,6avd_1_A,40,long,0.5,0.0
PEINT,6avd_1_A,40,long,0.2,0.0
PEINT,6avd_1_A,40,all,1.0,0.3
PEINT,6avd_1_A,40,all,0.5,0.5
PEINT,6avd_1_A,40,all,0.2,0.75
PEINT,6ei1_1_A,335,short,1.0,0.11940298507462686
PEINT,6ei1_1_A,335,short,0.5,0.10778443113772455
PEINT,6ei1_1_A,335,short,0.2,0.05970149253731343
PEINT,6ei1_1_A,335,medium,1.0,0.04776119402985075
PEINT,6ei1_1_A,335,medium,0.5,0.04790419161676647
PEINT,6ei1_1_A,335,medium,0.2,0.029850746268656716
PEINT,6ei1_1_A,335,long,1.0,0.005970149253731343
PEINT,6ei1_1_A,335,long,0.5,0.011976047904191617
PEINT,6ei1_1_A,335,long,0.2,0.029850746268656716
PEINT,6ei1_1_A,335,all,1.0,0.11940298507462686
PEINT,6ei1_1_A,335,all,0.5,0.07784431137724551
PEINT,6ei1_1_A,335,all,0.2,0.05970149253731343
PEINT,6emg_1_A,232,short,1.0,0.0603448275862069
PEINT,6emg_1_A,232,short,0.5,0.10344827586206896
PEINT,6emg_1_A,232,short,0.2,0.08695652173913043
PEINT,6emg_1_A,232,medium,1.0,0.1206896551724138
PEINT,6emg_1_A,232,medium,0.5,0.15517241379310345
PEINT,6emg_1_A,232,medium,0.2,0.30434782608695654
PEINT,6emg_1_A,232,long,1.0,0.20689655172413793
PEINT,6emg_1_A,232,long,0.5,0.3275862068965517
PEINT,6emg_1_A,232,long,0.2,0.5217391304347826
PEINT,6emg_1_A,232,all,1.0,0.13793103448275862
PEINT,6emg_1_A,232,all,0.5,0.1724137931034483
PEINT,6emg_1_A,232,all,0.2,0.17391304347826086
PEINT,6emy_1_A,315,short,1.0,0.13968253968253969
PEINT,6emy_1_A,315,short,0.5,0.14012738853503184
PEINT,6emy_1_A,315,short,0.2,0.15873015873015872
PEINT,6emy_1_A,315,medium,1.0,0.10793650793650794
PEINT,6emy_1_A,315,medium,0.5,0.14012738853503184
PEINT,6emy_1_A,315,medium,0.2,0.12698412698412698
PEINT,6emy_1_A,315,long,1.0,0.20952380952380953
PEINT,6emy_1_A,315,long,0.5,0.2356687898089172
PEINT,6emy_1_A,315,long,0.2,0.38095238095238093
PEINT,6emy_1_A,315,all,1.0,0.15873015873015872
PEINT,6emy_1_A,315,all,0.5,0.1592356687898089
PEINT,6emy_1_A,315,all,0.2,0.19047619047619047
PEINT,6fht_1_B,735,short,1.0,0.10884353741496598
PEINT,6fht_1_B,735,short,0.5,0.11989100817438691
PEINT,6fht_1_B,735,short,0.2,0.17687074829931973
PEINT,6fht_1_B,735,medium,1.0,0.16326530612244897
PEINT,6fht_1_B,735,medium,0.5,0.17438692098092642
PEINT,6fht_1_B,735,medium,0.2,0.23129251700680273
PEINT,6fht_1_B,735,long,1.0,0.18775510204081633
PEINT,6fht_1_B,735,long,0.5,0.23978201634877383
PEINT,6fht_1_B,735,long,0.2,0.29931972789115646
PEINT,6fht_1_B,735,all,1.0,0.1469387755102041
PEINT,6fht_1_B,735,all,0.5,0.14713896457765668
PEINT,6fht_1_B,735,all,0.2,0.21768707482993196
ESM,1a2t_1_A,134,short,1.0,0.34328358208955223
ESM,1a2t_1_A,134,short,0.5,0.44776119402985076
ESM,1a2t_1_A,134,short,0.2,0.6923076923076923
ESM,1a2t_1_A,134,medium,1.0,0.47761194029850745
ESM,1a2t_1_A,134,medium,0.5,0.746268656716418
ESM,1a2t_1_A,134,medium,0.2,1.0
ESM,1a2t_1_A,134,long,1.0,0.6567164179104478
ESM,1a2t_1_A,134,long,0.5,0.7611940298507462
ESM,1a2t_1_A,134,long,0.2,0.8461538461538461
ESM,1a2t_1_A,134,all,1.0,0.7761194029850746
ESM,1a2t_1_A,134,all,0.5,0.8059701492537313
ESM,1a2t_1_A,134,all,0.2,0.7692307692307693
ESM,1acf_1_A,125,short,1.0,0.392
ESM,1acf_1_A,125,short,0.5,0.3225806451612903
ESM,1acf_1_A,125,short,0.2,0.32
ESM,1acf_1_A,125,medium,1.0,0.552
ESM,1acf_1_A,125,medium,0.5,0.6129032258064516
ESM,1acf_1_A,125,medium,0.2,0.68
ESM,1acf_1_A,125,long,1.0,0.48
ESM,1acf_1_A,125,long,0.5,0.6451612903225806
ESM,1acf_1_A,125,long,0.2,0.8
ESM,1acf_1_A,125,all,1.0,0.512
ESM,1acf_1_A,125,all,0.5,0.5806451612903226
ESM,1acf_1_A,125,all,0.2,0.76
ESM,1amx_1_A,150,short,1.0,0.24
ESM,1amx_1_A,150,short,0.5,0.37333333333333335
ESM,1amx_1_A,150,short,0.2,0.4666666666666667
ESM,1amx_1_A,150,medium,1.0,0.38666666666666666
ESM,1amx_1_A,150,medium,0.5,0.5333333333333333
ESM,1amx_1_A,150,medium,0.2,0.7333333333333333
ESM,1amx_1_A,150,long,1.0,0.7333333333333333
ESM,1amx_1_A,150,long,0.5,0.8133333333333334
ESM,1amx_1_A,150,long,0.2,0.9333333333333333
ESM,1amx_1_A,150,all,1.0,0.7333333333333333
ESM,1amx_1_A,150,all,0.5,0.7866666666666666
ESM,1amx_1_A,150,all,0.2,0.8
ESM,1aq6_1_A,245,short,1.0,0.22857142857142856
ESM,1aq6_1_A,245,short,0.5,0.36065573770491804
ESM,1aq6_1_A,245,short,0.2,0.6530612244897959
ESM,1aq6_1_A,245,medium,1.0,0.47346938775510206
ESM,1aq6_1_A,245,medium,0.5,0.6885245901639344
ESM,1aq6_1_A,245,medium,0.2,0.8367346938775511
ESM,1aq6_1_A,245,long,1.0,0.7387755102040816
ESM,1aq6_1_A,245,long,0.5,0.7868852459016393
ESM,1aq6_1_A,245,long,0.2,0.7755102040816326
ESM,1aq6_1_A,245,all,1.0,0.7673469387755102
ESM,1aq6_1_A,245,all,0.5,0.7868852459016393
ESM,1aq6_1_A,245,all,0.2,0.8367346938775511
ESM,1bai_1_A,124,short,1.0,0.11290322580645161
ESM,1bai_1_A,124,short,0.5,0.16129032258064516
ESM,1bai_1_A,124,short,0.2,0.16666666666666666
ESM,1bai_1_A,124,medium,1.0,0.3225806451612903
ESM,1bai_1_A,124,medium,0.5,0.4838709677419355
ESM,1bai_1_A,124,medium,0.2,0.8333333333333334
ESM,1bai_1_A,124,long,1.0,0.5
ESM,1bai_1_A,124,long,0.5,0.6129032258064516
ESM,1bai_1_A,124,long,0.2,0.75
ESM,1bai_1_A,124,all,1.0,0.5
ESM,1bai_1_A,124,all,0.5,0.6129032258064516
ESM,1bai_1_A,124,all,0.2,0.5833333333333334
ESM,1bf2_1_A,750,short,1.0,0.2
ESM,1bf2_1_A,750,short,0.5,0.26666666666666666
ESM,1bf2_1_A,750,short,0.2,0.3333333333333333
ESM,1bf2_1_A,750,medium,1.0,0.216
ESM,1bf2_1_A,750,medium,0.5,0.2826666666666667
ESM,1bf2_1_A,750,medium,0.2,0.4
ESM,1bf2_1_A,750,long,1.0,0.536
ESM,1bf2_1_A,750,long,0.5,0.6666666666666666
ESM,1bf2_1_A,750,long,0.2,0.8533333333333334
ESM,1bf2_1_A,750,all,1.0,0.47733333333333333
ESM,1bf2_1_A,750,all,0.5,0.608
ESM,1bf2_1_A,750,all,0.2,0.76
ESM,1bja_1_A,95,short,1.0,0.29473684210526313
ESM,1bja_1_A,95,short,0.5,0.5106382978723404
ESM,1bja_1_A,95,short,0.2,0.8421052631578947
ESM,1bja_1_A,95,medium,1.0,0.37894736842105264
ESM,1bja_1_A,95,medium,0.5,0.6808510638297872
ESM,1bja_1_A,95,medium,0.2,0.8947368421052632
ESM,1bja_1_A,95,long,1.0,0.5684210526315789
ESM,1bja_1_A,95,long,0.5,0.8085106382978723
ESM,1bja_1_A,95,long,0.2,1.0
ESM,1bja_1_A,95,all,1.0,0.7473684210526316
ESM,1bja_1_A,95,all,0.5,0.9574468085106383
ESM,1bja_1_A,95,all,0.2,1.0
ESM,1byu_1_B,215,short,1.0,0.14883720930232558
ESM,1byu_1_B,215,short,0.5,0.22429906542056074
ESM,1byu_1_B,215,short,0.2,0.23255813953488372
ESM,1byu_1_B,215,medium,1.0,0.26046511627906976
ESM,1byu_1_B,215,medium,0.5,0.3925233644859813
ESM,1byu_1_B,215,medium,0.2,0.6046511627906976
ESM,1byu_1_B,215,long,1.0,0.6651162790697674
ESM,1byu_1_B,215,long,0.5,0.794392523364486
ESM,1byu_1_B,215,long,0.2,0.9069767441860465
ESM,1byu_1_B,215,all,1.0,0.6046511627906976
ESM,1byu_1_B,215,all,0.5,0.7383177570093458
ESM,1byu_1_B,215,all,0.2,0.8604651162790697
ESM,1cg2_1_A,389,short,1.0,0.17480719794344474
ESM,1cg2_1_A,389,short,0.5,0.21649484536082475
ESM,1cg2_1_A,389,short,0.2,0.38961038961038963
ESM,1cg2_1_A,389,medium,1.0,0.390745501285347
ESM,1cg2_1_A,389,medium,0.5,0.5360824742268041
ESM,1cg2_1_A,389,medium,0.2,0.7922077922077922
ESM,1cg2_1_A,389,long,1.0,0.7892030848329049
ESM,1cg2_1_A,389,long,0.5,0.8556701030927835
ESM,1cg2_1_A,389,long,0.2,0.8961038961038961
ESM,1cg2_1_A,389,all,1.0,0.7403598971722365
ESM,1cg2_1_A,389,all,0.5,0.845360824742268
ESM,1cg2_1_A,389,all,0.2,0.8961038961038961
ESM,1d8h_1_A,288,short,1.0,0.09722222222222222
ESM,1d8h_1_A,288,short,0.5,0.1111111111111111
ESM,1d8h_1_A,288,short,0.2,0.03508771929824561
ESM,1d8h_1_A,288,medium,1.0,0.11805555555555555
ESM,1d8h_1_A,288,medium,0.5,0.1111111111111111
ESM,1d8h_1_A,288,medium,0.2,0.0
ESM,1d8h_1_A,288,long,1.0,0.08333333333333333
ESM,1d8h_1_A,288,long,0.5,0.027777777777777776
ESM,1d8h_1_A,288,long,0.2,0.03508771929824561
ESM,1d8h_1_A,288,all,1.0,0.09722222222222222
ESM,1d8h_1_A,288,all,0.5,0.09722222222222222
ESM,1d8h_1_A,288,all,0.2,0.0
ESM,1e7u_1_A,872,short,1.0,0.11697247706422019
ESM,1e7u_1_A,872,short,0.5,0.14678899082568808
ESM,1e7u_1_A,872,short,0.2,0.13793103448275862
ESM,1e7u_1_A,872,medium,1.0,0.24770642201834864
ESM,1e7u_1_A,872,medium,0.5,0.3302752293577982
ESM,1e7u_1_A,872,medium,0.2,0.4482758620689655
ESM,1e7u_1_A,872,long,1.0,0.44036697247706424
ESM,1e7u_1_A,872,long,0.5,0.5642201834862385
ESM,1e7u_1_A,872,long,0.2,0.7126436781609196
ESM,1e7u_1_A,872,all,1.0,0.29128440366972475
ESM,1e7u_1_A,872,all,0.5,0.3761467889908257
ESM,1e7u_1_A,872,all,0.2,0.367816091954023
ESM,1eg4_1_A,260,short,1.0,0.09230769230769231
ESM,1eg4_1_A,260,short,0.5,0.12307692307692308
ESM,1eg4_1_A,260,short,0.2,0.15384615384615385
ESM,1eg4_1_A,260,medium,1.0,0.2230769230769231
ESM,1eg4_1_A,260,medium,0.5,0.27692307692307694
ESM,1eg4_1_A,260,medium,0.2,0.3076923076923077
ESM,1eg4_1_A,260,long,1.0,0.3
ESM,1eg4_1_A,260,long,0.5,0.4153846153846154
ESM,1eg4_1_A,260,long,0.2,0.5769230769230769
ESM,1eg4_1_A,260,all,1.0,0.2230769230769231
ESM,1eg4_1_A,260,all,0.5,0.24615384615384617
ESM,1eg4_1_A,260,all,0.2,0.34615384615384615
ESM,1ekj_1_C,217,short,1.0,0.20276497695852536
ESM,1ekj_1_C,217,short,0.5,0.35185185185185186
ESM,1ekj_1_C,217,short,0.2,0.5581395348837209
ESM,1ekj_1_C,217,medium,1.0,0.34101382488479265
ESM,1ekj_1_C,217,medium,0.5,0.5
ESM,1ekj_1_C,217,medium,0.2,0.6976744186046512
ESM,1ekj_1_C,217,long,1.0,0.5069124423963134
ESM,1ekj_1_C,217,long,0.5,0.6481481481481481
ESM,1ekj_1_C,217,long,0.2,0.8604651162790697
ESM,1ekj_1_C,217,all,1.0,0.5391705069124424
ESM,1ekj_1_C,217,all,0.5,0.7777777777777778
ESM,1ekj_1_C,217,all,0.2,0.9069767441860465
ESM,1f3v_1_A,158,short,1.0,0.02531645569620253
ESM,1f3v_1_A,158,short,0.5,0.02531645569620253
ESM,1f3v_1_A,158,short,0.2,0.06451612903225806
ESM,1f3v_1_A,158,medium,1.0,0.0759493670886076
ESM,1f3v_1_A,158,medium,0.5,0.02531645569620253
ESM,1f3v_1_A,158,medium,0.2,0.0
ESM,1f3v_1_A,158,long,1.0,0.12658227848101267
ESM,1f3v_1_A,158,long,0.5,0.20253164556962025
ESM,1f3v_1_A,158,long,0.2,0.25806451612903225
ESM,1f3v_1_A,158,all,1.0,0.0759493670886076
ESM,1f3v_1_A,158,all,0.5,0.0759493670886076
ESM,1f3v_1_A,158,all,0.2,0.06451612903225806
ESM,1fep_1_A,680,short,1.0,0.3029411764705882
ESM,1fep_1_A,680,short,0.5,0.4117647058823529
ESM,1fep_1_A,680,short,0.2,0.5
ESM,1fep_1_A,680,medium,1.0,0.47058823529411764
ESM,1fep_1_A,680,medium,0.5,0.6176470588235294
ESM,1fep_1_A,680,medium,0.2,0.7941176470588235
ESM,1fep_1_A,680,long,1.0,0.6558823529411765
ESM,1fep_1_A,680,long,0.5,0.8294117647058824
ESM,1fep_1_A,680,long,0.2,0.8823529411764706
ESM,1fep_1_A,680,all,1.0,0.7205882352941176
ESM,1fep_1_A,680,all,0.5,0.788235294117647
ESM,1fep_1_A,680,all,0.2,0.8529411764705882
ESM,1g4w_1_A,341,short,1.0,0.11730205278592376
ESM,1g4w_1_A,341,short,0.5,0.11764705882352941
ESM,1g4w_1_A,341,short,0.2,0.058823529411764705
ESM,1g4w_1_A,341,medium,1.0,0.2404692082111437
ESM,1g4w_1_A,341,medium,0.5,0.38823529411764707
ESM,1g4w_1_A,341,medium,0.2,0.5882352941176471
ESM,1g4w_1_A,341,long,1.0,0.5630498533724341
ESM,1g4w_1_A,341,long,0.5,0.6470588235294118
ESM,1g4w_1_A,341,long,0.2,0.8235294117647058
ESM,1g4w_1_A,341,all,1.0,0.3519061583577713
ESM,1g4w_1_A,341,all,0.5,0.36470588235294116
ESM,1g4w_1_A,341,all,0.2,0.4411764705882353
ESM,1ghe_1_A,170,short,1.0,0.32941176470588235
ESM,1ghe_1_A,170,short,0.5,0.38823529411764707
ESM,1ghe_1_A,170,short,0.2,0.47058823529411764
ESM,1ghe_1_A,170,medium,1.0,0.5529411764705883
ESM,1ghe_1_A,170,medium,0.5,0.7411764705882353
ESM,1ghe_1_A,170,medium,0.2,0.8823529411764706
ESM,1ghe_1_A,170,long,1.0,0.7176470588235294
ESM,1ghe_1_A,170,long,0.5,0.8
ESM,1ghe_1_A,170,long,0.2,0.9411764705882353
ESM,1ghe_1_A,170,all,1.0,0.6941176470588235
ESM,1ghe_1_A,170,all,0.5,0.8235294117647058
ESM,1ghe_1_A,170,all,0.2,0.8823529411764706
ESM,1gl2_1_A,53,short,1.0,0.0
ESM,1gl2_1_A,53,short,0.5,0.0
ESM,1gl2_1_A,53,short,0.2,0.0
ESM,1gl2_1_A,53,medium,1.0,0.0
ESM,1gl2_1_A,53,medium,0.5,0.0
ESM,1gl2_1_A,53,medium,0.2,0.0
ESM,1gl2_1_A,53,long,1.0,0.0
ESM,1gl2_1_A,53,long,0.5,0.0
ESM,1gl2_1_A,53,long,0.2,0.0
ESM,1gl2_1_A,53,all,1.0,0.0
ESM,1gl2_1_A,53,all,0.5,0.0
ESM,1gl2_1_A,53,all,0.2,0.0
ESM,1gmi_1_A,135,short,1.0,0.25925925925925924
ESM,1gmi_1_A,135,short,0.5,0.3582089552238806
ESM,1gmi_1_A,135,short,0.2,0.3333333333333333
ESM,1gmi_1_A,135,medium,1.0,0.5925925925925926
ESM,1gmi_1_A,135,medium,0.5,0.7313432835820896
ESM,1gmi_1_A,135,medium,0.2,0.8148148148148148
ESM,1gmi_1_A,135,long,1.0,0.7925925925925926
ESM,1gmi_1_A,135,long,0.5,0.8805970149253731
ESM,1gmi_1_A,135,long,0.2,0.9259259259259259
ESM,1gmi_1_A,135,all,1.0,0.6888888888888889
ESM,1gmi_1_A,135,all,0.5,0.7611940298507462
ESM,1gmi_1_A,135,all,0.2,0.7037037037037037
ESM,1h3o_1_B,74,short,1.0,0.16216216216216217
ESM,1h3o_1_B,74,short,0.5,0.21621621621621623
ESM,1h3o_1_B,74,short,0.2,0.42857142857142855
ESM,1h3o_1_B,74,medium,1.0,0.2972972972972973
ESM,1h3o_1_B,74,medium,0.5,0.43243243243243246
ESM,1h3o_1_B,74,medium,0.2,0.8571428571428571
ESM,1h3o_1_B,74,long,1.0,0.10810810810810811
ESM,1h3o_1_B,74,long,0.5,0.21621621621621623
ESM,1h3o_1_B,74,long,0.2,0.42857142857142855
ESM,1h3o_1_B,74,all,1.0,0.2972972972972973
ESM,1h3o_1_B,74,all,0.5,0.3783783783783784
ESM,1h3o_1_B,74,all,0.2,0.5714285714285714
ESM,1htm_1_B,114,short,1.0,0.0
ESM,1htm_1_B,114,short,0.5,0.0
ESM,1htm_1_B,114,short,0.2,0.0
ESM,1htm_1_B,114,medium,1.0,0.03508771929824561
ESM,1htm_1_B,114,medium,0.5,0.03508771929824561
ESM,1htm_1_B,114,medium,0.2,0.0
ESM,1htm_1_B,114,long,1.0,0.0
ESM,1htm_1_B,114,long,0.5,0.0
ESM,1htm_1_B,114,long,0.2,0.0
ESM,1htm_1_B,114,all,1.0,0.0
ESM,1htm_1_B,114,all,0.5,0.0
ESM,1htm_1_B,114,all,0.2,0.0
ESM,1iah_1_A,276,short,1.0,0.13043478260869565
ESM,1iah_1_A,276,short,0.5,0.2318840579710145
ESM,1iah_1_A,276,short,0.2,0.36363636363636365
ESM,1iah_1_A,276,medium,1.0,0.2826086956521739
ESM,1iah_1_A,276,medium,0.5,0.2753623188405797
ESM,1iah_1_A,276,medium,0.2,0.36363636363636365
ESM,1iah_1_A,276,long,1.0,0.2608695652173913
ESM,1iah_1_A,276,long,0.5,0.37681159420289856
ESM,1iah_1_A,276,long,0.2,0.5454545454545454
ESM,1iah_1_A,276,all,1.0,0.2826086956521739
ESM,1iah_1_A,276,all,0.5,0.36231884057971014
ESM,1iah_1_A,276,all,0.2,0.6181818181818182
ESM,1in4_1_A,298,short,1.0,0.2751677852348993
ESM,1in4_1_A,298,short,0.5,0.37583892617449666
ESM,1in4_1_A,298,short,0.2,0.4576271186440678
ESM,1in4_1_A,298,medium,1.0,0.40268456375838924
ESM,1in4_1_A,298,medium,0.5,0.6912751677852349
ESM,1in4_1_A,298,medium,0.2,0.8983050847457628
ESM,1in4_1_A,298,long,1.0,0.7986577181208053
ESM,1in4_1_A,298,long,0.5,0.912751677852349
ESM,1in4_1_A,298,long,0.2,0.9322033898305084
ESM,1in4_1_A,298,all,1.0,0.7919463087248322
ESM,1in4_1_A,298,all,0.5,0.7919463087248322
ESM,1in4_1_A,298,all,0.2,0.8305084745762712
ESM,1isu_1_B,62,short,1.0,0.25806451612903225
ESM,1isu_1_B,62,short,0.5,0.3225806451612903
ESM,1isu_1_B,62,short,0.2,0.5
ESM,1isu_1_B,62,medium,1.0,0.22580645161290322
ESM,1isu_1_B,62,medium,0.5,0.45161290322580644
ESM,1isu_1_B,62,medium,0.2,0.8333333333333334
ESM,1isu_1_B,62,long,1.0,0.22580645161290322
ESM,1isu_1_B,62,long,0.5,0.3225806451612903
ESM,1isu_1_B,62,long,0.2,0.3333333333333333
ESM,1isu_1_B,62,all,1.0,0.41935483870967744
ESM,1isu_1_B,62,all,0.5,0.6129032258064516
ESM,1isu_1_B,62,all,0.2,0.8333333333333334
ESM,1j1v_1_A,94,short,1.0,0.3404255319148936
ESM,1j1v_1_A,94,short,0.5,0.5106382978723404
ESM,1j1v_1_A,94,short,0.2,0.5555555555555556
ESM,1j1v_1_A,94,medium,1.0,0.5106382978723404
ESM,1j1v_1_A,94,medium,0.5,0.7021276595744681
ESM,1j1v_1_A,94,medium,0.2,0.7777777777777778
ESM,1j1v_1_A,94,long,1.0,0.6382978723404256
ESM,1j1v_1_A,94,long,0.5,0.851063829787234
ESM,1j1v_1_A,94,long,0.2,1.0
ESM,1j1v_1_A,94,all,1.0,0.7659574468085106
ESM,1j1v_1_A,94,all,0.5,0.7872340425531915
ESM,1j1v_1_A,94,all,0.2,0.8888888888888888
ESM,1j72_1_A,337,short,1.0,0.29080118694362017
ESM,1j72_1_A,337,short,0.5,0.39285714285714285
ESM,1j72_1_A,337,short,0.2,0.5522388059701493
ESM,1j72_1_A,337,medium,1.0,0.41543026706231456
ESM,1j72_1_A,337,medium,0.5,0.5714285714285714
ESM,1j72_1_A,337,medium,0.2,0.8208955223880597
ESM,1j72_1_A,337,long,1.0,0.5727002967359051
ESM,1j72_1_A,337,long,0.5,0.6547619047619048
ESM,1j72_1_A,337,long,0.2,0.6417910447761194
ESM,1j72_1_A,337,all,1.0,0.5756676557863502
ESM,1j72_1_A,337,all,0.5,0.7142857142857143
ESM,1j72_1_A,337,all,0.2,0.8208955223880597
ESM,1jn9_1_A,157,short,1.0,0.10191082802547771
ESM,1jn9_1_A,157,short,0.5,0.1794871794871795
ESM,1jn9_1_A,157,short,0.2,0.3225806451612903
ESM,1jn9_1_A,157,medium,1.0,0.17834394904458598
ESM,1jn9_1_A,157,medium,0.5,0.3076923076923077
ESM,1jn9_1_A,157,medium,0.2,0.5806451612903226
ESM,1jn9_1_A,157,long,1.0,0.2802547770700637
ESM,1jn9_1_A,157,long,0.5,0.38461538461538464
ESM,1jn9_1_A,157,long,0.2,0.5161290322580645
ESM,1jn9_1_A,157,all,1.0,0.22929936305732485
ESM,1jn9_1_A,157,all,0.5,0.3333333333333333
ESM,1jn9_1_A,157,all,0.2,0.5483870967741935
ESM,1jog_1_B,135,short,1.0,0.13333333333333333
ESM,1jog_1_B,135,short,0.5,0.16417910447761194
ESM,1jog_1_B,135,short,0.2,0.2222222222222222
ESM,1jog_1_B,135,medium,1.0,0.2814814814814815
ESM,1jog_1_B,135,medium,0.5,0.3880597014925373
ESM,1jog_1_B,135,medium,0.2,0.4444444444444444
ESM,1jog_1_B,135,long,1.0,0.6074074074074074
ESM,1jog_1_B,135,long,0.5,0.7164179104477612
ESM,1jog_1_B,135,long,0.2,0.6296296296296297
ESM,1jog_1_B,135,all,1.0,0.4666666666666667
ESM,1jog_1_B,135,all,0.5,0.4925373134328358
ESM,1jog_1_B,135,all,0.2,0.48148148148148145
ESM,1jql_1_B,140,short,1.0,0.14285714285714285
ESM,1jql_1_B,140,short,0.5,0.17142857142857143
ESM,1jql_1_B,140,short,0.2,0.21428571428571427
ESM,1jql_1_B,140,medium,1.0,0.12857142857142856
ESM,1jql_1_B,140,medium,0.5,0.22857142857142856
ESM,1jql_1_B,140,medium,0.2,0.42857142857142855
ESM,1jql_1_B,140,long,1.0,0.8285714285714286
ESM,1jql_1_B,140,long,0.5,0.9142857142857143
ESM,1jql_1_B,140,long,0.2,0.9285714285714286
ESM,1jql_1_B,140,all,1.0,0.5714285714285714
ESM,1jql_1_B,140,all,0.5,0.6285714285714286
ESM,1jql_1_B,140,all,0.2,0.7857142857142857
ESM,1kcf_1_B,228,short,1.0,0.15789473684210525
ESM,1kcf_1_B,228,short,0.5,0.22807017543859648
ESM,1kcf_1_B,228,short,0.2,0.2222222222222222
ESM,1kcf_1_B,228,medium,1.0,0.22807017543859648
ESM,1kcf_1_B,228,medium,0.5,0.2807017543859649
ESM,1kcf_1_B,228,medium,0.2,0.4
ESM,1kcf_1_B,228,long,1.0,0.5087719298245614
ESM,1kcf_1_B,228,long,0.5,0.7017543859649122
ESM,1kcf_1_B,228,long,0.2,0.7555555555555555
ESM,1kcf_1_B,228,all,1.0,0.43859649122807015
ESM,1kcf_1_B,228,all,0.5,0.49122807017543857
ESM,1kcf_1_B,228,all,0.2,0.5333333333333333
ESM,1ko7_1_A,285,short,1.0,0.14035087719298245
ESM,1ko7_1_A,285,short,0.5,0.11267605633802817
ESM,1ko7_1_A,285,short,0.2,0.07017543859649122
ESM,1ko7_1_A,285,medium,1.0,0.20701754385964913
ESM,1ko7_1_A,285,medium,0.5,0.23943661971830985
ESM,1ko7_1_A,285,medium,0.2,0.3508771929824561
ESM,1ko7_1_A,285,long,1.0,0.4631578947368421
ESM,1ko7_1_A,285,long,0.5,0.5492957746478874
ESM,1ko7_1_A,285,long,0.2,0.7192982456140351
ESM,1ko7_1_A,285,all,1.0,0.2807017543859649
ESM,1ko7_1_A,285,all,0.5,0.28169014084507044
ESM,1ko7_1_A,285,all,0.2,0.2631578947368421
ESM,1ktj_1_A,129,short,1.0,0.13953488372093023
ESM,1ktj_1_A,129,short,0.5,0.1875
ESM,1ktj_1_A,129,short,0.2,0.32
ESM,1ktj_1_A,129,medium,1.0,0.27906976744186046
ESM,1ktj_1_A,129,medium,0.5,0.4375
ESM,1ktj_1_A,129,medium,0.2,0.56
ESM,1ktj_1_A,129,long,1.0,0.6511627906976745
ESM,1ktj_1_A,129,long,0.5,0.8125
ESM,1ktj_1_A,129,long,0.2,1.0
ESM,1ktj_1_A,129,all,1.0,0.6046511627906976
ESM,1ktj_1_A,129,all,0.5,0.78125
ESM,1ktj_1_A,129,all,0.2,0.84
ESM,1kut_1_A,213,short,1.0,0.16901408450704225
ESM,1kut_1_A,213,short,0.5,0.20754716981132076
ESM,1kut_1_A,213,short,0.2,0.38095238095238093
ESM,1kut_1_A,213,medium,1.0,0.16901408450704225
ESM,1kut_1_A,213,medium,0.5,0.22641509433962265
ESM,1kut_1_A,213,medium,0.2,0.3333333333333333
ESM,1kut_1_A,213,long,1.0,0.4788732394366197
ESM,1kut_1_A,213,long,0.5,0.5283018867924528
ESM,1kut_1_A,213,long,0.2,0.5714285714285714
ESM,1kut_1_A,213,all,1.0,0.2535211267605634
ESM,1kut_1_A,213,all,0.5,0.32075471698113206
ESM,1kut_1_A,213,all,0.2,0.42857142857142855
ESM,1l2p_1_A,61,short,1.0,0.0
ESM,1l2p_1_A,61,short,0.5,0.0
ESM,1l2p_1_A,61,short,0.2,0.0
ESM,1l2p_1_A,61,medium,1.0,0.0
ESM,1l2p_1_A,61,medium,0.5,0.0
ESM,1l2p_1_A,61,medium,0.2,0.0
ESM,1l2p_1_A,61,long,1.0,0.0
ESM,1l2p_1_A,61,long,0.5,0.0
ESM,1l2p_1_A,61,long,0.2,0.0
ESM,1l2p_1_A,61,all,1.0,0.0
ESM,1l2p_1_A,61,all,0.5,0.0
ESM,1l2p_1_A,61,all,0.2,0.0
ESM,1l8w_1_A,271,short,1.0,0.02214022140221402
ESM,1l8w_1_A,271,short,0.5,0.02962962962962963
ESM,1l8w_1_A,271,short,0.2,0.037037037037037035
ESM,1l8w_1_A,271,medium,1.0,0.04428044280442804
ESM,1l8w_1_A,271,medium,0.5,0.044444444444444446
ESM,1l8w_1_A,271,medium,0.2,0.037037037037037035
ESM,1l8w_1_A,271,long,1.0,0.08118081180811808
ESM,1l8w_1_A,271,long,0.5,0.1037037037037037
ESM,1l8w_1_A,271,long,0.2,0.14814814814814814
ESM,1l8w_1_A,271,all,1.0,0.02214022140221402
ESM,1l8w_1_A,271,all,0.5,0.044444444444444446
ESM,1l8w_1_A,271,all,0.2,0.037037037037037035
ESM,1lb6_1_A,155,short,1.0,0.11612903225806452
ESM,1lb6_1_A,155,short,0.5,0.18181818181818182
ESM,1lb6_1_A,155,short,0.2,0.1935483870967742
ESM,1lb6_1_A,155,medium,1.0,0.4258064516129032
ESM,1lb6_1_A,155,medium,0.5,0.6493506493506493
ESM,1lb6_1_A,155,medium,0.2,0.9354838709677419
ESM,1lb6_1_A,155,long,1.0,0.6903225806451613
ESM,1lb6_1_A,155,long,0.5,0.8181818181818182
ESM,1lb6_1_A,155,long,0.2,1.0
ESM,1lb6_1_A,155,all,1.0,0.6516129032258065
ESM,1lb6_1_A,155,all,0.5,0.8441558441558441
ESM,1lb6_1_A,155,all,0.2,1.0
ESM,1lc7_1_A,358,short,1.0,0.30726256983240224
ESM,1lc7_1_A,358,short,0.5,0.4692737430167598
ESM,1lc7_1_A,358,short,0.2,0.704225352112676
ESM,1lc7_1_A,358,medium,1.0,0.5027932960893855
ESM,1lc7_1_A,358,medium,0.5,0.7094972067039106
ESM,1lc7_1_A,358,medium,0.2,0.9436619718309859
ESM,1lc7_1_A,358,long,1.0,0.7150837988826816
ESM,1lc7_1_A,358,long,0.5,0.8770949720670391
ESM,1lc7_1_A,358,long,0.2,0.9436619718309859
ESM,1lc7_1_A,358,all,1.0,0.7988826815642458
ESM,1lc7_1_A,358,all,0.5,0.888268156424581
ESM,1lc7_1_A,358,all,0.2,0.9436619718309859
ESM,1lsh_1_A,953,short,1.0,0.16998950682056663
ESM,1lsh_1_A,953,short,0.5,0.18067226890756302
ESM,1lsh_1_A,953,short,0.2,0.22105263157894736
ESM,1lsh_1_A,953,medium,1.0,0.310598111227702
ESM,1lsh_1_A,953,medium,0.5,0.37815126050420167
ESM,1lsh_1_A,953,medium,0.2,0.47368421052631576
ESM,1lsh_1_A,953,long,1.0,0.48688352570828963
ESM,1lsh_1_A,953,long,0.5,0.6050420168067226
ESM,1lsh_1_A,953,long,0.2,0.7578947368421053
ESM,1lsh_1_A,953,all,1.0,0.3567681007345226
ESM,1lsh_1_A,953,all,0.5,0.4327731092436975
ESM,1lsh_1_A,953,all,0.2,0.49473684210526314
ESM,1ltq_1_A,298,short,1.0,0.16778523489932887
ESM,1ltq_1_A,298,short,0.5,0.20134228187919462
ESM,1ltq_1_A,298,short,0.2,0.4067796610169492
ESM,1ltq_1_A,298,medium,1.0,0.3422818791946309
ESM,1ltq_1_A,298,medium,0.5,0.42953020134228187
ESM,1ltq_1_A,298,medium,0.2,0.6271186440677966
ESM,1ltq_1_A,298,long,1.0,0.7516778523489933
ESM,1ltq_1_A,298,long,0.5,0.825503355704698
ESM,1ltq_1_A,298,long,0.2,0.7966101694915254
ESM,1ltq_1_A,298,all,1.0,0.6912751677852349
ESM,1ltq_1_A,298,all,0.5,0.738255033557047
ESM,1ltq_1_A,298,all,0.2,0.8305084745762712
ESM,1mb1_1_A,98,short,1.0,0.14285714285714285
ESM,1mb1_1_A,98,short,0.5,0.20408163265306123
ESM,1mb1_1_A,98,short,0.2,0.3157894736842105
ESM,1mb1_1_A,98,medium,1.0,0.30612244897959184
ESM,1mb1_1_A,98,medium,0.5,0.42857142857142855
ESM,1mb1_1_A,98,medium,0.2,0.5789473684210527
ESM,1mb1_1_A,98,long,1.0,0.3673469387755102
ESM,1mb1_1_A,98,long,0.5,0.4897959183673469
ESM,1mb1_1_A,98,long,0.2,0.7368421052631579
ESM,1mb1_1_A,98,all,1.0,0.2857142857142857
ESM,1mb1_1_A,98,all,0.5,0.40816326530612246
ESM,1mb1_1_A,98,all,0.2,0.6842105263157895
ESM,1mg5_1_A,255,short,1.0,0.16470588235294117
ESM,1mg5_1_A,255,short,0.5,0.14173228346456693
ESM,1mg5_1_A,255,short,0.2,0.23529411764705882
ESM,1mg5_1_A,255,medium,1.0,0.47058823529411764
ESM,1mg5_1_A,255,medium,0.5,0.6377952755905512
ESM,1mg5_1_A,255,medium,0.2,0.7647058823529411
ESM,1mg5_1_A,255,long,1.0,0.796078431372549
ESM,1mg5_1_A,255,long,0.5,0.7952755905511811
ESM,1mg5_1_A,255,long,0.2,0.8823529411764706
ESM,1mg5_1_A,255,all,1.0,0.7333333333333333
ESM,1mg5_1_A,255,all,0.5,0.7480314960629921
ESM,1mg5_1_A,255,all,0.2,0.8431372549019608
ESM,1mu7_1_A,422,short,1.0,0.08530805687203792
ESM,1mu7_1_A,422,short,0.5,0.0947867298578199
ESM,1mu7_1_A,422,short,0.2,0.14285714285714285
ESM,1mu7_1_A,422,medium,1.0,0.25118483412322273
ESM,1mu7_1_A,422,medium,0.5,0.3033175355450237
ESM,1mu7_1_A,422,medium,0.2,0.5
ESM,1mu7_1_A,422,long,1.0,0.46919431279620855
ESM,1mu7_1_A,422,long,0.5,0.6255924170616114
ESM,1mu7_1_A,422,long,0.2,0.8333333333333334
ESM,1mu7_1_A,422,all,1.0,0.3033175355450237
ESM,1mu7_1_A,422,all,0.5,0.45023696682464454
ESM,1mu7_1_A,422,all,0.2,0.6428571428571429
ESM,1n1i_1_A,91,short,1.0,0.6043956043956044
ESM,1n1i_1_A,91,short,0.5,0.6888888888888889
ESM,1n1i_1_A,91,short,0.2,1.0
ESM,1n1i_1_A,91,medium,1.0,0.46153846153846156
ESM,1n1i_1_A,91,medium,0.5,0.6666666666666666
ESM,1n1i_1_A,91,medium,0.2,0.7777777777777778
ESM,1n1i_1_A,91,long,1.0,0.02197802197802198
ESM,1n1i_1_A,91,long,0.5,0.0
ESM,1n1i_1_A,91,long,0.2,0.0
ESM,1n1i_1_A,91,all,1.0,0.6043956043956044
ESM,1n1i_1_A,91,all,0.5,0.8
ESM,1n1i_1_A,91,all,0.2,1.0
ESM,1n3l_1_A,331,short,1.0,0.08761329305135952
ESM,1n3l_1_A,331,short,0.5,0.10909090909090909
ESM,1n3l_1_A,331,short,0.2,0.18181818181818182
ESM,1n3l_1_A,331,medium,1.0,0.07854984894259819
ESM,1n3l_1_A,331,medium,0.5,0.13333333333333333
ESM,1n3l_1_A,331,medium,0.2,0.18181818181818182
ESM,1n3l_1_A,331,long,1.0,0.4108761329305136
ESM,1n3l_1_A,331,long,0.5,0.5878787878787879
ESM,1n3l_1_A,331,long,0.2,0.696969696969697
ESM,1n3l_1_A,331,all,1.0,0.24471299093655588
ESM,1n3l_1_A,331,all,0.5,0.36363636363636365
ESM,1n3l_1_A,331,all,0.2,0.7272727272727273
ESM,1n8y_1_A,592,short,1.0,0.24324324324324326
ESM,1n8y_1_A,592,short,0.5,0.2972972972972973
ESM,1n8y_1_A,592,short,0.2,0.423728813559322
ESM,1n8y_1_A,592,medium,1.0,0.28040540540540543
ESM,1n8y_1_A,592,medium,0.5,0.33783783783783783
ESM,1n8y_1_A,592,medium,0.2,0.423728813559322
ESM,1n8y_1_A,592,long,1.0,0.581081081081081
ESM,1n8y_1_A,592,long,0.5,0.7364864864864865
ESM,1n8y_1_A,592,long,0.2,0.8305084745762712
ESM,1n8y_1_A,592,all,1.0,0.3918918918918919
ESM,1n8y_1_A,592,all,0.5,0.4797297297297297
ESM,1n8y_1_A,592,all,0.2,0.576271186440678
ESM,1nap_1_C,63,short,1.0,0.31746031746031744
ESM,1nap_1_C,63,short,0.5,0.5806451612903226
ESM,1nap_1_C,63,short,0.2,0.8333333333333334
ESM,1nap_1_C,63,medium,1.0,0.5396825396825397
ESM,1nap_1_C,63,medium,0.5,0.8387096774193549
ESM,1nap_1_C,63,medium,0.2,1.0
ESM,1nap_1_C,63,long,1.0,0.2857142857142857
ESM,1nap_1_C,63,long,0.5,0.45161290322580644
ESM,1nap_1_C,63,long,0.2,0.5
ESM,1nap_1_C,63,all,1.0,0.6984126984126984
ESM,1nap_1_C,63,all,0.5,0.7741935483870968
ESM,1nap_1_C,63,all,0.2,1.0
ESM,1nd6_1_A,342,short,1.0,0.1695906432748538
ESM,1nd6_1_A,342,short,0.5,0.2573099415204678
ESM,1nd6_1_A,342,short,0.2,0.4117647058823529
ESM,1nd6_1_A,342,medium,1.0,0.2573099415204678
ESM,1nd6_1_A,342,medium,0.5,0.39766081871345027
ESM,1nd6_1_A,342,medium,0.2,0.5588235294117647
ESM,1nd6_1_A,342,long,1.0,0.5321637426900585
ESM,1nd6_1_A,342,long,0.5,0.6140350877192983
ESM,1nd6_1_A,342,long,0.2,0.7352941176470589
ESM,1nd6_1_A,342,all,1.0,0.5029239766081871
ESM,1nd6_1_A,342,all,0.5,0.6081871345029239
ESM,1nd6_1_A,342,all,0.2,0.7647058823529411
ESM,1nf4_1_H,170,short,1.0,0.15294117647058825
ESM,1nf4_1_H,170,short,0.5,0.18823529411764706
ESM,1nf4_1_H,170,short,0.2,0.29411764705882354
ESM,1nf4_1_H,170,medium,1.0,0.24705882352941178
ESM,1nf4_1_H,170,medium,0.5,0.47058823529411764
ESM,1nf4_1_H,170,medium,0.2,0.8235294117647058
ESM,1nf4_1_H,170,long,1.0,0.6941176470588235
ESM,1nf4_1_H,170,long,0.5,0.8
ESM,1nf4_1_H,170,long,0.2,0.9411764705882353
ESM,1nf4_1_H,170,all,1.0,0.7176470588235294
ESM,1nf4_1_H,170,all,0.5,0.9058823529411765
ESM,1nf4_1_H,170,all,0.2,0.9411764705882353
ESM,1nnx_1_A,93,short,1.0,0.5161290322580645
ESM,1nnx_1_A,93,short,0.5,0.782608695652174
ESM,1nnx_1_A,93,short,0.2,1.0
ESM,1nnx_1_A,93,medium,1.0,0.6129032258064516
ESM,1nnx_1_A,93,medium,0.5,0.6956521739130435
ESM,1nnx_1_A,93,medium,0.2,0.7777777777777778
ESM,1nnx_1_A,93,long,1.0,0.7419354838709677
ESM,1nnx_1_A,93,long,0.5,0.8695652173913043
ESM,1nnx_1_A,93,long,0.2,0.8888888888888888
ESM,1nnx_1_A,93,all,1.0,0.8924731182795699
ESM,1nnx_1_A,93,all,0.5,1.0
ESM,1nnx_1_A,93,all,0.2,1.0
ESM,1no5_1_A,100,short,1.0,0.18
ESM,1no5_1_A,100,short,0.5,0.24
ESM,1no5_1_A,100,short,0.2,0.5
ESM,1no5_1_A,100,medium,1.0,0.38
ESM,1no5_1_A,100,medium,0.5,0.6
ESM,1no5_1_A,100,medium,0.2,0.8
ESM,1no5_1_A,100,long,1.0,0.82
ESM,1no5_1_A,100,long,0.5,0.92
ESM,1no5_1_A,100,long,0.2,1.0
ESM,1no5_1_A,100,all,1.0,0.78
ESM,1no5_1_A,100,all,0.5,0.88
ESM,1no5_1_A,100,all,0.2,1.0
ESM,1np6_1_A,158,short,1.0,0.13924050632911392
ESM,1np6_1_A,158,short,0.5,0.17721518987341772
ESM,1np6_1_A,158,short,0.2,0.25806451612903225
ESM,1np6_1_A,158,medium,1.0,0.31645569620253167
ESM,1np6_1_A,158,medium,0.5,0.43037974683544306
ESM,1np6_1_A,158,medium,0.2,0.5161290322580645
ESM,1np6_1_A,158,long,1.0,0.6708860759493671
ESM,1np6_1_A,158,long,0.5,0.810126582278481
ESM,1np6_1_A,158,long,0.2,0.9354838709677419
ESM,1np6_1_A,158,all,1.0,0.5822784810126582
ESM,1np6_1_A,158,all,0.5,0.7088607594936709
ESM,1np6_1_A,158,all,0.2,0.8709677419354839
ESM,1nvp_1_B,43,short,1.0,0.046511627906976744
ESM,1nvp_1_B,43,short,0.5,0.09523809523809523
ESM,1nvp_1_B,43,short,0.2,0.25
ESM,1nvp_1_B,43,medium,1.0,0.0
ESM,1nvp_1_B,43,medium,0.5,0.0
ESM,1nvp_1_B,43,medium,0.2,0.0
ESM,1nvp_1_B,43,long,1.0,0.0
ESM,1nvp_1_B,43,long,0.5,0.0
ESM,1nvp_1_B,43,long,0.2,0.0
ESM,1nvp_1_B,43,all,1.0,0.046511627906976744
ESM,1nvp_1_B,43,all,0.5,0.09523809523809523
ESM,1nvp_1_B,43,all,0.2,0.25
ESM,1o12_1_B,363,short,1.0,0.418732782369146
ESM,1o12_1_B,363,short,0.5,0.585635359116022
ESM,1o12_1_B,363,short,0.2,0.6944444444444444
ESM,1o12_1_B,363,medium,1.0,0.4931129476584022
ESM,1o12_1_B,363,medium,0.5,0.6298342541436464
ESM,1o12_1_B,363,medium,0.2,0.7777777777777778
ESM,1o12_1_B,363,long,1.0,0.5895316804407713
ESM,1o12_1_B,363,long,0.5,0.7016574585635359
ESM,1o12_1_B,363,long,0.2,0.8611111111111112
ESM,1o12_1_B,363,all,1.0,0.6859504132231405
ESM,1o12_1_B,363,all,0.5,0.8121546961325967
ESM,1o12_1_B,363,all,0.2,0.8888888888888888
ESM,1o9q_1_A,411,short,1.0,0.1897810218978102
ESM,1o9q_1_A,411,short,0.5,0.25365853658536586
ESM,1o9q_1_A,411,short,0.2,0.36585365853658536
ESM,1o9q_1_A,411,medium,1.0,0.2725060827250608
ESM,1o9q_1_A,411,medium,0.5,0.3902439024390244
ESM,1o9q_1_A,411,medium,0.2,0.5609756097560976
ESM,1o9q_1_A,411,long,1.0,0.7250608272506083
ESM,1o9q_1_A,411,long,0.5,0.8390243902439024
ESM,1o9q_1_A,411,long,0.2,0.8780487804878049
ESM,1o9q_1_A,411,all,1.0,0.635036496350365
ESM,1o9q_1_A,411,all,0.5,0.7463414634146341
ESM,1o9q_1_A,411,all,0.2,0.9024390243902439
ESM,1oae_1_A,124,short,1.0,0.2903225806451613
ESM,1oae_1_A,124,short,0.5,0.41935483870967744
ESM,1oae_1_A,124,short,0.2,0.4166666666666667
ESM,1oae_1_A,124,medium,1.0,0.04838709677419355
ESM,1oae_1_A,124,medium,0.5,0.06451612903225806
ESM,1oae_1_A,124,medium,0.2,0.08333333333333333
ESM,1oae_1_A,124,long,1.0,0.3387096774193548
ESM,1oae_1_A,124,long,0.5,0.5161290322580645
ESM,1oae_1_A,124,long,0.2,0.75
ESM,1oae_1_A,124,all,1.0,0.3870967741935484
ESM,1oae_1_A,124,all,0.5,0.5161290322580645
ESM,1oae_1_A,124,all,0.2,0.5833333333333334
ESM,1ouo_1_A,210,short,1.0,0.1619047619047619
ESM,1ouo_1_A,210,short,0.5,0.20952380952380953
ESM,1ouo_1_A,210,short,0.2,0.38095238095238093
ESM,1ouo_1_A,210,medium,1.0,0.12380952380952381
ESM,1ouo_1_A,210,medium,0.5,0.17142857142857143
ESM,1ouo_1_A,210,medium,0.2,0.3333333333333333
ESM,1ouo_1_A,210,long,1.0,0.29523809523809524
ESM,1ouo_1_A,210,long,0.5,0.3619047619047619
ESM,1ouo_1_A,210,long,0.2,0.47619047619047616
ESM,1ouo_1_A,210,all,1.0,0.26666666666666666
ESM,1ouo_1_A,210,all,0.5,0.34285714285714286
ESM,1ouo_1_A,210,all,0.2,0.6666666666666666
ESM,1ouv_1_A,265,short,1.0,0.41509433962264153
ESM,1ouv_1_A,265,short,0.5,0.5757575757575758
ESM,1ouv_1_A,265,short,0.2,0.9433962264150944
ESM,1ouv_1_A,265,medium,1.0,0.7735849056603774
ESM,1ouv_1_A,265,medium,0.5,0.9090909090909091
ESM,1ouv_1_A,265,medium,0.2,1.0
ESM,1ouv_1_A,265,long,1.0,0.5886792452830188
ESM,1ouv_1_A,265,long,0.5,0.6363636363636364
ESM,1ouv_1_A,265,long,0.2,0.9245283018867925
ESM,1ouv_1_A,265,all,1.0,0.8415094339622642
ESM,1ouv_1_A,265,all,0.5,0.9696969696969697
ESM,1ouv_1_A,265,all,0.2,1.0
ESM,1oyw_1_A,516,short,1.0,0.22868217054263565
ESM,1oyw_1_A,516,short,0.5,0.3333333333333333
ESM,1oyw_1_A,516,short,0.2,0.5242718446601942
ESM,1oyw_1_A,516,medium,1.0,0.3449612403100775
ESM,1oyw_1_A,516,medium,0.5,0.5193798449612403
ESM,1oyw_1_A,516,medium,0.2,0.7864077669902912
ESM,1oyw_1_A,516,long,1.0,0.7403100775193798
ESM,1oyw_1_A,516,long,0.5,0.8294573643410853
ESM,1oyw_1_A,516,long,0.2,0.912621359223301
ESM,1oyw_1_A,516,all,1.0,0.6976744186046512
ESM,1oyw_1_A,516,all,0.5,0.7596899224806202
ESM,1oyw_1_A,516,all,0.2,0.8543689320388349
ESM,1p3d_1_A,463,short,1.0,0.32397408207343414
ESM,1p3d_1_A,463,short,0.5,0.4675324675324675
ESM,1p3d_1_A,463,short,0.2,0.8478260869565217
ESM,1p3d_1_A,463,medium,1.0,0.6155507559395248
ESM,1p3d_1_A,463,medium,0.5,0.7748917748917749
ESM,1p3d_1_A,463,medium,0.2,0.8478260869565217
ESM,1p3d_1_A,463,long,1.0,0.7926565874730022
ESM,1p3d_1_A,463,long,0.5,0.8528138528138528
ESM,1p3d_1_A,463,long,0.2,0.8913043478260869
ESM,1p3d_1_A,463,all,1.0,0.8488120950323974
ESM,1p3d_1_A,463,all,0.5,0.9047619047619048
ESM,1p3d_1_A,463,all,0.2,0.9782608695652174
ESM,1pii_1_A,452,short,1.0,0.21238938053097345
ESM,1pii_1_A,452,short,0.5,0.23893805309734514
ESM,1pii_1_A,452,short,0.2,0.3333333333333333
ESM,1pii_1_A,452,medium,1.0,0.5575221238938053
ESM,1pii_1_A,452,medium,0.5,0.5398230088495575
ESM,1pii_1_A,452,medium,0.2,0.6
ESM,1pii_1_A,452,long,1.0,0.7477876106194691
ESM,1pii_1_A,452,long,0.5,0.8407079646017699
ESM,1pii_1_A,452,long,0.2,0.9555555555555556
ESM,1pii_1_A,452,all,1.0,0.5973451327433629
ESM,1pii_1_A,452,all,0.5,0.6460176991150443
ESM,1pii_1_A,452,all,0.2,0.5333333333333333
ESM,1q6y_1_A,417,short,1.0,0.28776978417266186
ESM,1q6y_1_A,417,short,0.5,0.4326923076923077
ESM,1q6y_1_A,417,short,0.2,0.6024096385542169
ESM,1q6y_1_A,417,medium,1.0,0.3213429256594724
ESM,1q6y_1_A,417,medium,0.5,0.40384615384615385
ESM,1q6y_1_A,417,medium,0.2,0.40963855421686746
ESM,1q6y_1_A,417,long,1.0,0.5611510791366906
ESM,1q6y_1_A,417,long,0.5,0.6923076923076923
ESM,1q6y_1_A,417,long,0.2,0.7831325301204819
ESM,1q6y_1_A,417,all,1.0,0.5971223021582733
ESM,1q6y_1_A,417,all,0.5,0.7211538461538461
ESM,1q6y_1_A,417,all,0.2,0.7831325301204819
ESM,1qd6_1_B,240,short,1.0,0.20833333333333334
ESM,1qd6_1_B,240,short,0.5,0.23333333333333334
ESM,1qd6_1_B,240,short,0.2,0.2916666666666667
ESM,1qd6_1_B,240,medium,1.0,0.5333333333333333
ESM,1qd6_1_B,240,medium,0.5,0.7166666666666667
ESM,1qd6_1_B,240,medium,0.2,0.7916666666666666
ESM,1qd6_1_B,240,long,1.0,0.49166666666666664
ESM,1qd6_1_B,240,long,0.5,0.75
ESM,1qd6_1_B,240,long,0.2,0.9166666666666666
ESM,1qd6_1_B,240,all,1.0,0.5833333333333334
ESM,1qd6_1_B,240,all,0.5,0.7
ESM,1qd6_1_B,240,all,0.2,0.875
ESM,1r0u_1_A,142,short,1.0,0.39436619718309857
ESM,1r0u_1_A,142,short,0.5,0.5070422535211268
ESM,1r0u_1_A,142,short,0.2,0.5714285714285714
ESM,1r0u_1_A,142,medium,1.0,0.6197183098591549
ESM,1r0u_1_A,142,medium,0.5,0.8169014084507042
ESM,1r0u_1_A,142,medium,0.2,0.8571428571428571
ESM,1r0u_1_A,142,long,1.0,0.3380281690140845
ESM,1r0u_1_A,142,long,0.5,0.4788732394366197
ESM,1r0u_1_A,142,long,0.2,0.5
ESM,1r0u_1_A,142,all,1.0,0.6197183098591549
ESM,1r0u_1_A,142,all,0.5,0.647887323943662
ESM,1r0u_1_A,142,all,0.2,0.5714285714285714
ESM,1r8e_1_B,275,short,1.0,0.13818181818181818
ESM,1r8e_1_B,275,short,0.5,0.20437956204379562
ESM,1r8e_1_B,275,short,0.2,0.32727272727272727
ESM,1r8e_1_B,275,medium,1.0,0.3018181818181818
ESM,1r8e_1_B,275,medium,0.5,0.45255474452554745
ESM,1r8e_1_B,275,medium,0.2,0.5818181818181818
ESM,1r8e_1_B,275,long,1.0,0.5745454545454546
ESM,1r8e_1_B,275,long,0.5,0.708029197080292
ESM,1r8e_1_B,275,long,0.2,0.7818181818181819
ESM,1r8e_1_B,275,all,1.0,0.4909090909090909
ESM,1r8e_1_B,275,all,0.5,0.583941605839416
ESM,1r8e_1_B,275,all,0.2,0.6
ESM,1r9w_1_A,137,short,1.0,0.058394160583941604
ESM,1r9w_1_A,137,short,0.5,0.08823529411764706
ESM,1r9w_1_A,137,short,0.2,0.2222222222222222
ESM,1r9w_1_A,137,medium,1.0,0.043795620437956206
ESM,1r9w_1_A,137,medium,0.5,0.058823529411764705
ESM,1r9w_1_A,137,medium,0.2,0.14814814814814814
ESM,1r9w_1_A,137,long,1.0,0.029197080291970802
ESM,1r9w_1_A,137,long,0.5,0.029411764705882353
ESM,1r9w_1_A,137,long,0.2,0.0
ESM,1r9w_1_A,137,all,1.0,0.072992700729927
ESM,1r9w_1_A,137,all,0.5,0.14705882352941177
ESM,1r9w_1_A,137,all,0.2,0.2962962962962963
ESM,1rfs_1_A,127,short,1.0,0.4566929133858268
ESM,1rfs_1_A,127,short,0.5,0.5396825396825397
ESM,1rfs_1_A,127,short,0.2,0.6
ESM,1rfs_1_A,127,medium,1.0,0.4409448818897638
ESM,1rfs_1_A,127,medium,0.5,0.5238095238095238
ESM,1rfs_1_A,127,medium,0.2,0.72
ESM,1rfs_1_A,127,long,1.0,0.30708661417322836
ESM,1rfs_1_A,127,long,0.5,0.3968253968253968
ESM,1rfs_1_A,127,long,0.2,0.44
ESM,1rfs_1_A,127,all,1.0,0.5905511811023622
ESM,1rfs_1_A,127,all,0.5,0.6825396825396826
ESM,1rfs_1_A,127,all,0.2,0.76
ESM,1ri6_1_A,333,short,1.0,0.6846846846846847
ESM,1ri6_1_A,333,short,0.5,0.9036144578313253
ESM,1ri6_1_A,333,short,0.2,0.9696969696969697
ESM,1ri6_1_A,333,medium,1.0,0.9219219219219219
ESM,1ri6_1_A,333,medium,0.5,0.9759036144578314
ESM,1ri6_1_A,333,medium,0.2,1.0
ESM,1ri6_1_A,333,long,1.0,0.7957957957957958
ESM,1ri6_1_A,333,long,0.5,0.8313253012048193
ESM,1ri6_1_A,333,long,0.2,0.7272727272727273
ESM,1ri6_1_A,333,all,1.0,0.9099099099099099
ESM,1ri6_1_A,333,all,0.5,0.891566265060241
ESM,1ri6_1_A,333,all,0.2,0.8484848484848485
ESM,1rkt_1_B,200,short,1.0,0.18
ESM,1rkt_1_B,200,short,0.5,0.18
ESM,1rkt_1_B,200,short,0.2,0.4
ESM,1rkt_1_B,200,medium,1.0,0.33
ESM,1rkt_1_B,200,medium,0.5,0.44
ESM,1rkt_1_B,200,medium,0.2,0.8
ESM,1rkt_1_B,200,long,1.0,0.51
ESM,1rkt_1_B,200,long,0.5,0.66
ESM,1rkt_1_B,200,long,0.2,0.7
ESM,1rkt_1_B,200,all,1.0,0.57
ESM,1rkt_1_B,200,all,0.5,0.62
ESM,1rkt_1_B,200,all,0.2,0.75
ESM,1s12_1_B,91,short,1.0,0.2087912087912088
ESM,1s12_1_B,91,short,0.5,0.26666666666666666
ESM,1s12_1_B,91,short,0.2,0.2222222222222222
ESM,1s12_1_B,91,medium,1.0,0.04395604395604396
ESM,1s12_1_B,91,medium,0.5,0.044444444444444446
ESM,1s12_1_B,91,medium,0.2,0.1111111111111111
ESM,1s12_1_B,91,long,1.0,0.10989010989010989
ESM,1s12_1_B,91,long,0.5,0.08888888888888889
ESM,1s12_1_B,91,long,0.2,0.0
ESM,1s12_1_B,91,all,1.0,0.1978021978021978
ESM,1s12_1_B,91,all,0.5,0.17777777777777778
ESM,1s12_1_B,91,all,0.2,0.1111111111111111
ESM,1s29_1_A,92,short,1.0,0.3695652173913043
ESM,1s29_1_A,92,short,0.5,0.43478260869565216
ESM,1s29_1_A,92,short,0.2,0.4444444444444444
ESM,1s29_1_A,92,medium,1.0,0.30434782608695654
ESM,1s29_1_A,92,medium,0.5,0.5217391304347826
ESM,1s29_1_A,92,medium,0.2,0.7777777777777778
ESM,1s29_1_A,92,long,1.0,0.7391304347826086
ESM,1s29_1_A,92,long,0.5,0.8695652173913043
ESM,1s29_1_A,92,long,0.2,0.8888888888888888
ESM,1s29_1_A,92,all,1.0,0.717391304347826
ESM,1s29_1_A,92,all,0.5,0.7391304347826086
ESM,1s29_1_A,92,all,0.2,0.6666666666666666
ESM,1s99_1_A,186,short,1.0,0.0967741935483871
ESM,1s99_1_A,186,short,0.5,0.10752688172043011
ESM,1s99_1_A,186,short,0.2,0.10810810810810811
ESM,1s99_1_A,186,medium,1.0,0.12903225806451613
ESM,1s99_1_A,186,medium,0.5,0.23655913978494625
ESM,1s99_1_A,186,medium,0.2,0.32432432432432434
ESM,1s99_1_A,186,long,1.0,0.15053763440860216
ESM,1s99_1_A,186,long,0.5,0.06451612903225806
ESM,1s99_1_A,186,long,0.2,0.0
ESM,1s99_1_A,186,all,1.0,0.08602150537634409
ESM,1s99_1_A,186,all,0.5,0.021505376344086023
ESM,1s99_1_A,186,all,0.2,0.0
ESM,1sc4_1_D,80,short,1.0,0.0
ESM,1sc4_1_D,80,short,0.5,0.0
ESM,1sc4_1_D,80,short,0.2,0.0
ESM,1sc4_1_D,80,medium,1.0,0.025
ESM,1sc4_1_D,80,medium,0.5,0.05
ESM,1sc4_1_D,80,medium,0.2,0.125
ESM,1sc4_1_D,80,long,1.0,0.025
ESM,1sc4_1_D,80,long,0.5,0.0
ESM,1sc4_1_D,80,long,0.2,0.0
ESM,1sc4_1_D,80,all,1.0,0.0
ESM,1sc4_1_D,80,all,0.5,0.0
ESM,1sc4_1_D,80,all,0.2,0.0
ESM,1smp_1_B,100,short,1.0,0.46
ESM,1smp_1_B,100,short,0.5,0.56
ESM,1smp_1_B,100,short,0.2,0.8
ESM,1smp_1_B,100,medium,1.0,0.26
ESM,1smp_1_B,100,medium,0.5,0.4
ESM,1smp_1_B,100,medium,0.2,0.5
ESM,1smp_1_B,100,long,1.0,0.46
ESM,1smp_1_B,100,long,0.5,0.64
ESM,1smp_1_B,100,long,0.2,1.0
ESM,1smp_1_B,100,all,1.0,0.62
ESM,1smp_1_B,100,all,0.5,0.72
ESM,1smp_1_B,100,all,0.2,0.6
ESM,1ss4_1_B,145,short,1.0,0.3586206896551724
ESM,1ss4_1_B,145,short,0.5,0.6111111111111112
ESM,1ss4_1_B,145,short,0.2,0.9310344827586207
ESM,1ss4_1_B,145,medium,1.0,0.5862068965517241
ESM,1ss4_1_B,145,medium,0.5,0.8333333333333334
ESM,1ss4_1_B,145,medium,0.2,0.9310344827586207
ESM,1ss4_1_B,145,long,1.0,0.5724137931034483
ESM,1ss4_1_B,145,long,0.5,0.7222222222222222
ESM,1ss4_1_B,145,long,0.2,0.8275862068965517
ESM,1ss4_1_B,145,all,1.0,0.8068965517241379
ESM,1ss4_1_B,145,all,0.5,0.9166666666666666
ESM,1ss4_1_B,145,all,0.2,1.0
ESM,1t08_1_B,46,short,1.0,0.08695652173913043
ESM,1t08_1_B,46,short,0.5,0.17391304347826086
ESM,1t08_1_B,46,short,0.2,0.2222222222222222
ESM,1t08_1_B,46,medium,1.0,0.17391304347826086
ESM,1t08_1_B,46,medium,0.5,0.34782608695652173
ESM,1t08_1_B,46,medium,0.2,0.5555555555555556
ESM,1t08_1_B,46,long,1.0,0.043478260869565216
ESM,1t08_1_B,46,long,0.5,0.08695652173913043
ESM,1t08_1_B,46,long,0.2,0.0
ESM,1t08_1_B,46,all,1.0,0.17391304347826086
ESM,1t08_1_B,46,all,0.5,0.17391304347826086
ESM,1t08_1_B,46,all,0.2,0.2222222222222222
ESM,1t0p_1_B,86,short,1.0,0.3023255813953488
ESM,1t0p_1_B,86,short,0.5,0.46511627906976744
ESM,1t0p_1_B,86,short,0.2,0.5882352941176471
ESM,1t0p_1_B,86,medium,1.0,0.5813953488372093
ESM,1t0p_1_B,86,medium,0.5,0.7674418604651163
ESM,1t0p_1_B,86,medium,0.2,0.8823529411764706
ESM,1t0p_1_B,86,long,1.0,0.7441860465116279
ESM,1t0p_1_B,86,long,0.5,0.9302325581395349
ESM,1t0p_1_B,86,long,0.2,1.0
ESM,1t0p_1_B,86,all,1.0,0.7906976744186046
ESM,1t0p_1_B,86,all,0.5,0.8604651162790697
ESM,1t0p_1_B,86,all,0.2,0.8235294117647058
ESM,1t57_1_A,186,short,1.0,0.12903225806451613
ESM,1t57_1_A,186,short,0.5,0.15053763440860216
ESM,1t57_1_A,186,short,0.2,0.16216216216216217
ESM,1t57_1_A,186,medium,1.0,0.3225806451612903
ESM,1t57_1_A,186,medium,0.5,0.3655913978494624
ESM,1t57_1_A,186,medium,0.2,0.35135135135135137
ESM,1t57_1_A,186,long,1.0,0.34408602150537637
ESM,1t57_1_A,186,long,0.5,0.45161290322580644
ESM,1t57_1_A,186,long,0.2,0.5945945945945946
ESM,1t57_1_A,186,all,1.0,0.26881720430107525
ESM,1t57_1_A,186,all,0.5,0.3655913978494624
ESM,1t57_1_A,186,all,0.2,0.32432432432432434
ESM,1tlv_1_B,204,short,1.0,0.19607843137254902
ESM,1tlv_1_B,204,short,0.5,0.3333333333333333
ESM,1tlv_1_B,204,short,0.2,0.5
ESM,1tlv_1_B,204,medium,1.0,0.16666666666666666
ESM,1tlv_1_B,204,medium,0.5,0.2549019607843137
ESM,1tlv_1_B,204,medium,0.2,0.45
ESM,1tlv_1_B,204,long,1.0,0.5294117647058824
ESM,1tlv_1_B,204,long,0.5,0.7647058823529411
ESM,1tlv_1_B,204,long,0.2,0.9
ESM,1tlv_1_B,204,all,1.0,0.5294117647058824
ESM,1tlv_1_B,204,all,0.5,0.6862745098039216
ESM,1tlv_1_B,204,all,0.2,0.8
ESM,1tqn_1_A,468,short,1.0,0.2777777777777778
ESM,1tqn_1_A,468,short,0.5,0.4188034188034188
ESM,1tqn_1_A,468,short,0.2,0.6451612903225806
ESM,1tqn_1_A,468,medium,1.0,0.23076923076923078
ESM,1tqn_1_A,468,medium,0.5,0.39316239316239315
ESM,1tqn_1_A,468,medium,0.2,0.6989247311827957
ESM,1tqn_1_A,468,long,1.0,0.6111111111111112
ESM,1tqn_1_A,468,long,0.5,0.7008547008547008
ESM,1tqn_1_A,468,long,0.2,0.7311827956989247
ESM,1tqn_1_A,468,all,1.0,0.6452991452991453
ESM,1tqn_1_A,468,all,0.5,0.7606837606837606
ESM,1tqn_1_A,468,all,0.2,0.7634408602150538
ESM,1tzw_1_A,142,short,1.0,0.22535211267605634
ESM,1tzw_1_A,142,short,0.5,0.3380281690140845
ESM,1tzw_1_A,142,short,0.2,0.5
ESM,1tzw_1_A,142,medium,1.0,0.4647887323943662
ESM,1tzw_1_A,142,medium,0.5,0.7605633802816901
ESM,1tzw_1_A,142,medium,0.2,0.7857142857142857
ESM,1tzw_1_A,142,long,1.0,0.6901408450704225
ESM,1tzw_1_A,142,long,0.5,0.7464788732394366
ESM,1tzw_1_A,142,long,0.2,0.8571428571428571
ESM,1tzw_1_A,142,all,1.0,0.7323943661971831
ESM,1tzw_1_A,142,all,0.5,0.7746478873239436
ESM,1tzw_1_A,142,all,0.2,0.9285714285714286
ESM,1u08_1_B,378,short,1.0,0.25925925925925924
ESM,1u08_1_B,378,short,0.5,0.4126984126984127
ESM,1u08_1_B,378,short,0.2,0.56
ESM,1u08_1_B,378,medium,1.0,0.5132275132275133
ESM,1u08_1_B,378,medium,0.5,0.7037037037037037
ESM,1u08_1_B,378,medium,0.2,0.84
ESM,1u08_1_B,378,long,1.0,0.7354497354497355
ESM,1u08_1_B,378,long,0.5,0.8201058201058201
ESM,1u08_1_B,378,long,0.2,0.9733333333333334
ESM,1u08_1_B,378,all,1.0,0.7883597883597884
ESM,1u08_1_B,378,all,0.5,0.9153439153439153
ESM,1u08_1_B,378,all,0.2,1.0
ESM,1u8b_1_A,131,short,1.0,0.2595419847328244
ESM,1u8b_1_A,131,short,0.5,0.47692307692307695
ESM,1u8b_1_A,131,short,0.2,0.7692307692307693
ESM,1u8b_1_A,131,medium,1.0,0.22900763358778625
ESM,1u8b_1_A,131,medium,0.5,0.4307692307692308
ESM,1u8b_1_A,131,medium,0.2,0.9230769230769231
ESM,1u8b_1_A,131,long,1.0,0.5038167938931297
ESM,1u8b_1_A,131,long,0.5,0.676923076923077
ESM,1u8b_1_A,131,long,0.2,1.0
ESM,1u8b_1_A,131,all,1.0,0.6717557251908397
ESM,1u8b_1_A,131,all,0.5,0.8923076923076924
ESM,1u8b_1_A,131,all,0.2,1.0
ESM,1u9c_1_A,220,short,1.0,0.11818181818181818
ESM,1u9c_1_A,220,short,0.5,0.09090909090909091
ESM,1u9c_1_A,220,short,0.2,0.09090909090909091
ESM,1u9c_1_A,220,medium,1.0,0.15454545454545454
ESM,1u9c_1_A,220,medium,0.5,0.21818181818181817
ESM,1u9c_1_A,220,medium,0.2,0.22727272727272727
ESM,1u9c_1_A,220,long,1.0,0.6636363636363637
ESM,1u9c_1_A,220,long,0.5,0.7454545454545455
ESM,1u9c_1_A,220,long,0.2,0.8181818181818182
ESM,1u9c_1_A,220,all,1.0,0.38181818181818183
ESM,1u9c_1_A,220,all,0.5,0.41818181818181815
ESM,1u9c_1_A,220,all,0.2,0.4090909090909091
ESM,1uad_1_B,92,short,1.0,0.34782608695652173
ESM,1uad_1_B,92,short,0.5,0.4782608695652174
ESM,1uad_1_B,92,short,0.2,0.7777777777777778
ESM,1uad_1_B,92,medium,1.0,0.6739130434782609
ESM,1uad_1_B,92,medium,0.5,0.782608695652174
ESM,1uad_1_B,92,medium,0.2,0.8888888888888888
ESM,1uad_1_B,92,long,1.0,0.7608695652173914
ESM,1uad_1_B,92,long,0.5,0.8695652173913043
ESM,1uad_1_B,92,long,0.2,0.8888888888888888
ESM,1uad_1_B,92,all,1.0,0.8478260869565217
ESM,1uad_1_B,92,all,0.5,0.8260869565217391
ESM,1uad_1_B,92,all,0.2,0.7777777777777778
ESM,1up8_1_A,597,short,1.0,0.09715242881072027
ESM,1up8_1_A,597,short,0.5,0.087248322147651
ESM,1up8_1_A,597,short,0.2,0.10084033613445378
ESM,1up8_1_A,597,medium,1.0,0.06197654941373534
ESM,1up8_1_A,597,medium,0.5,0.06040268456375839
ESM,1up8_1_A,597,medium,0.2,0.06722689075630252
ESM,1up8_1_A,597,long,1.0,0.18760469011725292
ESM,1up8_1_A,597,long,0.5,0.2550335570469799
ESM,1up8_1_A,597,long,0.2,0.35294117647058826
ESM,1up8_1_A,597,all,1.0,0.1273031825795645
ESM,1up8_1_A,597,all,0.5,0.1610738255033557
ESM,1up8_1_A,597,all,0.2,0.23529411764705882
ESM,1utg_1_A,70,short,1.0,0.05714285714285714
ESM,1utg_1_A,70,short,0.5,0.11428571428571428
ESM,1utg_1_A,70,short,0.2,0.14285714285714285
ESM,1utg_1_A,70,medium,1.0,0.0
ESM,1utg_1_A,70,medium,0.5,0.0
ESM,1utg_1_A,70,medium,0.2,0.0
ESM,1utg_1_A,70,long,1.0,0.0
ESM,1utg_1_A,70,long,0.5,0.0
ESM,1utg_1_A,70,long,0.2,0.0
ESM,1utg_1_A,70,all,1.0,0.05714285714285714
ESM,1utg_1_A,70,all,0.5,0.11428571428571428
ESM,1utg_1_A,70,all,0.2,0.14285714285714285
ESM,1vgj_1_A,184,short,1.0,0.16304347826086957
ESM,1vgj_1_A,184,short,0.5,0.30434782608695654
ESM,1vgj_1_A,184,short,0.2,0.6666666666666666
ESM,1vgj_1_A,184,medium,1.0,0.45652173913043476
ESM,1vgj_1_A,184,medium,0.5,0.6521739130434783
ESM,1vgj_1_A,184,medium,0.2,0.8333333333333334
ESM,1vgj_1_A,184,long,1.0,0.6195652173913043
ESM,1vgj_1_A,184,long,0.5,0.7608695652173914
ESM,1vgj_1_A,184,long,0.2,0.8333333333333334
ESM,1vgj_1_A,184,all,1.0,0.6956521739130435
ESM,1vgj_1_A,184,all,0.5,0.8913043478260869
ESM,1vgj_1_A,184,all,0.2,0.8333333333333334
ESM,1vjx_1_A,148,short,1.0,0.10810810810810811
ESM,1vjx_1_A,148,short,0.5,0.16216216216216217
ESM,1vjx_1_A,148,short,0.2,0.3448275862068966
ESM,1vjx_1_A,148,medium,1.0,0.3108108108108108
ESM,1vjx_1_A,148,medium,0.5,0.5945945945945946
ESM,1vjx_1_A,148,medium,0.2,0.8620689655172413
ESM,1vjx_1_A,148,long,1.0,0.7162162162162162
ESM,1vjx_1_A,148,long,0.5,0.8648648648648649
ESM,1vjx_1_A,148,long,0.2,0.8620689655172413
ESM,1vjx_1_A,148,all,1.0,0.7162162162162162
ESM,1vjx_1_A,148,all,0.5,0.8918918918918919
ESM,1vjx_1_A,148,all,0.2,1.0
ESM,1w6k_1_A,725,short,1.0,0.11862068965517242
ESM,1w6k_1_A,725,short,0.5,0.16022099447513813
ESM,1w6k_1_A,725,short,0.2,0.2482758620689655
ESM,1w6k_1_A,725,medium,1.0,0.20413793103448277
ESM,1w6k_1_A,725,medium,0.5,0.292817679558011
ESM,1w6k_1_A,725,medium,0.2,0.5241379310344828
ESM,1w6k_1_A,725,long,1.0,0.5379310344827586
ESM,1w6k_1_A,725,long,0.5,0.712707182320442
ESM,1w6k_1_A,725,long,0.2,0.8068965517241379
ESM,1w6k_1_A,725,all,1.0,0.48551724137931035
ESM,1w6k_1_A,725,all,0.5,0.6132596685082873
ESM,1w6k_1_A,725,all,0.2,0.7586206896551724
ESM,1wd4_1_A,482,short,1.0,0.24481327800829875
ESM,1wd4_1_A,482,short,0.5,0.3236514522821577
ESM,1wd4_1_A,482,short,0.2,0.4791666666666667
ESM,1wd4_1_A,482,medium,1.0,0.2157676348547718
ESM,1wd4_1_A,482,medium,0.5,0.2987551867219917
ESM,1wd4_1_A,482,medium,0.2,0.3333333333333333
ESM,1wd4_1_A,482,long,1.0,0.22821576763485477
ESM,1wd4_1_A,482,long,0.5,0.27385892116182575
ESM,1wd4_1_A,482,long,0.2,0.4166666666666667
ESM,1wd4_1_A,482,all,1.0,0.34024896265560167
ESM,1wd4_1_A,482,all,0.5,0.4730290456431535
ESM,1wd4_1_A,482,all,0.2,0.5625
ESM,1wlf_1_A,164,short,1.0,0.18292682926829268
ESM,1wlf_1_A,164,short,0.5,0.24390243902439024
ESM,1wlf_1_A,164,short,0.2,0.1875
ESM,1wlf_1_A,164,medium,1.0,0.10975609756097561
ESM,1wlf_1_A,164,medium,0.5,0.1951219512195122
ESM,1wlf_1_A,164,medium,0.2,0.3125
ESM,1wlf_1_A,164,long,1.0,0.04878048780487805
ESM,1wlf_1_A,164,long,0.5,0.04878048780487805
ESM,1wlf_1_A,164,long,0.2,0.0625
ESM,1wlf_1_A,164,all,1.0,0.15853658536585366
ESM,1wlf_1_A,164,all,0.5,0.17073170731707318
ESM,1wlf_1_A,164,all,0.2,0.1875
ESM,1wo8_1_B,123,short,1.0,0.17886178861788618
ESM,1wo8_1_B,123,short,0.5,0.32786885245901637
ESM,1wo8_1_B,123,short,0.2,0.5
ESM,1wo8_1_B,123,medium,1.0,0.36585365853658536
ESM,1wo8_1_B,123,medium,0.5,0.5245901639344263
ESM,1wo8_1_B,123,medium,0.2,0.8333333333333334
ESM,1wo8_1_B,123,long,1.0,0.6747967479674797
ESM,1wo8_1_B,123,long,0.5,0.8032786885245902
ESM,1wo8_1_B,123,long,0.2,1.0
ESM,1wo8_1_B,123,all,1.0,0.6910569105691057
ESM,1wo8_1_B,123,all,0.5,0.8688524590163934
ESM,1wo8_1_B,123,all,0.2,0.8333333333333334
ESM,1wy2_1_A,351,short,1.0,0.22792022792022792
ESM,1wy2_1_A,351,short,0.5,0.34285714285714286
ESM,1wy2_1_A,351,short,0.2,0.6
ESM,1wy2_1_A,351,medium,1.0,0.5584045584045584
ESM,1wy2_1_A,351,medium,0.5,0.7428571428571429
ESM,1wy2_1_A,351,medium,0.2,0.8857142857142857
ESM,1wy2_1_A,351,long,1.0,0.717948717948718
ESM,1wy2_1_A,351,long,0.5,0.7771428571428571
ESM,1wy2_1_A,351,long,0.2,0.7714285714285715
ESM,1wy2_1_A,351,all,1.0,0.717948717948718
ESM,1wy2_1_A,351,all,0.5,0.7885714285714286
ESM,1wy2_1_A,351,all,0.2,0.8571428571428571
ESM,1wy7_1_A,196,short,1.0,0.2653061224489796
ESM,1wy7_1_A,196,short,0.5,0.32653061224489793
ESM,1wy7_1_A,196,short,0.2,0.46153846153846156
ESM,1wy7_1_A,196,medium,1.0,0.5816326530612245
ESM,1wy7_1_A,196,medium,0.5,0.7551020408163265
ESM,1wy7_1_A,196,medium,0.2,0.9487179487179487
ESM,1wy7_1_A,196,long,1.0,0.8775510204081632
ESM,1wy7_1_A,196,long,0.5,0.9183673469387755
ESM,1wy7_1_A,196,long,0.2,1.0
ESM,1wy7_1_A,196,all,1.0,0.8571428571428571
ESM,1wy7_1_A,196,all,0.5,0.9387755102040817
ESM,1wy7_1_A,196,all,0.2,1.0
ESM,1x7f_1_A,347,short,1.0,0.12680115273775217
ESM,1x7f_1_A,347,short,0.5,0.18497109826589594
ESM,1x7f_1_A,347,short,0.2,0.2898550724637681
ESM,1x7f_1_A,347,medium,1.0,0.2017291066282421
ESM,1x7f_1_A,347,medium,0.5,0.3236994219653179
ESM,1x7f_1_A,347,medium,0.2,0.42028985507246375
ESM,1x7f_1_A,347,long,1.0,0.6282420749279539
ESM,1x7f_1_A,347,long,0.5,0.7225433526011561
ESM,1x7f_1_A,347,long,0.2,0.8840579710144928
ESM,1x7f_1_A,347,all,1.0,0.45244956772334294
ESM,1x7f_1_A,347,all,0.5,0.5606936416184971
ESM,1x7f_1_A,347,all,0.2,0.6666666666666666
ESM,1x87_1_B,493,short,1.0,0.13387423935091278
ESM,1x87_1_B,493,short,0.5,0.15447154471544716
ESM,1x87_1_B,493,short,0.2,0.12244897959183673
ESM,1x87_1_B,493,medium,1.0,0.11359026369168357
ESM,1x87_1_B,493,medium,0.5,0.15447154471544716
ESM,1x87_1_B,493,medium,0.2,0.2857142857142857
ESM,1x87_1_B,493,long,1.0,0.23935091277890466
ESM,1x87_1_B,493,long,0.5,0.3170731707317073
ESM,1x87_1_B,493,long,0.2,0.5102040816326531
ESM,1x87_1_B,493,all,1.0,0.24746450304259635
ESM,1x87_1_B,493,all,0.5,0.34146341463414637
ESM,1x87_1_B,493,all,0.2,0.42857142857142855
ESM,1xf1_1_B,925,short,1.0,0.1945945945945946
ESM,1xf1_1_B,925,short,0.5,0.2597402597402597
ESM,1xf1_1_B,925,short,0.2,0.32432432432432434
ESM,1xf1_1_B,925,medium,1.0,0.3145945945945946
ESM,1xf1_1_B,925,medium,0.5,0.44155844155844154
ESM,1xf1_1_B,925,medium,0.2,0.5837837837837838
ESM,1xf1_1_B,925,long,1.0,0.5751351351351351
ESM,1xf1_1_B,925,long,0.5,0.7142857142857143
ESM,1xf1_1_B,925,long,0.2,0.8378378378378378
ESM,1xf1_1_B,925,all,1.0,0.5081081081081081
ESM,1xf1_1_B,925,all,0.5,0.6277056277056277
ESM,1xf1_1_B,925,all,0.2,0.7189189189189189
ESM,1xwy_1_A,260,short,1.0,0.3076923076923077
ESM,1xwy_1_A,260,short,0.5,0.49230769230769234
ESM,1xwy_1_A,260,short,0.2,0.8076923076923077
ESM,1xwy_1_A,260,medium,1.0,0.46923076923076923
ESM,1xwy_1_A,260,medium,0.5,0.7230769230769231
ESM,1xwy_1_A,260,medium,0.2,0.7307692307692307
ESM,1xwy_1_A,260,long,1.0,0.7538461538461538
ESM,1xwy_1_A,260,long,0.5,0.8923076923076924
ESM,1xwy_1_A,260,long,0.2,0.8846153846153846
ESM,1xwy_1_A,260,all,1.0,0.823076923076923
ESM,1xwy_1_A,260,all,0.5,0.9076923076923077
ESM,1xwy_1_A,260,all,0.2,0.9230769230769231
ESM,1y25_1_A,165,short,1.0,0.46060606060606063
ESM,1y25_1_A,165,short,0.5,0.6097560975609756
ESM,1y25_1_A,165,short,0.2,0.7878787878787878
ESM,1y25_1_A,165,medium,1.0,0.5696969696969697
ESM,1y25_1_A,165,medium,0.5,0.6829268292682927
ESM,1y25_1_A,165,medium,0.2,0.8181818181818182
ESM,1y25_1_A,165,long,1.0,0.7515151515151515
ESM,1y25_1_A,165,long,0.5,0.7804878048780488
ESM,1y25_1_A,165,long,0.2,0.7575757575757576
ESM,1y25_1_A,165,all,1.0,0.7696969696969697
ESM,1y25_1_A,165,all,0.5,0.8292682926829268
ESM,1y25_1_A,165,all,0.2,0.8787878787878788
ESM,1y3t_1_B,320,short,1.0,0.15625
ESM,1y3t_1_B,320,short,0.5,0.2125
ESM,1y3t_1_B,320,short,0.2,0.375
ESM,1y3t_1_B,320,medium,1.0,0.34375
ESM,1y3t_1_B,320,medium,0.5,0.4
ESM,1y3t_1_B,320,medium,0.2,0.5625
ESM,1y3t_1_B,320,long,1.0,0.225
ESM,1y3t_1_B,320,long,0.5,0.1875
ESM,1y3t_1_B,320,long,0.2,0.125
ESM,1y3t_1_B,320,all,1.0,0.28125
ESM,1y3t_1_B,320,all,0.5,0.2375
ESM,1y3t_1_B,320,all,0.2,0.125
ESM,1y6z_1_A,242,short,1.0,0.03305785123966942
ESM,1y6z_1_A,242,short,0.5,0.03305785123966942
ESM,1y6z_1_A,242,short,0.2,0.0
ESM,1y6z_1_A,242,medium,1.0,0.05785123966942149
ESM,1y6z_1_A,242,medium,0.5,0.03305785123966942
ESM,1y6z_1_A,242,medium,0.2,0.041666666666666664
ESM,1y6z_1_A,242,long,1.0,0.1487603305785124
ESM,1y6z_1_A,242,long,0.5,0.23140495867768596
ESM,1y6z_1_A,242,long,0.2,0.4166666666666667
ESM,1y6z_1_A,242,all,1.0,0.08264462809917356
ESM,1y6z_1_A,242,all,0.5,0.09917355371900827
ESM,1y6z_1_A,242,all,0.2,0.125
ESM,1ye8_1_A,172,short,1.0,0.2441860465116279
ESM,1ye8_1_A,172,short,0.5,0.32558139534883723
ESM,1ye8_1_A,172,short,0.2,0.5294117647058824
ESM,1ye8_1_A,172,medium,1.0,0.3488372093023256
ESM,1ye8_1_A,172,medium,0.5,0.4883720930232558
ESM,1ye8_1_A,172,medium,0.2,0.7647058823529411
ESM,1ye8_1_A,172,long,1.0,0.7906976744186046
ESM,1ye8_1_A,172,long,0.5,0.813953488372093
ESM,1ye8_1_A,172,long,0.2,0.9411764705882353
ESM,1ye8_1_A,172,all,1.0,0.686046511627907
ESM,1ye8_1_A,172,all,0.5,0.7906976744186046
ESM,1ye8_1_A,172,all,0.2,1.0
ESM,1z9l_1_A,126,short,1.0,0.1111111111111111
ESM,1z9l_1_A,126,short,0.5,0.12698412698412698
ESM,1z9l_1_A,126,short,0.2,0.0
ESM,1z9l_1_A,126,medium,1.0,0.4603174603174603
ESM,1z9l_1_A,126,medium,0.5,0.6825396825396826
ESM,1z9l_1_A,126,medium,0.2,0.84
ESM,1z9l_1_A,126,long,1.0,0.7142857142857143
ESM,1z9l_1_A,126,long,0.5,0.8412698412698413
ESM,1z9l_1_A,126,long,0.2,0.96
ESM,1z9l_1_A,126,all,1.0,0.6031746031746031
ESM,1z9l_1_A,126,all,0.5,0.8412698412698413
ESM,1z9l_1_A,126,all,0.2,1.0
ESM,1ze3_1_B,116,short,1.0,0.41379310344827586
ESM,1ze3_1_B,116,short,0.5,0.4482758620689655
ESM,1ze3_1_B,116,short,0.2,0.6086956521739131
ESM,1ze3_1_B,116,medium,1.0,0.3793103448275862
ESM,1ze3_1_B,116,medium,0.5,0.5862068965517241
ESM,1ze3_1_B,116,medium,0.2,0.9130434782608695
ESM,1ze3_1_B,116,long,1.0,0.1206896551724138
ESM,1ze3_1_B,116,long,0.5,0.1724137931034483
ESM,1ze3_1_B,116,long,0.2,0.34782608695652173
ESM,1ze3_1_B,116,all,1.0,0.5344827586206896
ESM,1ze3_1_B,116,all,0.5,0.6551724137931034
ESM,1ze3_1_B,116,all,0.2,1.0
ESM,1zzm_1_A,259,short,1.0,0.32432432432432434
ESM,1zzm_1_A,259,short,0.5,0.5736434108527132
ESM,1zzm_1_A,259,short,0.2,0.8431372549019608
ESM,1zzm_1_A,259,medium,1.0,0.5173745173745173
ESM,1zzm_1_A,259,medium,0.5,0.6511627906976745
ESM,1zzm_1_A,259,medium,0.2,0.803921568627451
ESM,1zzm_1_A,259,long,1.0,0.7683397683397684
ESM,1zzm_1_A,259,long,0.5,0.8449612403100775
ESM,1zzm_1_A,259,long,0.2,0.8431372549019608
ESM,1zzm_1_A,259,all,1.0,0.8532818532818532
ESM,1zzm_1_A,259,all,0.5,0.9069767441860465
ESM,1zzm_1_A,259,all,0.2,0.9607843137254902
ESM,2a5h_1_B,410,short,1.0,0.1902439024390244
ESM,2a5h_1_B,410,short,0.5,0.25853658536585367
ESM,2a5h_1_B,410,short,0.2,0.3902439024390244
ESM,2a5h_1_B,410,medium,1.0,0.21951219512195122
ESM,2a5h_1_B,410,medium,0.5,0.34146341463414637
ESM,2a5h_1_B,410,medium,0.2,0.5365853658536586
ESM,2a5h_1_B,410,long,1.0,0.6390243902439025
ESM,2a5h_1_B,410,long,0.5,0.7219512195121951
ESM,2a5h_1_B,410,long,0.2,0.8048780487804879
ESM,2a5h_1_B,410,all,1.0,0.5414634146341464
ESM,2a5h_1_B,410,all,0.5,0.7463414634146341
ESM,2a5h_1_B,410,all,0.2,0.8048780487804879
ESM,2a6b_1_A,219,short,1.0,0.1004566210045662
ESM,2a6b_1_A,219,short,0.5,0.12844036697247707
ESM,2a6b_1_A,219,short,0.2,0.23255813953488372
ESM,2a6b_1_A,219,medium,1.0,0.1643835616438356
ESM,2a6b_1_A,219,medium,0.5,0.3119266055045872
ESM,2a6b_1_A,219,medium,0.2,0.4883720930232558
ESM,2a6b_1_A,219,long,1.0,0.5844748858447488
ESM,2a6b_1_A,219,long,0.5,0.7155963302752294
ESM,2a6b_1_A,219,long,0.2,0.7906976744186046
ESM,2a6b_1_A,219,all,1.0,0.502283105022831
ESM,2a6b_1_A,219,all,0.5,0.7155963302752294
ESM,2a6b_1_A,219,all,0.2,0.8604651162790697
ESM,2a6c_1_B,76,short,1.0,0.23684210526315788
ESM,2a6c_1_B,76,short,0.5,0.3157894736842105
ESM,2a6c_1_B,76,short,0.2,0.5333333333333333
ESM,2a6c_1_B,76,medium,1.0,0.13157894736842105
ESM,2a6c_1_B,76,medium,0.5,0.2631578947368421
ESM,2a6c_1_B,76,medium,0.2,0.4
ESM,2a6c_1_B,76,long,1.0,0.5263157894736842
ESM,2a6c_1_B,76,long,0.5,0.5789473684210527
ESM,2a6c_1_B,76,long,0.2,0.6666666666666666
ESM,2a6c_1_B,76,all,1.0,0.5
ESM,2a6c_1_B,76,all,0.5,0.6842105263157895
ESM,2a6c_1_B,76,all,0.2,0.7333333333333333
ESM,2aee_1_B,203,short,1.0,0.3054187192118227
ESM,2aee_1_B,203,short,0.5,0.4752475247524752
ESM,2aee_1_B,203,short,0.2,0.7
ESM,2aee_1_B,203,medium,1.0,0.4827586206896552
ESM,2aee_1_B,203,medium,0.5,0.7821782178217822
ESM,2aee_1_B,203,medium,0.2,0.9
ESM,2aee_1_B,203,long,1.0,0.6403940886699507
ESM,2aee_1_B,203,long,0.5,0.8811881188118812
ESM,2aee_1_B,203,long,0.2,0.9
ESM,2aee_1_B,203,all,1.0,0.812807881773399
ESM,2aee_1_B,203,all,0.5,0.8910891089108911
ESM,2aee_1_B,203,all,0.2,0.95
ESM,2afh_1_E,289,short,1.0,0.1384083044982699
ESM,2afh_1_E,289,short,0.5,0.2222222222222222
ESM,2afh_1_E,289,short,0.2,0.24561403508771928
ESM,2afh_1_E,289,medium,1.0,0.2422145328719723
ESM,2afh_1_E,289,medium,0.5,0.375
ESM,2afh_1_E,289,medium,0.2,0.7017543859649122
ESM,2afh_1_E,289,long,1.0,0.7335640138408305
ESM,2afh_1_E,289,long,0.5,0.8194444444444444
ESM,2afh_1_E,289,long,0.2,0.8947368421052632
ESM,2afh_1_E,289,all,1.0,0.6193771626297578
ESM,2afh_1_E,289,all,0.5,0.7361111111111112
ESM,2afh_1_E,289,all,0.2,0.8245614035087719
ESM,2ahr_1_E,259,short,1.0,0.2702702702702703
ESM,2ahr_1_E,259,short,0.5,0.4573643410852713
ESM,2ahr_1_E,259,short,0.2,0.6862745098039216
ESM,2ahr_1_E,259,medium,1.0,0.5637065637065637
ESM,2ahr_1_E,259,medium,0.5,0.689922480620155
ESM,2ahr_1_E,259,medium,0.2,0.803921568627451
ESM,2ahr_1_E,259,long,1.0,0.5096525096525096
ESM,2ahr_1_E,259,long,0.5,0.5348837209302325
ESM,2ahr_1_E,259,long,0.2,0.7254901960784313
ESM,2ahr_1_E,259,all,1.0,0.6061776061776062
ESM,2ahr_1_E,259,all,0.5,0.7286821705426356
ESM,2ahr_1_E,259,all,0.2,0.8235294117647058
ESM,2ar5_1_A,117,short,1.0,0.2564102564102564
ESM,2ar5_1_A,117,short,0.5,0.3793103448275862
ESM,2ar5_1_A,117,short,0.2,0.43478260869565216
ESM,2ar5_1_A,117,medium,1.0,0.5470085470085471
ESM,2ar5_1_A,117,medium,0.5,0.7241379310344828
ESM,2ar5_1_A,117,medium,0.2,0.9565217391304348
ESM,2ar5_1_A,117,long,1.0,0.5470085470085471
ESM,2ar5_1_A,117,long,0.5,0.6896551724137931
ESM,2ar5_1_A,117,long,0.2,0.8260869565217391
ESM,2ar5_1_A,117,all,1.0,0.6068376068376068
ESM,2ar5_1_A,117,all,0.5,0.6551724137931034
ESM,2ar5_1_A,117,all,0.2,0.7391304347826086
ESM,2atr_1_A,132,short,1.0,0.3181818181818182
ESM,2atr_1_A,132,short,0.5,0.5151515151515151
ESM,2atr_1_A,132,short,0.2,0.6153846153846154
ESM,2atr_1_A,132,medium,1.0,0.4696969696969697
ESM,2atr_1_A,132,medium,0.5,0.5454545454545454
ESM,2atr_1_A,132,medium,0.2,0.7692307692307693
ESM,2atr_1_A,132,long,1.0,0.6666666666666666
ESM,2atr_1_A,132,long,0.5,0.8181818181818182
ESM,2atr_1_A,132,long,0.2,1.0
ESM,2atr_1_A,132,all,1.0,0.696969696969697
ESM,2atr_1_A,132,all,0.5,0.8787878787878788
ESM,2atr_1_A,132,all,0.2,1.0
ESM,2b0a_1_B,186,short,1.0,0.13978494623655913
ESM,2b0a_1_B,186,short,0.5,0.17204301075268819
ESM,2b0a_1_B,186,short,0.2,0.2702702702702703
ESM,2b0a_1_B,186,medium,1.0,0.40860215053763443
ESM,2b0a_1_B,186,medium,0.5,0.5591397849462365
ESM,2b0a_1_B,186,medium,0.2,0.8108108108108109
ESM,2b0a_1_B,186,long,1.0,0.45161290322580644
ESM,2b0a_1_B,186,long,0.5,0.6021505376344086
ESM,2b0a_1_B,186,long,0.2,0.6756756756756757
ESM,2b0a_1_B,186,all,1.0,0.5591397849462365
ESM,2b0a_1_B,186,all,0.5,0.6989247311827957
ESM,2b0a_1_B,186,all,0.2,0.8108108108108109
ESM,2b0c_1_B,199,short,1.0,0.31155778894472363
ESM,2b0c_1_B,199,short,0.5,0.5353535353535354
ESM,2b0c_1_B,199,short,0.2,0.7948717948717948
ESM,2b0c_1_B,199,medium,1.0,0.4321608040201005
ESM,2b0c_1_B,199,medium,0.5,0.6363636363636364
ESM,2b0c_1_B,199,medium,0.2,0.7948717948717948
ESM,2b0c_1_B,199,long,1.0,0.7688442211055276
ESM,2b0c_1_B,199,long,0.5,0.9595959595959596
ESM,2b0c_1_B,199,long,0.2,1.0
ESM,2b0c_1_B,199,all,1.0,0.8793969849246231
ESM,2b0c_1_B,199,all,0.5,0.9393939393939394
ESM,2b0c_1_B,199,all,0.2,1.0
ESM,2b3y_1_A,888,short,1.0,0.10585585585585586
ESM,2b3y_1_A,888,short,0.5,0.12612612612612611
ESM,2b3y_1_A,888,short,0.2,0.1694915254237288
ESM,2b3y_1_A,888,medium,1.0,0.14189189189189189
ESM,2b3y_1_A,888,medium,0.5,0.1981981981981982
ESM,2b3y_1_A,888,medium,0.2,0.3389830508474576
ESM,2b3y_1_A,888,long,1.0,0.3761261261261261
ESM,2b3y_1_A,888,long,0.5,0.509009009009009
ESM,2b3y_1_A,888,long,0.2,0.632768361581921
ESM,2b3y_1_A,888,all,1.0,0.19369369369369369
ESM,2b3y_1_A,888,all,0.5,0.25225225225225223
ESM,2b3y_1_A,888,all,0.2,0.3954802259887006
ESM,2b5w_1_A,357,short,1.0,0.26330532212885155
ESM,2b5w_1_A,357,short,0.5,0.34831460674157305
ESM,2b5w_1_A,357,short,0.2,0.5211267605633803
ESM,2b5w_1_A,357,medium,1.0,0.4257703081232493
ESM,2b5w_1_A,357,medium,0.5,0.6179775280898876
ESM,2b5w_1_A,357,medium,0.2,0.7746478873239436
ESM,2b5w_1_A,357,long,1.0,0.8319327731092437
ESM,2b5w_1_A,357,long,0.5,0.9325842696629213
ESM,2b5w_1_A,357,long,0.2,1.0
ESM,2b5w_1_A,357,all,1.0,0.7899159663865546
ESM,2b5w_1_A,357,all,0.5,0.9101123595505618
ESM,2b5w_1_A,357,all,0.2,0.971830985915493
ESM,2ba2_1_A,81,short,1.0,0.024691358024691357
ESM,2ba2_1_A,81,short,0.5,0.05
ESM,2ba2_1_A,81,short,0.2,0.0
ESM,2ba2_1_A,81,medium,1.0,0.0
ESM,2ba2_1_A,81,medium,0.5,0.0
ESM,2ba2_1_A,81,medium,0.2,0.0
ESM,2ba2_1_A,81,long,1.0,0.0
ESM,2ba2_1_A,81,long,0.5,0.0
ESM,2ba2_1_A,81,long,0.2,0.0
ESM,2ba2_1_A,81,all,1.0,0.024691358024691357
ESM,2ba2_1_A,81,all,0.5,0.05
ESM,2ba2_1_A,81,all,0.2,0.0
ESM,2bdt_1_B,172,short,1.0,0.1511627906976744
ESM,2bdt_1_B,172,short,0.5,0.13953488372093023
ESM,2bdt_1_B,172,short,0.2,0.29411764705882354
ESM,2bdt_1_B,172,medium,1.0,0.27906976744186046
ESM,2bdt_1_B,172,medium,0.5,0.4186046511627907
ESM,2bdt_1_B,172,medium,0.2,0.5882352941176471
ESM,2bdt_1_B,172,long,1.0,0.7674418604651163
ESM,2bdt_1_B,172,long,0.5,0.9069767441860465
ESM,2bdt_1_B,172,long,0.2,0.9411764705882353
ESM,2bdt_1_B,172,all,1.0,0.6046511627906976
ESM,2bdt_1_B,172,all,0.5,0.7441860465116279
ESM,2bdt_1_B,172,all,0.2,0.5882352941176471
ESM,2bl0_1_A,63,short,1.0,0.031746031746031744
ESM,2bl0_1_A,63,short,0.5,0.06451612903225806
ESM,2bl0_1_A,63,short,0.2,0.16666666666666666
ESM,2bl0_1_A,63,medium,1.0,0.0
ESM,2bl0_1_A,63,medium,0.5,0.0
ESM,2bl0_1_A,63,medium,0.2,0.0
ESM,2bl0_1_A,63,long,1.0,0.0
ESM,2bl0_1_A,63,long,0.5,0.0
ESM,2bl0_1_A,63,long,0.2,0.0
ESM,2bl0_1_A,63,all,1.0,0.031746031746031744
ESM,2bl0_1_A,63,all,0.5,0.06451612903225806
ESM,2bl0_1_A,63,all,0.2,0.16666666666666666
ESM,2ca9_1_B,139,short,1.0,0.18705035971223022
ESM,2ca9_1_B,139,short,0.5,0.2318840579710145
ESM,2ca9_1_B,139,short,0.2,0.2222222222222222
ESM,2ca9_1_B,139,medium,1.0,0.302158273381295
ESM,2ca9_1_B,139,medium,0.5,0.34782608695652173
ESM,2ca9_1_B,139,medium,0.2,0.5185185185185185
ESM,2ca9_1_B,139,long,1.0,0.5899280575539568
ESM,2ca9_1_B,139,long,0.5,0.5797101449275363
ESM,2ca9_1_B,139,long,0.2,0.6666666666666666
ESM,2ca9_1_B,139,all,1.0,0.38848920863309355
ESM,2ca9_1_B,139,all,0.5,0.43478260869565216
ESM,2ca9_1_B,139,all,0.2,0.4444444444444444
ESM,2d7v_1_B,154,short,1.0,0.23376623376623376
ESM,2d7v_1_B,154,short,0.5,0.33766233766233766
ESM,2d7v_1_B,154,short,0.2,0.4666666666666667
ESM,2d7v_1_B,154,medium,1.0,0.3116883116883117
ESM,2d7v_1_B,154,medium,0.5,0.5194805194805194
ESM,2d7v_1_B,154,medium,0.2,0.8
ESM,2d7v_1_B,154,long,1.0,0.5974025974025974
ESM,2d7v_1_B,154,long,0.5,0.6623376623376623
ESM,2d7v_1_B,154,long,0.2,0.6666666666666666
ESM,2d7v_1_B,154,all,1.0,0.5974025974025974
ESM,2d7v_1_B,154,all,0.5,0.6883116883116883
ESM,2d7v_1_B,154,all,0.2,0.6666666666666666
ESM,2e11_1_B,265,short,1.0,0.33962264150943394
ESM,2e11_1_B,265,short,0.5,0.48484848484848486
ESM,2e11_1_B,265,short,0.2,0.7547169811320755
ESM,2e11_1_B,265,medium,1.0,0.41132075471698115
ESM,2e11_1_B,265,medium,0.5,0.5606060606060606
ESM,2e11_1_B,265,medium,0.2,0.6981132075471698
ESM,2e11_1_B,265,long,1.0,0.7773584905660378
ESM,2e11_1_B,265,long,0.5,0.803030303030303
ESM,2e11_1_B,265,long,0.2,0.8490566037735849
ESM,2e11_1_B,265,all,1.0,0.7962264150943397
ESM,2e11_1_B,265,all,0.5,0.8181818181818182
ESM,2e11_1_B,265,all,0.2,0.7358490566037735
ESM,2ebj_1_A,192,short,1.0,0.23958333333333334
ESM,2ebj_1_A,192,short,0.5,0.3541666666666667
ESM,2ebj_1_A,192,short,0.2,0.47368421052631576
ESM,2ebj_1_A,192,medium,1.0,0.2604166666666667
ESM,2ebj_1_A,192,medium,0.5,0.4375
ESM,2ebj_1_A,192,medium,0.2,0.631578947368421
ESM,2ebj_1_A,192,long,1.0,0.8229166666666666
ESM,2ebj_1_A,192,long,0.5,0.9375
ESM,2ebj_1_A,192,long,0.2,1.0
ESM,2ebj_1_A,192,all,1.0,0.8125
ESM,2ebj_1_A,192,all,0.5,0.8958333333333334
ESM,2ebj_1_A,192,all,0.2,1.0
ESM,2f06_1_A,144,short,1.0,0.3055555555555556
ESM,2f06_1_A,144,short,0.5,0.3888888888888889
ESM,2f06_1_A,144,short,0.2,0.35714285714285715
ESM,2f06_1_A,144,medium,1.0,0.2222222222222222
ESM,2f06_1_A,144,medium,0.5,0.2777777777777778
ESM,2f06_1_A,144,medium,0.2,0.5
ESM,2f06_1_A,144,long,1.0,0.6944444444444444
ESM,2f06_1_A,144,long,0.5,0.9166666666666666
ESM,2f06_1_A,144,long,0.2,1.0
ESM,2f06_1_A,144,all,1.0,0.6944444444444444
ESM,2f06_1_A,144,all,0.5,0.7777777777777778
ESM,2f06_1_A,144,all,0.2,0.7142857142857143
ESM,2f1l_1_B,164,short,1.0,0.36585365853658536
ESM,2f1l_1_B,164,short,0.5,0.43902439024390244
ESM,2f1l_1_B,164,short,0.2,0.4375
ESM,2f1l_1_B,164,medium,1.0,0.43902439024390244
ESM,2f1l_1_B,164,medium,0.5,0.43902439024390244
ESM,2f1l_1_B,164,medium,0.2,0.3125
ESM,2f1l_1_B,164,long,1.0,0.5365853658536586
ESM,2f1l_1_B,164,long,0.5,0.7317073170731707
ESM,2f1l_1_B,164,long,0.2,0.875
ESM,2f1l_1_B,164,all,1.0,0.524390243902439
ESM,2f1l_1_B,164,all,0.5,0.4878048780487805
ESM,2f1l_1_B,164,all,0.2,0.375
ESM,2f20_1_A,233,short,1.0,0.27467811158798283
ESM,2f20_1_A,233,short,0.5,0.39655172413793105
ESM,2f20_1_A,233,short,0.2,0.5217391304347826
ESM,2f20_1_A,233,medium,1.0,0.33476394849785407
ESM,2f20_1_A,233,medium,0.5,0.3620689655172414
ESM,2f20_1_A,233,medium,0.2,0.43478260869565216
ESM,2f20_1_A,233,long,1.0,0.36909871244635195
ESM,2f20_1_A,233,long,0.5,0.5
ESM,2f20_1_A,233,long,0.2,0.6086956521739131
ESM,2f20_1_A,233,all,1.0,0.3605150214592275
ESM,2f20_1_A,233,all,0.5,0.4827586206896552
ESM,2f20_1_A,233,all,0.2,0.5652173913043478
ESM,2f4w_1_A,147,short,1.0,0.10884353741496598
ESM,2f4w_1_A,147,short,0.5,0.136986301369863
ESM,2f4w_1_A,147,short,0.2,0.13793103448275862
ESM,2f4w_1_A,147,medium,1.0,0.3673469387755102
ESM,2f4w_1_A,147,medium,0.5,0.6301369863013698
ESM,2f4w_1_A,147,medium,0.2,0.9310344827586207
ESM,2f4w_1_A,147,long,1.0,0.3401360544217687
ESM,2f4w_1_A,147,long,0.5,0.5068493150684932
ESM,2f4w_1_A,147,long,0.2,0.4482758620689655
ESM,2f4w_1_A,147,all,1.0,0.35374149659863946
ESM,2f4w_1_A,147,all,0.5,0.5068493150684932
ESM,2f4w_1_A,147,all,0.2,0.8620689655172413
ESM,2f6k_1_A,306,short,1.0,0.16339869281045752
ESM,2f6k_1_A,306,short,0.5,0.3006535947712418
ESM,2f6k_1_A,306,short,0.2,0.5737704918032787
ESM,2f6k_1_A,306,medium,1.0,0.3202614379084967
ESM,2f6k_1_A,306,medium,0.5,0.5098039215686274
ESM,2f6k_1_A,306,medium,0.2,0.7377049180327869
ESM,2f6k_1_A,306,long,1.0,0.6470588235294118
ESM,2f6k_1_A,306,long,0.5,0.7973856209150327
ESM,2f6k_1_A,306,long,0.2,0.8688524590163934
ESM,2f6k_1_A,306,all,1.0,0.6993464052287581
ESM,2f6k_1_A,306,all,0.5,0.8431372549019608
ESM,2f6k_1_A,306,all,0.2,0.8688524590163934
ESM,2fqz_1_B,293,short,1.0,0.08873720136518772
ESM,2fqz_1_B,293,short,0.5,0.1232876712328767
ESM,2fqz_1_B,293,short,0.2,0.1724137931034483
ESM,2fqz_1_B,293,medium,1.0,0.28668941979522183
ESM,2fqz_1_B,293,medium,0.5,0.410958904109589
ESM,2fqz_1_B,293,medium,0.2,0.7931034482758621
ESM,2fqz_1_B,293,long,1.0,0.32764505119453924
ESM,2fqz_1_B,293,long,0.5,0.4794520547945205
ESM,2fqz_1_B,293,long,0.2,0.6551724137931034
ESM,2fqz_1_B,293,all,1.0,0.3412969283276451
ESM,2fqz_1_B,293,all,0.5,0.3972602739726027
ESM,2fqz_1_B,293,all,0.2,0.5862068965517241
ESM,2fr7_1_A,397,short,1.0,0.24181360201511334
ESM,2fr7_1_A,397,short,0.5,0.31313131313131315
ESM,2fr7_1_A,397,short,0.2,0.5822784810126582
ESM,2fr7_1_A,397,medium,1.0,0.2972292191435768
ESM,2fr7_1_A,397,medium,0.5,0.40404040404040403
ESM,2fr7_1_A,397,medium,0.2,0.5822784810126582
ESM,2fr7_1_A,397,long,1.0,0.6624685138539043
ESM,2fr7_1_A,397,long,0.5,0.797979797979798
ESM,2fr7_1_A,397,long,0.2,1.0
ESM,2fr7_1_A,397,all,1.0,0.6801007556675063
ESM,2fr7_1_A,397,all,0.5,0.8585858585858586
ESM,2fr7_1_A,397,all,0.2,0.9493670886075949
ESM,2fz4_1_A,206,short,1.0,0.33980582524271846
ESM,2fz4_1_A,206,short,0.5,0.4854368932038835
ESM,2fz4_1_A,206,short,0.2,0.8048780487804879
ESM,2fz4_1_A,206,medium,1.0,0.42718446601941745
ESM,2fz4_1_A,206,medium,0.5,0.5922330097087378
ESM,2fz4_1_A,206,medium,0.2,0.7560975609756098
ESM,2fz4_1_A,206,long,1.0,0.6601941747572816
ESM,2fz4_1_A,206,long,0.5,0.7961165048543689
ESM,2fz4_1_A,206,long,0.2,0.8536585365853658
ESM,2fz4_1_A,206,all,1.0,0.7572815533980582
ESM,2fz4_1_A,206,all,0.5,0.883495145631068
ESM,2fz4_1_A,206,all,0.2,0.9024390243902439
ESM,2gc9_1_A,178,short,1.0,0.30337078651685395
ESM,2gc9_1_A,178,short,0.5,0.3146067415730337
ESM,2gc9_1_A,178,short,0.2,0.3142857142857143
ESM,2gc9_1_A,178,medium,1.0,0.21348314606741572
ESM,2gc9_1_A,178,medium,0.5,0.2808988764044944
ESM,2gc9_1_A,178,medium,0.2,0.2857142857142857
ESM,2gc9_1_A,178,long,1.0,0.02247191011235955
ESM,2gc9_1_A,178,long,0.5,0.02247191011235955
ESM,2gc9_1_A,178,long,0.2,0.05714285714285714
ESM,2gc9_1_A,178,all,1.0,0.30337078651685395
ESM,2gc9_1_A,178,all,0.5,0.3595505617977528
ESM,2gc9_1_A,178,all,0.2,0.3142857142857143
ESM,2h0e_1_A,112,short,1.0,0.26785714285714285
ESM,2h0e_1_A,112,short,0.5,0.42857142857142855
ESM,2h0e_1_A,112,short,0.2,0.7272727272727273
ESM,2h0e_1_A,112,medium,1.0,0.5535714285714286
ESM,2h0e_1_A,112,medium,0.5,0.7142857142857143
ESM,2h0e_1_A,112,medium,0.2,0.9090909090909091
ESM,2h0e_1_A,112,long,1.0,0.7321428571428571
ESM,2h0e_1_A,112,long,0.5,0.7857142857142857
ESM,2h0e_1_A,112,long,0.2,0.9090909090909091
ESM,2h0e_1_A,112,all,1.0,0.7678571428571429
ESM,2h0e_1_A,112,all,0.5,0.8571428571428571
ESM,2h0e_1_A,112,all,0.2,1.0
ESM,2h7z_1_A,75,short,1.0,0.37333333333333335
ESM,2h7z_1_A,75,short,0.5,0.5945945945945946
ESM,2h7z_1_A,75,short,0.2,0.8
ESM,2h7z_1_A,75,medium,1.0,0.37333333333333335
ESM,2h7z_1_A,75,medium,0.5,0.6486486486486487
ESM,2h7z_1_A,75,medium,0.2,0.6
ESM,2h7z_1_A,75,long,1.0,0.5866666666666667
ESM,2h7z_1_A,75,long,0.5,0.918918918918919
ESM,2h7z_1_A,75,long,0.2,1.0
ESM,2h7z_1_A,75,all,1.0,0.64
ESM,2h7z_1_A,75,all,0.5,0.6486486486486487
ESM,2h7z_1_A,75,all,0.2,0.9333333333333333
ESM,2h9a_1_A,383,short,1.0,0.13054830287206268
ESM,2h9a_1_A,383,short,0.5,0.15706806282722513
ESM,2h9a_1_A,383,short,0.2,0.13157894736842105
ESM,2h9a_1_A,383,medium,1.0,0.3394255874673629
ESM,2h9a_1_A,383,medium,0.5,0.39790575916230364
ESM,2h9a_1_A,383,medium,0.2,0.42105263157894735
ESM,2h9a_1_A,383,long,1.0,0.5378590078328982
ESM,2h9a_1_A,383,long,0.5,0.6649214659685864
ESM,2h9a_1_A,383,long,0.2,0.8421052631578947
ESM,2h9a_1_A,383,all,1.0,0.4308093994778068
ESM,2h9a_1_A,383,all,0.5,0.418848167539267
ESM,2h9a_1_A,383,all,0.2,0.4473684210526316
ESM,2hdo_1_A,207,short,1.0,0.33816425120772947
ESM,2hdo_1_A,207,short,0.5,0.5242718446601942
ESM,2hdo_1_A,207,short,0.2,0.7804878048780488
ESM,2hdo_1_A,207,medium,1.0,0.5845410628019324
ESM,2hdo_1_A,207,medium,0.5,0.7378640776699029
ESM,2hdo_1_A,207,medium,0.2,0.9024390243902439
ESM,2hdo_1_A,207,long,1.0,0.7198067632850241
ESM,2hdo_1_A,207,long,0.5,0.8640776699029126
ESM,2hdo_1_A,207,long,0.2,0.926829268292683
ESM,2hdo_1_A,207,all,1.0,0.8454106280193237
ESM,2hdo_1_A,207,all,0.5,0.9223300970873787
ESM,2hdo_1_A,207,all,0.2,1.0
ESM,2hi0_1_A,240,short,1.0,0.3416666666666667
ESM,2hi0_1_A,240,short,0.5,0.55
ESM,2hi0_1_A,240,short,0.2,0.8333333333333334
ESM,2hi0_1_A,240,medium,1.0,0.5
ESM,2hi0_1_A,240,medium,0.5,0.65
ESM,2hi0_1_A,240,medium,0.2,0.875
ESM,2hi0_1_A,240,long,1.0,0.8083333333333333
ESM,2hi0_1_A,240,long,0.5,0.8833333333333333
ESM,2hi0_1_A,240,long,0.2,1.0
ESM,2hi0_1_A,240,all,1.0,0.875
ESM,2hi0_1_A,240,all,0.5,0.9333333333333333
ESM,2hi0_1_A,240,all,0.2,1.0
ESM,2hj9_1_C,210,short,1.0,0.24761904761904763
ESM,2hj9_1_C,210,short,0.5,0.21904761904761905
ESM,2hj9_1_C,210,short,0.2,0.19047619047619047
ESM,2hj9_1_C,210,medium,1.0,0.2
ESM,2hj9_1_C,210,medium,0.5,0.20952380952380953
ESM,2hj9_1_C,210,medium,0.2,0.38095238095238093
ESM,2hj9_1_C,210,long,1.0,0.1619047619047619
ESM,2hj9_1_C,210,long,0.5,0.22857142857142856
ESM,2hj9_1_C,210,long,0.2,0.23809523809523808
ESM,2hj9_1_C,210,all,1.0,0.29523809523809524
ESM,2hj9_1_C,210,all,0.5,0.22857142857142856
ESM,2hj9_1_C,210,all,0.2,0.3333333333333333
ESM,2hlh_1_A,286,short,1.0,0.11888111888111888
ESM,2hlh_1_A,286,short,0.5,0.1258741258741259
ESM,2hlh_1_A,286,short,0.2,0.15789473684210525
ESM,2hlh_1_A,286,medium,1.0,0.36363636363636365
ESM,2hlh_1_A,286,medium,0.5,0.5314685314685315
ESM,2hlh_1_A,286,medium,0.2,0.7017543859649122
ESM,2hlh_1_A,286,long,1.0,0.6293706293706294
ESM,2hlh_1_A,286,long,0.5,0.7342657342657343
ESM,2hlh_1_A,286,long,0.2,0.8947368421052632
ESM,2hlh_1_A,286,all,1.0,0.4825174825174825
ESM,2hlh_1_A,286,all,0.5,0.6223776223776224
ESM,2hlh_1_A,286,all,0.2,0.7192982456140351
ESM,2hnh_1_A,910,short,1.0,0.22857142857142856
ESM,2hnh_1_A,910,short,0.5,0.33406593406593404
ESM,2hnh_1_A,910,short,0.2,0.4945054945054945
ESM,2hnh_1_A,910,medium,1.0,0.27912087912087913
ESM,2hnh_1_A,910,medium,0.5,0.43956043956043955
ESM,2hnh_1_A,910,medium,0.2,0.6483516483516484
ESM,2hnh_1_A,910,long,1.0,0.4835164835164835
ESM,2hnh_1_A,910,long,0.5,0.5912087912087912
ESM,2hnh_1_A,910,long,0.2,0.6923076923076923
ESM,2hnh_1_A,910,all,1.0,0.5186813186813187
ESM,2hnh_1_A,910,all,0.5,0.621978021978022
ESM,2hnh_1_A,910,all,0.2,0.7692307692307693
ESM,2hr7_1_B,464,short,1.0,0.2543103448275862
ESM,2hr7_1_B,464,short,0.5,0.27586206896551724
ESM,2hr7_1_B,464,short,0.2,0.2826086956521739
ESM,2hr7_1_B,464,medium,1.0,0.2672413793103448
ESM,2hr7_1_B,464,medium,0.5,0.3017241379310345
ESM,2hr7_1_B,464,medium,0.2,0.43478260869565216
ESM,2hr7_1_B,464,long,1.0,0.6810344827586207
ESM,2hr7_1_B,464,long,0.5,0.8362068965517241
ESM,2hr7_1_B,464,long,0.2,0.9130434782608695
ESM,2hr7_1_B,464,all,1.0,0.4827586206896552
ESM,2hr7_1_B,464,all,0.5,0.5775862068965517
ESM,2hr7_1_B,464,all,0.2,0.6956521739130435
ESM,2hzr_1_A,161,short,1.0,0.34782608695652173
ESM,2hzr_1_A,161,short,0.5,0.425
ESM,2hzr_1_A,161,short,0.2,0.625
ESM,2hzr_1_A,161,medium,1.0,0.39751552795031053
ESM,2hzr_1_A,161,medium,0.5,0.55
ESM,2hzr_1_A,161,medium,0.2,0.8125
ESM,2hzr_1_A,161,long,1.0,0.35403726708074534
ESM,2hzr_1_A,161,long,0.5,0.45
ESM,2hzr_1_A,161,long,0.2,0.625
ESM,2hzr_1_A,161,all,1.0,0.5590062111801242
ESM,2hzr_1_A,161,all,0.5,0.7
ESM,2hzr_1_A,161,all,0.2,0.875
ESM,2i3o_1_B,503,short,1.0,0.22266401590457258
ESM,2i3o_1_B,503,short,0.5,0.3187250996015936
ESM,2i3o_1_B,503,short,0.2,0.52
ESM,2i3o_1_B,503,medium,1.0,0.33399602385685884
ESM,2i3o_1_B,503,medium,0.5,0.4860557768924303
ESM,2i3o_1_B,503,medium,0.2,0.62
ESM,2i3o_1_B,503,long,1.0,0.48111332007952284
ESM,2i3o_1_B,503,long,0.5,0.6374501992031872
ESM,2i3o_1_B,503,long,0.2,0.74
ESM,2i3o_1_B,503,all,1.0,0.45129224652087474
ESM,2i3o_1_B,503,all,0.5,0.549800796812749
ESM,2i3o_1_B,503,all,0.2,0.74
ESM,2i6d_1_A,251,short,1.0,0.1752988047808765
ESM,2i6d_1_A,251,short,0.5,0.272
ESM,2i6d_1_A,251,short,0.2,0.48
ESM,2i6d_1_A,251,medium,1.0,0.4701195219123506
ESM,2i6d_1_A,251,medium,0.5,0.632
ESM,2i6d_1_A,251,medium,0.2,0.76
ESM,2i6d_1_A,251,long,1.0,0.8167330677290837
ESM,2i6d_1_A,251,long,0.5,0.904
ESM,2i6d_1_A,251,long,0.2,1.0
ESM,2i6d_1_A,251,all,1.0,0.8127490039840638
ESM,2i6d_1_A,251,all,0.5,0.856
ESM,2i6d_1_A,251,all,0.2,1.0
ESM,2i6t_1_C,280,short,1.0,0.15714285714285714
ESM,2i6t_1_C,280,short,0.5,0.17142857142857143
ESM,2i6t_1_C,280,short,0.2,0.17857142857142858
ESM,2i6t_1_C,280,medium,1.0,0.4
ESM,2i6t_1_C,280,medium,0.5,0.5142857142857142
ESM,2i6t_1_C,280,medium,0.2,0.7857142857142857
ESM,2i6t_1_C,280,long,1.0,0.7142857142857143
ESM,2i6t_1_C,280,long,0.5,0.8428571428571429
ESM,2i6t_1_C,280,long,0.2,0.8928571428571429
ESM,2i6t_1_C,280,all,1.0,0.6071428571428571
ESM,2i6t_1_C,280,all,0.5,0.7142857142857143
ESM,2i6t_1_C,280,all,0.2,0.8214285714285714
ESM,2i7r_1_B,115,short,1.0,0.46956521739130436
ESM,2i7r_1_B,115,short,0.5,0.8421052631578947
ESM,2i7r_1_B,115,short,0.2,1.0
ESM,2i7r_1_B,115,medium,1.0,0.5739130434782609
ESM,2i7r_1_B,115,medium,0.5,0.7894736842105263
ESM,2i7r_1_B,115,medium,0.2,0.7391304347826086
ESM,2i7r_1_B,115,long,1.0,0.5478260869565217
ESM,2i7r_1_B,115,long,0.5,0.5964912280701754
ESM,2i7r_1_B,115,long,0.2,0.8260869565217391
ESM,2i7r_1_B,115,all,1.0,0.8434782608695652
ESM,2i7r_1_B,115,all,0.5,0.8947368421052632
ESM,2i7r_1_B,115,all,0.2,0.782608695652174
ESM,2i88_1_A,178,short,1.0,0.056179775280898875
ESM,2i88_1_A,178,short,0.5,0.11235955056179775
ESM,2i88_1_A,178,short,0.2,0.05714285714285714
ESM,2i88_1_A,178,medium,1.0,0.1348314606741573
ESM,2i88_1_A,178,medium,0.5,0.1348314606741573
ESM,2i88_1_A,178,medium,0.2,0.2
ESM,2i88_1_A,178,long,1.0,0.033707865168539325
ESM,2i88_1_A,178,long,0.5,0.02247191011235955
ESM,2i88_1_A,178,long,0.2,0.0
ESM,2i88_1_A,178,all,1.0,0.06741573033707865
ESM,2i88_1_A,178,all,0.5,0.1348314606741573
ESM,2i88_1_A,178,all,0.2,0.05714285714285714
ESM,2ihr_1_A,351,short,1.0,0.06837606837606838
ESM,2ihr_1_A,351,short,0.5,0.11428571428571428
ESM,2ihr_1_A,351,short,0.2,0.17142857142857143
ESM,2ihr_1_A,351,medium,1.0,0.22792022792022792
ESM,2ihr_1_A,351,medium,0.5,0.2914285714285714
ESM,2ihr_1_A,351,medium,0.2,0.37142857142857144
ESM,2ihr_1_A,351,long,1.0,0.35327635327635326
ESM,2ihr_1_A,351,long,0.5,0.44
ESM,2ihr_1_A,351,long,0.2,0.4857142857142857
ESM,2ihr_1_A,351,all,1.0,0.2336182336182336
ESM,2ihr_1_A,351,all,0.5,0.32
ESM,2ihr_1_A,351,all,0.2,0.4
ESM,2in3_1_A,204,short,1.0,0.3333333333333333
ESM,2in3_1_A,204,short,0.5,0.47058823529411764
ESM,2in3_1_A,204,short,0.2,0.7
ESM,2in3_1_A,204,medium,1.0,0.39215686274509803
ESM,2in3_1_A,204,medium,0.5,0.5686274509803921
ESM,2in3_1_A,204,medium,0.2,0.85
ESM,2in3_1_A,204,long,1.0,0.7058823529411765
ESM,2in3_1_A,204,long,0.5,0.8431372549019608
ESM,2in3_1_A,204,long,0.2,0.9
ESM,2in3_1_A,204,all,1.0,0.8137254901960784
ESM,2in3_1_A,204,all,0.5,0.8431372549019608
ESM,2in3_1_A,204,all,0.2,0.9
ESM,2iya_1_A,392,short,1.0,0.17857142857142858
ESM,2iya_1_A,392,short,0.5,0.2857142857142857
ESM,2iya_1_A,392,short,0.2,0.5897435897435898
ESM,2iya_1_A,392,medium,1.0,0.6326530612244898
ESM,2iya_1_A,392,medium,0.5,0.826530612244898
ESM,2iya_1_A,392,medium,0.2,0.9487179487179487
ESM,2iya_1_A,392,long,1.0,0.7346938775510204
ESM,2iya_1_A,392,long,0.5,0.8673469387755102
ESM,2iya_1_A,392,long,0.2,0.8461538461538461
ESM,2iya_1_A,392,all,1.0,0.8316326530612245
ESM,2iya_1_A,392,all,0.5,0.8673469387755102
ESM,2iya_1_A,392,all,0.2,0.8974358974358975
ESM,2j3t_1_C,141,short,1.0,0.1347517730496454
ESM,2j3t_1_C,141,short,0.5,0.2571428571428571
ESM,2j3t_1_C,141,short,0.2,0.42857142857142855
ESM,2j3t_1_C,141,medium,1.0,0.28368794326241137
ESM,2j3t_1_C,141,medium,0.5,0.45714285714285713
ESM,2j3t_1_C,141,medium,0.2,0.6428571428571429
ESM,2j3t_1_C,141,long,1.0,0.48936170212765956
ESM,2j3t_1_C,141,long,0.5,0.6285714285714286
ESM,2j3t_1_C,141,long,0.2,0.8571428571428571
ESM,2j3t_1_C,141,all,1.0,0.4326241134751773
ESM,2j3t_1_C,141,all,0.5,0.6285714285714286
ESM,2j3t_1_C,141,all,0.2,0.7857142857142857
ESM,2j3v_1_A,430,short,1.0,0.13023255813953488
ESM,2j3v_1_A,430,short,0.5,0.16744186046511628
ESM,2j3v_1_A,430,short,0.2,0.13953488372093023
ESM,2j3v_1_A,430,medium,1.0,0.22325581395348837
ESM,2j3v_1_A,430,medium,0.5,0.31627906976744186
ESM,2j3v_1_A,430,medium,0.2,0.3488372093023256
ESM,2j3v_1_A,430,long,1.0,0.31627906976744186
ESM,2j3v_1_A,430,long,0.5,0.31627906976744186
ESM,2j3v_1_A,430,long,0.2,0.37209302325581395
ESM,2j3v_1_A,430,all,1.0,0.26976744186046514
ESM,2j3v_1_A,430,all,0.5,0.3023255813953488
ESM,2j3v_1_A,430,all,0.2,0.3023255813953488
ESM,2j7j_1_B,85,short,1.0,0.3764705882352941
ESM,2j7j_1_B,85,short,0.5,0.5714285714285714
ESM,2j7j_1_B,85,short,0.2,0.7647058823529411
ESM,2j7j_1_B,85,medium,1.0,0.5647058823529412
ESM,2j7j_1_B,85,medium,0.5,0.7142857142857143
ESM,2j7j_1_B,85,medium,0.2,0.7647058823529411
ESM,2j7j_1_B,85,long,1.0,0.0
ESM,2j7j_1_B,85,long,0.5,0.0
ESM,2j7j_1_B,85,long,0.2,0.0
ESM,2j7j_1_B,85,all,1.0,0.611764705882353
ESM,2j7j_1_B,85,all,0.5,0.7619047619047619
ESM,2j7j_1_B,85,all,0.2,0.8823529411764706
ESM,2jjq_1_A,392,short,1.0,0.3520408163265306
ESM,2jjq_1_A,392,short,0.5,0.41836734693877553
ESM,2jjq_1_A,392,short,0.2,0.5897435897435898
ESM,2jjq_1_A,392,medium,1.0,0.5204081632653061
ESM,2jjq_1_A,392,medium,0.5,0.673469387755102
ESM,2jjq_1_A,392,medium,0.2,0.8974358974358975
ESM,2jjq_1_A,392,long,1.0,0.673469387755102
ESM,2jjq_1_A,392,long,0.5,0.8469387755102041
ESM,2jjq_1_A,392,long,0.2,0.9230769230769231
ESM,2jjq_1_A,392,all,1.0,0.7551020408163265
ESM,2jjq_1_A,392,all,0.5,0.8673469387755102
ESM,2jjq_1_A,392,all,0.2,0.8974358974358975
ESM,2jkd_1_A,149,short,1.0,0.22818791946308725
ESM,2jkd_1_A,149,short,0.5,0.32432432432432434
ESM,2jkd_1_A,149,short,0.2,0.1724137931034483
ESM,2jkd_1_A,149,medium,1.0,0.7114093959731543
ESM,2jkd_1_A,149,medium,0.5,0.8378378378378378
ESM,2jkd_1_A,149,medium,0.2,0.9310344827586207
ESM,2jkd_1_A,149,long,1.0,0.6040268456375839
ESM,2jkd_1_A,149,long,0.5,0.7297297297297297
ESM,2jkd_1_A,149,long,0.2,0.7931034482758621
ESM,2jkd_1_A,149,all,1.0,0.5771812080536913
ESM,2jkd_1_A,149,all,0.5,0.6216216216216216
ESM,2jkd_1_A,149,all,0.2,0.5517241379310345
ESM,2nrw_1_A,204,short,1.0,0.3137254901960784
ESM,2nrw_1_A,204,short,0.5,0.4117647058823529
ESM,2nrw_1_A,204,short,0.2,0.65
ESM,2nrw_1_A,204,medium,1.0,0.4411764705882353
ESM,2nrw_1_A,204,medium,0.5,0.6078431372549019
ESM,2nrw_1_A,204,medium,0.2,0.9
ESM,2nrw_1_A,204,long,1.0,0.6666666666666666
ESM,2nrw_1_A,204,long,0.5,0.8823529411764706
ESM,2nrw_1_A,204,long,0.2,0.85
ESM,2nrw_1_A,204,all,1.0,0.6568627450980392
ESM,2nrw_1_A,204,all,0.5,0.7843137254901961
ESM,2nrw_1_A,204,all,0.2,0.85
ESM,2nwu_1_A,131,short,1.0,0.07633587786259542
ESM,2nwu_1_A,131,short,0.5,0.09230769230769231
ESM,2nwu_1_A,131,short,0.2,0.15384615384615385
ESM,2nwu_1_A,131,medium,1.0,0.13740458015267176
ESM,2nwu_1_A,131,medium,0.5,0.2153846153846154
ESM,2nwu_1_A,131,medium,0.2,0.3076923076923077
ESM,2nwu_1_A,131,long,1.0,0.061068702290076333
ESM,2nwu_1_A,131,long,0.5,0.09230769230769231
ESM,2nwu_1_A,131,long,0.2,0.07692307692307693
ESM,2nwu_1_A,131,all,1.0,0.15267175572519084
ESM,2nwu_1_A,131,all,0.5,0.15384615384615385
ESM,2nwu_1_A,131,all,0.2,0.15384615384615385
ESM,2o1c_1_A,147,short,1.0,0.2925170068027211
ESM,2o1c_1_A,147,short,0.5,0.410958904109589
ESM,2o1c_1_A,147,short,0.2,0.4482758620689655
ESM,2o1c_1_A,147,medium,1.0,0.29931972789115646
ESM,2o1c_1_A,147,medium,0.5,0.3561643835616438
ESM,2o1c_1_A,147,medium,0.2,0.4827586206896552
ESM,2o1c_1_A,147,long,1.0,0.7482993197278912
ESM,2o1c_1_A,147,long,0.5,0.9452054794520548
ESM,2o1c_1_A,147,long,0.2,0.9310344827586207
ESM,2o1c_1_A,147,all,1.0,0.6802721088435374
ESM,2o1c_1_A,147,all,0.5,0.726027397260274
ESM,2o1c_1_A,147,all,0.2,0.6896551724137931
ESM,2o2y_1_C,293,short,1.0,0.10238907849829351
ESM,2o2y_1_C,293,short,0.5,0.0821917808219178
ESM,2o2y_1_C,293,short,0.2,0.10344827586206896
ESM,2o2y_1_C,293,medium,1.0,0.21843003412969283
ESM,2o2y_1_C,293,medium,0.5,0.3150684931506849
ESM,2o2y_1_C,293,medium,0.2,0.5172413793103449
ESM,2o2y_1_C,293,long,1.0,0.8088737201365188
ESM,2o2y_1_C,293,long,0.5,0.9452054794520548
ESM,2o2y_1_C,293,long,0.2,0.9655172413793104
ESM,2o2y_1_C,293,all,1.0,0.6791808873720137
ESM,2o2y_1_C,293,all,0.5,0.7808219178082192
ESM,2o2y_1_C,293,all,0.2,0.9310344827586207
ESM,2o4x_1_B,87,short,1.0,0.367816091954023
ESM,2o4x_1_B,87,short,0.5,0.6046511627906976
ESM,2o4x_1_B,87,short,0.2,0.8235294117647058
ESM,2o4x_1_B,87,medium,1.0,0.7701149425287356
ESM,2o4x_1_B,87,medium,0.5,0.9534883720930233
ESM,2o4x_1_B,87,medium,0.2,1.0
ESM,2o4x_1_B,87,long,1.0,0.39080459770114945
ESM,2o4x_1_B,87,long,0.5,0.4883720930232558
ESM,2o4x_1_B,87,long,0.2,0.5882352941176471
ESM,2o4x_1_B,87,all,1.0,0.7126436781609196
ESM,2o4x_1_B,87,all,0.5,0.8372093023255814
ESM,2o4x_1_B,87,all,0.2,1.0
ESM,2o8q_1_A,122,short,1.0,0.09836065573770492
ESM,2o8q_1_A,122,short,0.5,0.13114754098360656
ESM,2o8q_1_A,122,short,0.2,0.25
ESM,2o8q_1_A,122,medium,1.0,0.39344262295081966
ESM,2o8q_1_A,122,medium,0.5,0.6557377049180327
ESM,2o8q_1_A,122,medium,0.2,0.8333333333333334
ESM,2o8q_1_A,122,long,1.0,0.7049180327868853
ESM,2o8q_1_A,122,long,0.5,0.8524590163934426
ESM,2o8q_1_A,122,long,0.2,0.9166666666666666
ESM,2o8q_1_A,122,all,1.0,0.5901639344262295
ESM,2o8q_1_A,122,all,0.5,0.7377049180327869
ESM,2o8q_1_A,122,all,0.2,0.9166666666666666
ESM,2oee_1_B,92,short,1.0,0.043478260869565216
ESM,2oee_1_B,92,short,0.5,0.08695652173913043
ESM,2oee_1_B,92,short,0.2,0.1111111111111111
ESM,2oee_1_B,92,medium,1.0,0.021739130434782608
ESM,2oee_1_B,92,medium,0.5,0.0
ESM,2oee_1_B,92,medium,0.2,0.0
ESM,2oee_1_B,92,long,1.0,0.021739130434782608
ESM,2oee_1_B,92,long,0.5,0.043478260869565216
ESM,2oee_1_B,92,long,0.2,0.0
ESM,2oee_1_B,92,all,1.0,0.043478260869565216
ESM,2oee_1_B,92,all,0.5,0.08695652173913043
ESM,2oee_1_B,92,all,0.2,0.1111111111111111
ESM,2ok8_1_A,263,short,1.0,0.19771863117870722
ESM,2ok8_1_A,263,short,0.5,0.3053435114503817
ESM,2ok8_1_A,263,short,0.2,0.46153846153846156
ESM,2ok8_1_A,263,medium,1.0,0.40304182509505704
ESM,2ok8_1_A,263,medium,0.5,0.549618320610687
ESM,2ok8_1_A,263,medium,0.2,0.7692307692307693
ESM,2ok8_1_A,263,long,1.0,0.7604562737642585
ESM,2ok8_1_A,263,long,0.5,0.8702290076335878
ESM,2ok8_1_A,263,long,0.2,0.9230769230769231
ESM,2ok8_1_A,263,all,1.0,0.7224334600760456
ESM,2ok8_1_A,263,all,0.5,0.7557251908396947
ESM,2ok8_1_A,263,all,0.2,0.7307692307692307
ESM,2ol5_1_A,183,short,1.0,0.2185792349726776
ESM,2ol5_1_A,183,short,0.5,0.2857142857142857
ESM,2ol5_1_A,183,short,0.2,0.3333333333333333
ESM,2ol5_1_A,183,medium,1.0,0.3551912568306011
ESM,2ol5_1_A,183,medium,0.5,0.4945054945054945
ESM,2ol5_1_A,183,medium,0.2,0.7777777777777778
ESM,2ol5_1_A,183,long,1.0,0.7158469945355191
ESM,2ol5_1_A,183,long,0.5,0.8461538461538461
ESM,2ol5_1_A,183,long,0.2,0.8888888888888888
ESM,2ol5_1_A,183,all,1.0,0.6775956284153005
ESM,2ol5_1_A,183,all,0.5,0.7802197802197802
ESM,2ol5_1_A,183,all,0.2,0.9444444444444444
ESM,2ols_1_A,725,short,1.0,0.17103448275862068
ESM,2ols_1_A,725,short,0.5,0.20994475138121546
ESM,2ols_1_A,725,short,0.2,0.27586206896551724
ESM,2ols_1_A,725,medium,1.0,0.3875862068965517
ESM,2ols_1_A,725,medium,0.5,0.49171270718232046
ESM,2ols_1_A,725,medium,0.2,0.6068965517241379
ESM,2ols_1_A,725,long,1.0,0.5144827586206897
ESM,2ols_1_A,725,long,0.5,0.6795580110497238
ESM,2ols_1_A,725,long,0.2,0.8068965517241379
ESM,2ols_1_A,725,all,1.0,0.503448275862069
ESM,2ols_1_A,725,all,0.5,0.6408839779005525
ESM,2ols_1_A,725,all,0.2,0.6896551724137931
ESM,2opt_1_A,209,short,1.0,0.1722488038277512
ESM,2opt_1_A,209,short,0.5,0.2692307692307692
ESM,2opt_1_A,209,short,0.2,0.3902439024390244
ESM,2opt_1_A,209,medium,1.0,0.3827751196172249
ESM,2opt_1_A,209,medium,0.5,0.6538461538461539
ESM,2opt_1_A,209,medium,0.2,0.7560975609756098
ESM,2opt_1_A,209,long,1.0,0.5598086124401914
ESM,2opt_1_A,209,long,0.5,0.6346153846153846
ESM,2opt_1_A,209,long,0.2,0.7560975609756098
ESM,2opt_1_A,209,all,1.0,0.569377990430622
ESM,2opt_1_A,209,all,0.5,0.75
ESM,2opt_1_A,209,all,0.2,0.7804878048780488
ESM,2oqq_1_B,42,short,1.0,0.0
ESM,2oqq_1_B,42,short,0.5,0.0
ESM,2oqq_1_B,42,short,0.2,0.0
ESM,2oqq_1_B,42,medium,1.0,0.0
ESM,2oqq_1_B,42,medium,0.5,0.0
ESM,2oqq_1_B,42,medium,0.2,0.0
ESM,2oqq_1_B,42,long,1.0,0.0
ESM,2oqq_1_B,42,long,0.5,0.0
ESM,2oqq_1_B,42,long,0.2,0.0
ESM,2oqq_1_B,42,all,1.0,0.0
ESM,2oqq_1_B,42,all,0.5,0.0
ESM,2oqq_1_B,42,all,0.2,0.0
ESM,2owl_1_B,301,short,1.0,0.1461794019933555
ESM,2owl_1_B,301,short,0.5,0.2
ESM,2owl_1_B,301,short,0.2,0.16666666666666666
ESM,2owl_1_B,301,medium,1.0,0.19933554817275748
ESM,2owl_1_B,301,medium,0.5,0.25333333333333335
ESM,2owl_1_B,301,medium,0.2,0.4666666666666667
ESM,2owl_1_B,301,long,1.0,0.3654485049833887
ESM,2owl_1_B,301,long,0.5,0.5333333333333333
ESM,2owl_1_B,301,long,0.2,0.7666666666666667
ESM,2owl_1_B,301,all,1.0,0.31893687707641194
ESM,2owl_1_B,301,all,0.5,0.36
ESM,2owl_1_B,301,all,0.2,0.43333333333333335
ESM,2oyp_1_A,109,short,1.0,0.3211009174311927
ESM,2oyp_1_A,109,short,0.5,0.37037037037037035
ESM,2oyp_1_A,109,short,0.2,0.23809523809523808
ESM,2oyp_1_A,109,medium,1.0,0.4954128440366973
ESM,2oyp_1_A,109,medium,0.5,0.5925925925925926
ESM,2oyp_1_A,109,medium,0.2,0.7619047619047619
ESM,2oyp_1_A,109,long,1.0,0.6513761467889908
ESM,2oyp_1_A,109,long,0.5,0.8148148148148148
ESM,2oyp_1_A,109,long,0.2,0.9047619047619048
ESM,2oyp_1_A,109,all,1.0,0.6972477064220184
ESM,2oyp_1_A,109,all,0.5,0.7037037037037037
ESM,2oyp_1_A,109,all,0.2,0.7619047619047619
ESM,2p0j_1_B,196,short,1.0,0.061224489795918366
ESM,2p0j_1_B,196,short,0.5,0.04081632653061224
ESM,2p0j_1_B,196,short,0.2,0.05128205128205128
ESM,2p0j_1_B,196,medium,1.0,0.04081632653061224
ESM,2p0j_1_B,196,medium,0.5,0.08163265306122448
ESM,2p0j_1_B,196,medium,0.2,0.10256410256410256
ESM,2p0j_1_B,196,long,1.0,0.09183673469387756
ESM,2p0j_1_B,196,long,0.5,0.16326530612244897
ESM,2p0j_1_B,196,long,0.2,0.3076923076923077
ESM,2p0j_1_B,196,all,1.0,0.11224489795918367
ESM,2p0j_1_B,196,all,0.5,0.1836734693877551
ESM,2p0j_1_B,196,all,0.2,0.20512820512820512
ESM,2p25_1_B,126,short,1.0,0.4603174603174603
ESM,2p25_1_B,126,short,0.5,0.6825396825396826
ESM,2p25_1_B,126,short,0.2,0.68
ESM,2p25_1_B,126,medium,1.0,0.4603174603174603
ESM,2p25_1_B,126,medium,0.5,0.7619047619047619
ESM,2p25_1_B,126,medium,0.2,0.76
ESM,2p25_1_B,126,long,1.0,0.5238095238095238
ESM,2p25_1_B,126,long,0.5,0.6507936507936508
ESM,2p25_1_B,126,long,0.2,0.76
ESM,2p25_1_B,126,all,1.0,0.6666666666666666
ESM,2p25_1_B,126,all,0.5,0.746031746031746
ESM,2p25_1_B,126,all,0.2,0.68
ESM,2p30_1_A,177,short,1.0,0.2824858757062147
ESM,2p30_1_A,177,short,0.5,0.2727272727272727
ESM,2p30_1_A,177,short,0.2,0.4
ESM,2p30_1_A,177,medium,1.0,0.4745762711864407
ESM,2p30_1_A,177,medium,0.5,0.7272727272727273
ESM,2p30_1_A,177,medium,0.2,0.8285714285714286
ESM,2p30_1_A,177,long,1.0,0.7401129943502824
ESM,2p30_1_A,177,long,0.5,0.8181818181818182
ESM,2p30_1_A,177,long,0.2,0.8571428571428571
ESM,2p30_1_A,177,all,1.0,0.6440677966101694
ESM,2p30_1_A,177,all,0.5,0.7727272727272727
ESM,2p30_1_A,177,all,0.2,0.9142857142857143
ESM,2py6_1_A,375,short,1.0,0.18133333333333335
ESM,2py6_1_A,375,short,0.5,0.21390374331550802
ESM,2py6_1_A,375,short,0.2,0.37333333333333335
ESM,2py6_1_A,375,medium,1.0,0.496
ESM,2py6_1_A,375,medium,0.5,0.7272727272727273
ESM,2py6_1_A,375,medium,0.2,0.92
ESM,2py6_1_A,375,long,1.0,0.6906666666666667
ESM,2py6_1_A,375,long,0.5,0.7807486631016043
ESM,2py6_1_A,375,long,0.2,0.76
ESM,2py6_1_A,375,all,1.0,0.672
ESM,2py6_1_A,375,all,0.5,0.7540106951871658
ESM,2py6_1_A,375,all,0.2,0.7733333333333333
ESM,2q0x_1_B,293,short,1.0,0.12627986348122866
ESM,2q0x_1_B,293,short,0.5,0.1643835616438356
ESM,2q0x_1_B,293,short,0.2,0.1724137931034483
ESM,2q0x_1_B,293,medium,1.0,0.2593856655290102
ESM,2q0x_1_B,293,medium,0.5,0.2602739726027397
ESM,2q0x_1_B,293,medium,0.2,0.41379310344827586
ESM,2q0x_1_B,293,long,1.0,0.726962457337884
ESM,2q0x_1_B,293,long,0.5,0.9178082191780822
ESM,2q0x_1_B,293,long,0.2,0.9655172413793104
ESM,2q0x_1_B,293,all,1.0,0.6006825938566553
ESM,2q0x_1_B,293,all,0.5,0.6712328767123288
ESM,2q0x_1_B,293,all,0.2,0.7586206896551724
ESM,2q30_1_B,105,short,1.0,0.3142857142857143
ESM,2q30_1_B,105,short,0.5,0.4230769230769231
ESM,2q30_1_B,105,short,0.2,0.7619047619047619
ESM,2q30_1_B,105,medium,1.0,0.49523809523809526
ESM,2q30_1_B,105,medium,0.5,0.6538461538461539
ESM,2q30_1_B,105,medium,0.2,0.6190476190476191
ESM,2q30_1_B,105,long,1.0,0.8476190476190476
ESM,2q30_1_B,105,long,0.5,0.9230769230769231
ESM,2q30_1_B,105,long,0.2,1.0
ESM,2q30_1_B,105,all,1.0,0.9047619047619048
ESM,2q30_1_B,105,all,0.5,0.9230769230769231
ESM,2q30_1_B,105,all,0.2,1.0
ESM,2q4e_1_B,350,short,1.0,0.2914285714285714
ESM,2q4e_1_B,350,short,0.5,0.4342857142857143
ESM,2q4e_1_B,350,short,0.2,0.4857142857142857
ESM,2q4e_1_B,350,medium,1.0,0.33714285714285713
ESM,2q4e_1_B,350,medium,0.5,0.5257142857142857
ESM,2q4e_1_B,350,medium,0.2,0.7714285714285715
ESM,2q4e_1_B,350,long,1.0,0.7371428571428571
ESM,2q4e_1_B,350,long,0.5,0.8285714285714286
ESM,2q4e_1_B,350,long,0.2,0.8
ESM,2q4e_1_B,350,all,1.0,0.7085714285714285
ESM,2q4e_1_B,350,all,0.5,0.7542857142857143
ESM,2q4e_1_B,350,all,0.2,0.8
ESM,2q5w_1_B,137,short,1.0,0.13138686131386862
ESM,2q5w_1_B,137,short,0.5,0.2647058823529412
ESM,2q5w_1_B,137,short,0.2,0.37037037037037035
ESM,2q5w_1_B,137,medium,1.0,0.26277372262773724
ESM,2q5w_1_B,137,medium,0.5,0.38235294117647056
ESM,2q5w_1_B,137,medium,0.2,0.5925925925925926
ESM,2q5w_1_B,137,long,1.0,0.6277372262773723
ESM,2q5w_1_B,137,long,0.5,0.7647058823529411
ESM,2q5w_1_B,137,long,0.2,0.8518518518518519
ESM,2q5w_1_B,137,all,1.0,0.6131386861313869
ESM,2q5w_1_B,137,all,0.5,0.7647058823529411
ESM,2q5w_1_B,137,all,0.2,0.7777777777777778
ESM,2q7x_1_B,305,short,1.0,0.08524590163934426
ESM,2q7x_1_B,305,short,0.5,0.11842105263157894
ESM,2q7x_1_B,305,short,0.2,0.16393442622950818
ESM,2q7x_1_B,305,medium,1.0,0.21967213114754097
ESM,2q7x_1_B,305,medium,0.5,0.27631578947368424
ESM,2q7x_1_B,305,medium,0.2,0.5245901639344263
ESM,2q7x_1_B,305,long,1.0,0.6491803278688525
ESM,2q7x_1_B,305,long,0.5,0.868421052631579
ESM,2q7x_1_B,305,long,0.2,1.0
ESM,2q7x_1_B,305,all,1.0,0.43934426229508194
ESM,2q7x_1_B,305,all,0.5,0.5263157894736842
ESM,2q7x_1_B,305,all,0.2,0.7377049180327869
ESM,2q9j_1_A,273,short,1.0,0.5641025641025641
ESM,2q9j_1_A,273,short,0.5,0.7794117647058824
ESM,2q9j_1_A,273,short,0.2,0.8888888888888888
ESM,2q9j_1_A,273,medium,1.0,0.48717948717948717
ESM,2q9j_1_A,273,medium,0.5,0.6176470588235294
ESM,2q9j_1_A,273,medium,0.2,0.8518518518518519
ESM,2q9j_1_A,273,long,1.0,0.6996336996336996
ESM,2q9j_1_A,273,long,0.5,0.8382352941176471
ESM,2q9j_1_A,273,long,0.2,0.8888888888888888
ESM,2q9j_1_A,273,all,1.0,0.8388278388278388
ESM,2q9j_1_A,273,all,0.5,0.9264705882352942
ESM,2q9j_1_A,273,all,0.2,1.0
ESM,2q9q_1_B,196,short,1.0,0.08163265306122448
ESM,2q9q_1_B,196,short,0.5,0.08163265306122448
ESM,2q9q_1_B,196,short,0.2,0.10256410256410256
ESM,2q9q_1_B,196,medium,1.0,0.12244897959183673
ESM,2q9q_1_B,196,medium,0.5,0.1836734693877551
ESM,2q9q_1_B,196,medium,0.2,0.358974358974359
ESM,2q9q_1_B,196,long,1.0,0.3877551020408163
ESM,2q9q_1_B,196,long,0.5,0.5714285714285714
ESM,2q9q_1_B,196,long,0.2,0.8205128205128205
ESM,2q9q_1_B,196,all,1.0,0.23469387755102042
ESM,2q9q_1_B,196,all,0.5,0.22448979591836735
ESM,2q9q_1_B,196,all,0.2,0.3076923076923077
ESM,2qai_1_A,91,short,1.0,0.21978021978021978
ESM,2qai_1_A,91,short,0.5,0.37777777777777777
ESM,2qai_1_A,91,short,0.2,0.6666666666666666
ESM,2qai_1_A,91,medium,1.0,0.5274725274725275
ESM,2qai_1_A,91,medium,0.5,0.8666666666666667
ESM,2qai_1_A,91,medium,0.2,0.8888888888888888
ESM,2qai_1_A,91,long,1.0,0.5054945054945055
ESM,2qai_1_A,91,long,0.5,0.6666666666666666
ESM,2qai_1_A,91,long,0.2,0.7777777777777778
ESM,2qai_1_A,91,all,1.0,0.7142857142857143
ESM,2qai_1_A,91,all,0.5,0.8444444444444444
ESM,2qai_1_A,91,all,0.2,0.8888888888888888
ESM,2qcu_1_A,498,short,1.0,0.2248995983935743
ESM,2qcu_1_A,498,short,0.5,0.3534136546184739
ESM,2qcu_1_A,498,short,0.2,0.5252525252525253
ESM,2qcu_1_A,498,medium,1.0,0.37349397590361444
ESM,2qcu_1_A,498,medium,0.5,0.5742971887550201
ESM,2qcu_1_A,498,medium,0.2,0.8080808080808081
ESM,2qcu_1_A,498,long,1.0,0.5662650602409639
ESM,2qcu_1_A,498,long,0.5,0.6385542168674698
ESM,2qcu_1_A,498,long,0.2,0.8282828282828283
ESM,2qcu_1_A,498,all,1.0,0.5983935742971888
ESM,2qcu_1_A,498,all,0.5,0.7188755020080321
ESM,2qcu_1_A,498,all,0.2,0.8585858585858586
ESM,2qgo_1_A,114,short,1.0,0.08771929824561403
ESM,2qgo_1_A,114,short,0.5,0.14035087719298245
ESM,2qgo_1_A,114,short,0.2,0.18181818181818182
ESM,2qgo_1_A,114,medium,1.0,0.10526315789473684
ESM,2qgo_1_A,114,medium,0.5,0.14035087719298245
ESM,2qgo_1_A,114,medium,0.2,0.18181818181818182
ESM,2qgo_1_A,114,long,1.0,0.10526315789473684
ESM,2qgo_1_A,114,long,0.5,0.15789473684210525
ESM,2qgo_1_A,114,long,0.2,0.2727272727272727
ESM,2qgo_1_A,114,all,1.0,0.14035087719298245
ESM,2qgo_1_A,114,all,0.5,0.17543859649122806
ESM,2qgo_1_A,114,all,0.2,0.18181818181818182
ESM,2qgu_1_A,179,short,1.0,0.2681564245810056
ESM,2qgu_1_A,179,short,0.5,0.33707865168539325
ESM,2qgu_1_A,179,short,0.2,0.5428571428571428
ESM,2qgu_1_A,179,medium,1.0,0.41899441340782123
ESM,2qgu_1_A,179,medium,0.5,0.5955056179775281
ESM,2qgu_1_A,179,medium,0.2,0.8285714285714286
ESM,2qgu_1_A,179,long,1.0,0.43575418994413406
ESM,2qgu_1_A,179,long,0.5,0.5393258426966292
ESM,2qgu_1_A,179,long,0.2,0.6857142857142857
ESM,2qgu_1_A,179,all,1.0,0.5363128491620112
ESM,2qgu_1_A,179,all,0.5,0.6853932584269663
ESM,2qgu_1_A,179,all,0.2,0.8285714285714286
ESM,2qiy_1_A,134,short,1.0,0.22388059701492538
ESM,2qiy_1_A,134,short,0.5,0.29850746268656714
ESM,2qiy_1_A,134,short,0.2,0.15384615384615385
ESM,2qiy_1_A,134,medium,1.0,0.4626865671641791
ESM,2qiy_1_A,134,medium,0.5,0.6268656716417911
ESM,2qiy_1_A,134,medium,0.2,0.6923076923076923
ESM,2qiy_1_A,134,long,1.0,0.5373134328358209
ESM,2qiy_1_A,134,long,0.5,0.5522388059701493
ESM,2qiy_1_A,134,long,0.2,0.6923076923076923
ESM,2qiy_1_A,134,all,1.0,0.44776119402985076
ESM,2qiy_1_A,134,all,0.5,0.5223880597014925
ESM,2qiy_1_A,134,all,0.2,0.46153846153846156
ESM,2qmw_1_D,249,short,1.0,0.1927710843373494
ESM,2qmw_1_D,249,short,0.5,0.2903225806451613
ESM,2qmw_1_D,249,short,0.2,0.3673469387755102
ESM,2qmw_1_D,249,medium,1.0,0.3855421686746988
ESM,2qmw_1_D,249,medium,0.5,0.532258064516129
ESM,2qmw_1_D,249,medium,0.2,0.7142857142857143
ESM,2qmw_1_D,249,long,1.0,0.6546184738955824
ESM,2qmw_1_D,249,long,0.5,0.8064516129032258
ESM,2qmw_1_D,249,long,0.2,0.9183673469387755
ESM,2qmw_1_D,249,all,1.0,0.5742971887550201
ESM,2qmw_1_D,249,all,0.5,0.6612903225806451
ESM,2qmw_1_D,249,all,0.2,0.7551020408163265
ESM,2qsj_1_A,120,short,1.0,0.35
ESM,2qsj_1_A,120,short,0.5,0.4666666666666667
ESM,2qsj_1_A,120,short,0.2,0.5833333333333334
ESM,2qsj_1_A,120,medium,1.0,0.35
ESM,2qsj_1_A,120,medium,0.5,0.4666666666666667
ESM,2qsj_1_A,120,medium,0.2,0.75
ESM,2qsj_1_A,120,long,1.0,0.7166666666666667
ESM,2qsj_1_A,120,long,0.5,0.8666666666666667
ESM,2qsj_1_A,120,long,0.2,0.9166666666666666
ESM,2qsj_1_A,120,all,1.0,0.75
ESM,2qsj_1_A,120,all,0.5,0.9
ESM,2qsj_1_A,120,all,0.2,0.9166666666666666
ESM,2qzb_1_A,145,short,1.0,0.1793103448275862
ESM,2qzb_1_A,145,short,0.5,0.1388888888888889
ESM,2qzb_1_A,145,short,0.2,0.13793103448275862
ESM,2qzb_1_A,145,medium,1.0,0.2206896551724138
ESM,2qzb_1_A,145,medium,0.5,0.3611111111111111
ESM,2qzb_1_A,145,medium,0.2,0.41379310344827586
ESM,2qzb_1_A,145,long,1.0,0.2620689655172414
ESM,2qzb_1_A,145,long,0.5,0.3611111111111111
ESM,2qzb_1_A,145,long,0.2,0.3448275862068966
ESM,2qzb_1_A,145,all,1.0,0.2620689655172414
ESM,2qzb_1_A,145,all,0.5,0.2777777777777778
ESM,2qzb_1_A,145,all,0.2,0.20689655172413793
ESM,2r47_1_B,154,short,1.0,0.03896103896103896
ESM,2r47_1_B,154,short,0.5,0.025974025974025976
ESM,2r47_1_B,154,short,0.2,0.06666666666666667
ESM,2r47_1_B,154,medium,1.0,0.03896103896103896
ESM,2r47_1_B,154,medium,0.5,0.0
ESM,2r47_1_B,154,medium,0.2,0.0
ESM,2r47_1_B,154,long,1.0,0.1038961038961039
ESM,2r47_1_B,154,long,0.5,0.07792207792207792
ESM,2r47_1_B,154,long,0.2,0.06666666666666667
ESM,2r47_1_B,154,all,1.0,0.05194805194805195
ESM,2r47_1_B,154,all,0.5,0.05194805194805195
ESM,2r47_1_B,154,all,0.2,0.06666666666666667
ESM,2r78_1_A,114,short,1.0,0.49122807017543857
ESM,2r78_1_A,114,short,0.5,0.7543859649122807
ESM,2r78_1_A,114,short,0.2,1.0
ESM,2r78_1_A,114,medium,1.0,0.631578947368421
ESM,2r78_1_A,114,medium,0.5,0.7192982456140351
ESM,2r78_1_A,114,medium,0.2,0.9090909090909091
ESM,2r78_1_A,114,long,1.0,0.6842105263157895
ESM,2r78_1_A,114,long,0.5,0.7719298245614035
ESM,2r78_1_A,114,long,0.2,1.0
ESM,2r78_1_A,114,all,1.0,0.8596491228070176
ESM,2r78_1_A,114,all,0.5,0.9649122807017544
ESM,2r78_1_A,114,all,0.2,0.9090909090909091
ESM,2r7h_1_A,157,short,1.0,0.35668789808917195
ESM,2r7h_1_A,157,short,0.5,0.46153846153846156
ESM,2r7h_1_A,157,short,0.2,0.3225806451612903
ESM,2r7h_1_A,157,medium,1.0,0.5859872611464968
ESM,2r7h_1_A,157,medium,0.5,0.6923076923076923
ESM,2r7h_1_A,157,medium,0.2,0.8709677419354839
ESM,2r7h_1_A,157,long,1.0,0.7197452229299363
ESM,2r7h_1_A,157,long,0.5,0.7948717948717948
ESM,2r7h_1_A,157,long,0.2,0.9354838709677419
ESM,2r7h_1_A,157,all,1.0,0.6942675159235668
ESM,2r7h_1_A,157,all,0.5,0.7692307692307693
ESM,2r7h_1_A,157,all,0.2,0.8064516129032258
ESM,2r9a_1_B,214,short,1.0,0.11214953271028037
ESM,2r9a_1_B,214,short,0.5,0.09345794392523364
ESM,2r9a_1_B,214,short,0.2,0.0
ESM,2r9a_1_B,214,medium,1.0,0.06542056074766354
ESM,2r9a_1_B,214,medium,0.5,0.0
ESM,2r9a_1_B,214,medium,0.2,0.0
ESM,2r9a_1_B,214,long,1.0,0.018691588785046728
ESM,2r9a_1_B,214,long,0.5,0.037383177570093455
ESM,2r9a_1_B,214,long,0.2,0.047619047619047616
ESM,2r9a_1_B,214,all,1.0,0.06542056074766354
ESM,2r9a_1_B,214,all,0.5,0.028037383177570093
ESM,2r9a_1_B,214,all,0.2,0.0
ESM,2ra8_1_B,350,short,1.0,0.13142857142857142
ESM,2ra8_1_B,350,short,0.5,0.16
ESM,2ra8_1_B,350,short,0.2,0.22857142857142856
ESM,2ra8_1_B,350,medium,1.0,0.37142857142857144
ESM,2ra8_1_B,350,medium,0.5,0.4114285714285714
ESM,2ra8_1_B,350,medium,0.2,0.34285714285714286
ESM,2ra8_1_B,350,long,1.0,0.72
ESM,2ra8_1_B,350,long,0.5,0.7542857142857143
ESM,2ra8_1_B,350,long,0.2,0.9142857142857143
ESM,2ra8_1_B,350,all,1.0,0.4514285714285714
ESM,2ra8_1_B,350,all,0.5,0.56
ESM,2ra8_1_B,350,all,0.2,0.5428571428571428
ESM,2ra9_1_A,127,short,1.0,0.28346456692913385
ESM,2ra9_1_A,127,short,0.5,0.31746031746031744
ESM,2ra9_1_A,127,short,0.2,0.44
ESM,2ra9_1_A,127,medium,1.0,0.015748031496062992
ESM,2ra9_1_A,127,medium,0.5,0.0
ESM,2ra9_1_A,127,medium,0.2,0.0
ESM,2ra9_1_A,127,long,1.0,0.07874015748031496
ESM,2ra9_1_A,127,long,0.5,0.06349206349206349
ESM,2ra9_1_A,127,long,0.2,0.08
ESM,2ra9_1_A,127,all,1.0,0.1732283464566929
ESM,2ra9_1_A,127,all,0.5,0.15873015873015872
ESM,2ra9_1_A,127,all,0.2,0.08
ESM,2ri0_1_A,234,short,1.0,0.2222222222222222
ESM,2ri0_1_A,234,short,0.5,0.358974358974359
ESM,2ri0_1_A,234,short,0.2,0.34782608695652173
ESM,2ri0_1_A,234,medium,1.0,0.23076923076923078
ESM,2ri0_1_A,234,medium,0.5,0.3247863247863248
ESM,2ri0_1_A,234,medium,0.2,0.391304347826087
ESM,2ri0_1_A,234,long,1.0,0.7948717948717948
ESM,2ri0_1_A,234,long,0.5,0.8888888888888888
ESM,2ri0_1_A,234,long,0.2,0.9565217391304348
ESM,2ri0_1_A,234,all,1.0,0.717948717948718
ESM,2ri0_1_A,234,all,0.5,0.7264957264957265
ESM,2ri0_1_A,234,all,0.2,0.6956521739130435
ESM,2v25_1_A,231,short,1.0,0.36363636363636365
ESM,2v25_1_A,231,short,0.5,0.5043478260869565
ESM,2v25_1_A,231,short,0.2,0.782608695652174
ESM,2v25_1_A,231,medium,1.0,0.4199134199134199
ESM,2v25_1_A,231,medium,0.5,0.6869565217391305
ESM,2v25_1_A,231,medium,0.2,0.6956521739130435
ESM,2v25_1_A,231,long,1.0,0.8441558441558441
ESM,2v25_1_A,231,long,0.5,0.9478260869565217
ESM,2v25_1_A,231,long,0.2,1.0
ESM,2v25_1_A,231,all,1.0,0.8225108225108225
ESM,2v25_1_A,231,all,0.5,0.8869565217391304
ESM,2v25_1_A,231,all,0.2,0.9565217391304348
ESM,2v3b_1_A,381,short,1.0,0.46194225721784776
ESM,2v3b_1_A,381,short,0.5,0.6421052631578947
ESM,2v3b_1_A,381,short,0.2,0.7631578947368421
ESM,2v3b_1_A,381,medium,1.0,0.5905511811023622
ESM,2v3b_1_A,381,medium,0.5,0.7578947368421053
ESM,2v3b_1_A,381,medium,0.2,0.8157894736842105
ESM,2v3b_1_A,381,long,1.0,0.7952755905511811
ESM,2v3b_1_A,381,long,0.5,0.9157894736842105
ESM,2v3b_1_A,381,long,0.2,1.0
ESM,2v3b_1_A,381,all,1.0,0.8372703412073491
ESM,2v3b_1_A,381,all,0.5,0.9473684210526315
ESM,2v3b_1_A,381,all,0.2,0.9210526315789473
ESM,2vlg_1_A,93,short,1.0,0.5376344086021505
ESM,2vlg_1_A,93,short,0.5,0.7391304347826086
ESM,2vlg_1_A,93,short,0.2,0.8888888888888888
ESM,2vlg_1_A,93,medium,1.0,0.6989247311827957
ESM,2vlg_1_A,93,medium,0.5,0.9130434782608695
ESM,2vlg_1_A,93,medium,0.2,1.0
ESM,2vlg_1_A,93,long,1.0,0.6559139784946236
ESM,2vlg_1_A,93,long,0.5,0.7391304347826086
ESM,2vlg_1_A,93,long,0.2,0.7777777777777778
ESM,2vlg_1_A,93,all,1.0,0.8279569892473119
ESM,2vlg_1_A,93,all,0.5,0.9130434782608695
ESM,2vlg_1_A,93,all,0.2,1.0
ESM,2vxp_1_A,131,short,1.0,0.48854961832061067
ESM,2vxp_1_A,131,short,0.5,0.7538461538461538
ESM,2vxp_1_A,131,short,0.2,0.9230769230769231
ESM,2vxp_1_A,131,medium,1.0,0.42748091603053434
ESM,2vxp_1_A,131,medium,0.5,0.5692307692307692
ESM,2vxp_1_A,131,medium,0.2,0.6923076923076923
ESM,2vxp_1_A,131,long,1.0,0.6259541984732825
ESM,2vxp_1_A,131,long,0.5,0.6461538461538462
ESM,2vxp_1_A,131,long,0.2,0.6923076923076923
ESM,2vxp_1_A,131,all,1.0,0.7099236641221374
ESM,2vxp_1_A,131,all,0.5,0.8
ESM,2vxp_1_A,131,all,0.2,0.7692307692307693
ESM,2vyi_1_A,128,short,1.0,0.328125
ESM,2vyi_1_A,128,short,0.5,0.59375
ESM,2vyi_1_A,128,short,0.2,1.0
ESM,2vyi_1_A,128,medium,1.0,0.859375
ESM,2vyi_1_A,128,medium,0.5,0.9375
ESM,2vyi_1_A,128,medium,0.2,1.0
ESM,2vyi_1_A,128,long,1.0,0.859375
ESM,2vyi_1_A,128,long,0.5,0.96875
ESM,2vyi_1_A,128,long,0.2,1.0
ESM,2vyi_1_A,128,all,1.0,0.96875
ESM,2vyi_1_A,128,all,0.5,1.0
ESM,2vyi_1_A,128,all,0.2,1.0
ESM,2w9m_1_A,541,short,1.0,0.2033271719038817
ESM,2w9m_1_A,541,short,0.5,0.2740740740740741
ESM,2w9m_1_A,541,short,0.2,0.3148148148148148
ESM,2w9m_1_A,541,medium,1.0,0.2735674676524954
ESM,2w9m_1_A,541,medium,0.5,0.4148148148148148
ESM,2w9m_1_A,541,medium,0.2,0.5370370370370371
ESM,2w9m_1_A,541,long,1.0,0.5545286506469501
ESM,2w9m_1_A,541,long,0.5,0.6518518518518519
ESM,2w9m_1_A,541,long,0.2,0.7962962962962963
ESM,2w9m_1_A,541,all,1.0,0.4658040665434381
ESM,2w9m_1_A,541,all,0.5,0.562962962962963
ESM,2w9m_1_A,541,all,0.2,0.6111111111111112
ESM,2wg8_1_A,108,short,1.0,0.05555555555555555
ESM,2wg8_1_A,108,short,0.5,0.1111111111111111
ESM,2wg8_1_A,108,short,0.2,0.09523809523809523
ESM,2wg8_1_A,108,medium,1.0,0.2037037037037037
ESM,2wg8_1_A,108,medium,0.5,0.3333333333333333
ESM,2wg8_1_A,108,medium,0.2,0.2857142857142857
ESM,2wg8_1_A,108,long,1.0,0.2962962962962963
ESM,2wg8_1_A,108,long,0.5,0.3333333333333333
ESM,2wg8_1_A,108,long,0.2,0.6190476190476191
ESM,2wg8_1_A,108,all,1.0,0.2222222222222222
ESM,2wg8_1_A,108,all,0.5,0.2962962962962963
ESM,2wg8_1_A,108,all,0.2,0.5714285714285714
ESM,2wjr_1_A,204,short,1.0,0.3627450980392157
ESM,2wjr_1_A,204,short,0.5,0.37254901960784315
ESM,2wjr_1_A,204,short,0.2,0.55
ESM,2wjr_1_A,204,medium,1.0,0.4215686274509804
ESM,2wjr_1_A,204,medium,0.5,0.5294117647058824
ESM,2wjr_1_A,204,medium,0.2,0.55
ESM,2wjr_1_A,204,long,1.0,0.37254901960784315
ESM,2wjr_1_A,204,long,0.5,0.49019607843137253
ESM,2wjr_1_A,204,long,0.2,0.7
ESM,2wjr_1_A,204,all,1.0,0.5588235294117647
ESM,2wjr_1_A,204,all,0.5,0.6470588235294118
ESM,2wjr_1_A,204,all,0.2,0.75
ESM,2wnf_1_A,272,short,1.0,0.07352941176470588
ESM,2wnf_1_A,272,short,0.5,0.10294117647058823
ESM,2wnf_1_A,272,short,0.2,0.1111111111111111
ESM,2wnf_1_A,272,medium,1.0,0.23529411764705882
ESM,2wnf_1_A,272,medium,0.5,0.35294117647058826
ESM,2wnf_1_A,272,medium,0.2,0.5555555555555556
ESM,2wnf_1_A,272,long,1.0,0.4852941176470588
ESM,2wnf_1_A,272,long,0.5,0.5588235294117647
ESM,2wnf_1_A,272,long,0.2,0.7037037037037037
ESM,2wnf_1_A,272,all,1.0,0.3088235294117647
ESM,2wnf_1_A,272,all,0.5,0.3382352941176471
ESM,2wnf_1_A,272,all,0.2,0.4444444444444444
ESM,2wyq_1_B,77,short,1.0,0.3116883116883117
ESM,2wyq_1_B,77,short,0.5,0.5263157894736842
ESM,2wyq_1_B,77,short,0.2,0.6666666666666666
ESM,2wyq_1_B,77,medium,1.0,0.5714285714285714
ESM,2wyq_1_B,77,medium,0.5,0.8421052631578947
ESM,2wyq_1_B,77,medium,0.2,0.8666666666666667
ESM,2wyq_1_B,77,long,1.0,0.7922077922077922
ESM,2wyq_1_B,77,long,0.5,0.9473684210526315
ESM,2wyq_1_B,77,long,0.2,1.0
ESM,2wyq_1_B,77,all,1.0,0.8441558441558441
ESM,2wyq_1_B,77,all,0.5,0.8421052631578947
ESM,2wyq_1_B,77,all,0.2,0.9333333333333333
ESM,2xhk_1_B,217,short,1.0,0.31797235023041476
ESM,2xhk_1_B,217,short,0.5,0.3888888888888889
ESM,2xhk_1_B,217,short,0.2,0.46511627906976744
ESM,2xhk_1_B,217,medium,1.0,0.35944700460829493
ESM,2xhk_1_B,217,medium,0.5,0.5740740740740741
ESM,2xhk_1_B,217,medium,0.2,0.627906976744186
ESM,2xhk_1_B,217,long,1.0,0.7004608294930875
ESM,2xhk_1_B,217,long,0.5,0.8148148148148148
ESM,2xhk_1_B,217,long,0.2,0.9534883720930233
ESM,2xhk_1_B,217,all,1.0,0.695852534562212
ESM,2xhk_1_B,217,all,0.5,0.8333333333333334
ESM,2xhk_1_B,217,all,0.2,0.9069767441860465
ESM,2y0o_1_B,171,short,1.0,0.10526315789473684
ESM,2y0o_1_B,171,short,0.5,0.16470588235294117
ESM,2y0o_1_B,171,short,0.2,0.23529411764705882
ESM,2y0o_1_B,171,medium,1.0,0.1286549707602339
ESM,2y0o_1_B,171,medium,0.5,0.21176470588235294
ESM,2y0o_1_B,171,medium,0.2,0.17647058823529413
ESM,2y0o_1_B,171,long,1.0,0.8304093567251462
ESM,2y0o_1_B,171,long,0.5,0.9529411764705882
ESM,2y0o_1_B,171,long,0.2,1.0
ESM,2y0o_1_B,171,all,1.0,0.5847953216374269
ESM,2y0o_1_B,171,all,0.5,0.7647058823529411
ESM,2y0o_1_B,171,all,0.2,0.9411764705882353
ESM,2y8v_1_B,279,short,1.0,0.1863799283154122
ESM,2y8v_1_B,279,short,0.5,0.2446043165467626
ESM,2y8v_1_B,279,short,0.2,0.36363636363636365
ESM,2y8v_1_B,279,medium,1.0,0.15053763440860216
ESM,2y8v_1_B,279,medium,0.5,0.2446043165467626
ESM,2y8v_1_B,279,medium,0.2,0.43636363636363634
ESM,2y8v_1_B,279,long,1.0,0.7168458781362007
ESM,2y8v_1_B,279,long,0.5,0.8345323741007195
ESM,2y8v_1_B,279,long,0.2,0.8909090909090909
ESM,2y8v_1_B,279,all,1.0,0.6989247311827957
ESM,2y8v_1_B,279,all,0.5,0.841726618705036
ESM,2y8v_1_B,279,all,0.2,0.8909090909090909
ESM,2yb5_1_A,204,short,1.0,0.06862745098039216
ESM,2yb5_1_A,204,short,0.5,0.0784313725490196
ESM,2yb5_1_A,204,short,0.2,0.1
ESM,2yb5_1_A,204,medium,1.0,0.06862745098039216
ESM,2yb5_1_A,204,medium,0.5,0.0392156862745098
ESM,2yb5_1_A,204,medium,0.2,0.05
ESM,2yb5_1_A,204,long,1.0,0.058823529411764705
ESM,2yb5_1_A,204,long,0.5,0.0784313725490196
ESM,2yb5_1_A,204,long,0.2,0.05
ESM,2yb5_1_A,204,all,1.0,0.049019607843137254
ESM,2yb5_1_A,204,all,0.5,0.0784313725490196
ESM,2yb5_1_A,204,all,0.2,0.1
ESM,2yev_1_B,319,short,1.0,0.1755485893416928
ESM,2yev_1_B,319,short,0.5,0.27672955974842767
ESM,2yev_1_B,319,short,0.2,0.3968253968253968
ESM,2yev_1_B,319,medium,1.0,0.25705329153605017
ESM,2yev_1_B,319,medium,0.5,0.31446540880503143
ESM,2yev_1_B,319,medium,0.2,0.5238095238095238
ESM,2yev_1_B,319,long,1.0,0.5391849529780565
ESM,2yev_1_B,319,long,0.5,0.7484276729559748
ESM,2yev_1_B,319,long,0.2,0.9365079365079365
ESM,2yev_1_B,319,all,1.0,0.5799373040752351
ESM,2yev_1_B,319,all,0.5,0.7044025157232704
ESM,2yev_1_B,319,all,0.2,0.8412698412698413
ESM,2yh6_1_A,109,short,1.0,0.22018348623853212
ESM,2yh6_1_A,109,short,0.5,0.37037037037037035
ESM,2yh6_1_A,109,short,0.2,0.42857142857142855
ESM,2yh6_1_A,109,medium,1.0,0.4954128440366973
ESM,2yh6_1_A,109,medium,0.5,0.6666666666666666
ESM,2yh6_1_A,109,medium,0.2,0.9047619047619048
ESM,2yh6_1_A,109,long,1.0,0.44036697247706424
ESM,2yh6_1_A,109,long,0.5,0.4444444444444444
ESM,2yh6_1_A,109,long,0.2,0.5714285714285714
ESM,2yh6_1_A,109,all,1.0,0.5137614678899083
ESM,2yh6_1_A,109,all,0.5,0.5925925925925926
ESM,2yh6_1_A,109,all,0.2,0.6190476190476191
ESM,2yj4_1_A,248,short,1.0,0.3548387096774194
ESM,2yj4_1_A,248,short,0.5,0.46774193548387094
ESM,2yj4_1_A,248,short,0.2,0.6938775510204082
ESM,2yj4_1_A,248,medium,1.0,0.49193548387096775
ESM,2yj4_1_A,248,medium,0.5,0.5806451612903226
ESM,2yj4_1_A,248,medium,0.2,0.7959183673469388
ESM,2yj4_1_A,248,long,1.0,0.5564516129032258
ESM,2yj4_1_A,248,long,0.5,0.6129032258064516
ESM,2yj4_1_A,248,long,0.2,0.7551020408163265
ESM,2yj4_1_A,248,all,1.0,0.6290322580645161
ESM,2yj4_1_A,248,all,0.5,0.7580645161290323
ESM,2yj4_1_A,248,all,0.2,0.8163265306122449
ESM,2yjz_1_A,174,short,1.0,0.25287356321839083
ESM,2yjz_1_A,174,short,0.5,0.41379310344827586
ESM,2yjz_1_A,174,short,0.2,0.5294117647058824
ESM,2yjz_1_A,174,medium,1.0,0.6206896551724138
ESM,2yjz_1_A,174,medium,0.5,0.8735632183908046
ESM,2yjz_1_A,174,medium,0.2,1.0
ESM,2yjz_1_A,174,long,1.0,0.7931034482758621
ESM,2yjz_1_A,174,long,0.5,0.8850574712643678
ESM,2yjz_1_A,174,long,0.2,0.9411764705882353
ESM,2yjz_1_A,174,all,1.0,0.8390804597701149
ESM,2yjz_1_A,174,all,0.5,0.9310344827586207
ESM,2yjz_1_A,174,all,0.2,1.0
ESM,2zc3_1_A,158,short,1.0,0.27848101265822783
ESM,2zc3_1_A,158,short,0.5,0.3291139240506329
ESM,2zc3_1_A,158,short,0.2,0.5161290322580645
ESM,2zc3_1_A,158,medium,1.0,0.3037974683544304
ESM,2zc3_1_A,158,medium,0.5,0.4050632911392405
ESM,2zc3_1_A,158,medium,0.2,0.6129032258064516
ESM,2zc3_1_A,158,long,1.0,0.2911392405063291
ESM,2zc3_1_A,158,long,0.5,0.45569620253164556
ESM,2zc3_1_A,158,long,0.2,0.6129032258064516
ESM,2zc3_1_A,158,all,1.0,0.3924050632911392
ESM,2zc3_1_A,158,all,0.5,0.569620253164557
ESM,2zc3_1_A,158,all,0.2,0.6774193548387096
ESM,2zca_1_A,156,short,1.0,0.01282051282051282
ESM,2zca_1_A,156,short,0.5,0.02564102564102564
ESM,2zca_1_A,156,short,0.2,0.03225806451612903
ESM,2zca_1_A,156,medium,1.0,0.038461538461538464
ESM,2zca_1_A,156,medium,0.5,0.07692307692307693
ESM,2zca_1_A,156,medium,0.2,0.0
ESM,2zca_1_A,156,long,1.0,0.01282051282051282
ESM,2zca_1_A,156,long,0.5,0.02564102564102564
ESM,2zca_1_A,156,long,0.2,0.0
ESM,2zca_1_A,156,all,1.0,0.01282051282051282
ESM,2zca_1_A,156,all,0.5,0.02564102564102564
ESM,2zca_1_A,156,all,0.2,0.0
ESM,3a45_1_A,288,short,1.0,0.14583333333333334
ESM,3a45_1_A,288,short,0.5,0.16666666666666666
ESM,3a45_1_A,288,short,0.2,0.21052631578947367
ESM,3a45_1_A,288,medium,1.0,0.3472222222222222
ESM,3a45_1_A,288,medium,0.5,0.5
ESM,3a45_1_A,288,medium,0.2,0.8421052631578947
ESM,3a45_1_A,288,long,1.0,0.3611111111111111
ESM,3a45_1_A,288,long,0.5,0.4861111111111111
ESM,3a45_1_A,288,long,0.2,0.7543859649122807
ESM,3a45_1_A,288,all,1.0,0.4166666666666667
ESM,3a45_1_A,288,all,0.5,0.5416666666666666
ESM,3a45_1_A,288,all,0.2,0.5263157894736842
ESM,3afm_1_A,258,short,1.0,0.3023255813953488
ESM,3afm_1_A,258,short,0.5,0.4186046511627907
ESM,3afm_1_A,258,short,0.2,0.6078431372549019
ESM,3afm_1_A,258,medium,1.0,0.4883720930232558
ESM,3afm_1_A,258,medium,0.5,0.5658914728682171
ESM,3afm_1_A,258,medium,0.2,0.6862745098039216
ESM,3afm_1_A,258,long,1.0,0.8062015503875969
ESM,3afm_1_A,258,long,0.5,0.8914728682170543
ESM,3afm_1_A,258,long,0.2,0.9215686274509803
ESM,3afm_1_A,258,all,1.0,0.8062015503875969
ESM,3afm_1_A,258,all,0.5,0.8449612403100775
ESM,3afm_1_A,258,all,0.2,0.8235294117647058
ESM,3aqj_1_A,117,short,1.0,0.2564102564102564
ESM,3aqj_1_A,117,short,0.5,0.3793103448275862
ESM,3aqj_1_A,117,short,0.2,0.5217391304347826
ESM,3aqj_1_A,117,medium,1.0,0.13675213675213677
ESM,3aqj_1_A,117,medium,0.5,0.1724137931034483
ESM,3aqj_1_A,117,medium,0.2,0.2608695652173913
ESM,3aqj_1_A,117,long,1.0,0.0
ESM,3aqj_1_A,117,long,0.5,0.0
ESM,3aqj_1_A,117,long,0.2,0.0
ESM,3aqj_1_A,117,all,1.0,0.27350427350427353
ESM,3aqj_1_A,117,all,0.5,0.3448275862068966
ESM,3aqj_1_A,117,all,0.2,0.5217391304347826
ESM,3b09_1_B,65,short,1.0,0.03076923076923077
ESM,3b09_1_B,65,short,0.5,0.0
ESM,3b09_1_B,65,short,0.2,0.0
ESM,3b09_1_B,65,medium,1.0,0.03076923076923077
ESM,3b09_1_B,65,medium,0.5,0.0625
ESM,3b09_1_B,65,medium,0.2,0.0
ESM,3b09_1_B,65,long,1.0,0.0
ESM,3b09_1_B,65,long,0.5,0.0
ESM,3b09_1_B,65,long,0.2,0.0
ESM,3b09_1_B,65,all,1.0,0.03076923076923077
ESM,3b09_1_B,65,all,0.5,0.0
ESM,3b09_1_B,65,all,0.2,0.0
ESM,3b4u_1_A,287,short,1.0,0.2857142857142857
ESM,3b4u_1_A,287,short,0.5,0.4195804195804196
ESM,3b4u_1_A,287,short,0.2,0.5263157894736842
ESM,3b4u_1_A,287,medium,1.0,0.5505226480836237
ESM,3b4u_1_A,287,medium,0.5,0.7272727272727273
ESM,3b4u_1_A,287,medium,0.2,0.9473684210526315
ESM,3b4u_1_A,287,long,1.0,0.7003484320557491
ESM,3b4u_1_A,287,long,0.5,0.8811188811188811
ESM,3b4u_1_A,287,long,0.2,0.9649122807017544
ESM,3b4u_1_A,287,all,1.0,0.7665505226480837
ESM,3b4u_1_A,287,all,0.5,0.9020979020979021
ESM,3b4u_1_A,287,all,0.2,0.9649122807017544
ESM,3b73_1_A,88,short,1.0,0.36363636363636365
ESM,3b73_1_A,88,short,0.5,0.5454545454545454
ESM,3b73_1_A,88,short,0.2,0.7647058823529411
ESM,3b73_1_A,88,medium,1.0,0.5
ESM,3b73_1_A,88,medium,0.5,0.8181818181818182
ESM,3b73_1_A,88,medium,0.2,0.9411764705882353
ESM,3b73_1_A,88,long,1.0,0.6363636363636364
ESM,3b73_1_A,88,long,0.5,0.7727272727272727
ESM,3b73_1_A,88,long,0.2,1.0
ESM,3b73_1_A,88,all,1.0,0.7727272727272727
ESM,3b73_1_A,88,all,0.5,0.9090909090909091
ESM,3b73_1_A,88,all,0.2,0.9411764705882353
ESM,3b77_1_A,188,short,1.0,0.1595744680851064
ESM,3b77_1_A,188,short,0.5,0.19148936170212766
ESM,3b77_1_A,188,short,0.2,0.3783783783783784
ESM,3b77_1_A,188,medium,1.0,0.2765957446808511
ESM,3b77_1_A,188,medium,0.5,0.2978723404255319
ESM,3b77_1_A,188,medium,0.2,0.2702702702702703
ESM,3b77_1_A,188,long,1.0,0.06382978723404255
ESM,3b77_1_A,188,long,0.5,0.02127659574468085
ESM,3b77_1_A,188,long,0.2,0.05405405405405406
ESM,3b77_1_A,188,all,1.0,0.2127659574468085
ESM,3b77_1_A,188,all,0.5,0.2127659574468085
ESM,3b77_1_A,188,all,0.2,0.43243243243243246
ESM,3bdw_1_B,116,short,1.0,0.3275862068965517
ESM,3bdw_1_B,116,short,0.5,0.5172413793103449
ESM,3bdw_1_B,116,short,0.2,0.782608695652174
ESM,3bdw_1_B,116,medium,1.0,0.3448275862068966
ESM,3bdw_1_B,116,medium,0.5,0.41379310344827586
ESM,3bdw_1_B,116,medium,0.2,0.5652173913043478
ESM,3bdw_1_B,116,long,1.0,0.46551724137931033
ESM,3bdw_1_B,116,long,0.5,0.5517241379310345
ESM,3bdw_1_B,116,long,0.2,0.8260869565217391
ESM,3bdw_1_B,116,all,1.0,0.5517241379310345
ESM,3bdw_1_B,116,all,0.5,0.6896551724137931
ESM,3bdw_1_B,116,all,0.2,0.7391304347826086
ESM,3bgh_1_B,186,short,1.0,0.06451612903225806
ESM,3bgh_1_B,186,short,0.5,0.06451612903225806
ESM,3bgh_1_B,186,short,0.2,0.05405405405405406
ESM,3bgh_1_B,186,medium,1.0,0.06451612903225806
ESM,3bgh_1_B,186,medium,0.5,0.043010752688172046
ESM,3bgh_1_B,186,medium,0.2,0.02702702702702703
ESM,3bgh_1_B,186,long,1.0,0.11827956989247312
ESM,3bgh_1_B,186,long,0.5,0.10752688172043011
ESM,3bgh_1_B,186,long,0.2,0.16216216216216217
ESM,3bgh_1_B,186,all,1.0,0.08602150537634409
ESM,3bgh_1_B,186,all,0.5,0.043010752688172046
ESM,3bgh_1_B,186,all,0.2,0.05405405405405406
ESM,3but_1_B,125,short,1.0,0.24
ESM,3but_1_B,125,short,0.5,0.2903225806451613
ESM,3but_1_B,125,short,0.2,0.16
ESM,3but_1_B,125,medium,1.0,0.56
ESM,3but_1_B,125,medium,0.5,0.6129032258064516
ESM,3but_1_B,125,medium,0.2,0.8
ESM,3but_1_B,125,long,1.0,0.664
ESM,3but_1_B,125,long,0.5,0.7741935483870968
ESM,3but_1_B,125,long,0.2,0.92
ESM,3but_1_B,125,all,1.0,0.64
ESM,3but_1_B,125,all,0.5,0.7419354838709677
ESM,3but_1_B,125,all,0.2,0.84
ESM,3c97_1_B,120,short,1.0,0.2833333333333333
ESM,3c97_1_B,120,short,0.5,0.5
ESM,3c97_1_B,120,short,0.2,0.75
ESM,3c97_1_B,120,medium,1.0,0.55
ESM,3c97_1_B,120,medium,0.5,0.7333333333333333
ESM,3c97_1_B,120,medium,0.2,0.75
ESM,3c97_1_B,120,long,1.0,0.38333333333333336
ESM,3c97_1_B,120,long,0.5,0.5
ESM,3c97_1_B,120,long,0.2,0.25
ESM,3c97_1_B,120,all,1.0,0.6333333333333333
ESM,3c97_1_B,120,all,0.5,0.5666666666666667
ESM,3c97_1_B,120,all,0.2,0.75
ESM,3cb0_1_B,162,short,1.0,0.4444444444444444
ESM,3cb0_1_B,162,short,0.5,0.654320987654321
ESM,3cb0_1_B,162,short,0.2,0.875
ESM,3cb0_1_B,162,medium,1.0,0.5185185185185185
ESM,3cb0_1_B,162,medium,0.5,0.6790123456790124
ESM,3cb0_1_B,162,medium,0.2,0.875
ESM,3cb0_1_B,162,long,1.0,0.6296296296296297
ESM,3cb0_1_B,162,long,0.5,0.7283950617283951
ESM,3cb0_1_B,162,long,0.2,0.6875
ESM,3cb0_1_B,162,all,1.0,0.7901234567901234
ESM,3cb0_1_B,162,all,0.5,0.8271604938271605
ESM,3cb0_1_B,162,all,0.2,0.9375
ESM,3ci9_1_B,45,short,1.0,0.0
ESM,3ci9_1_B,45,short,0.5,0.0
ESM,3ci9_1_B,45,short,0.2,0.0
ESM,3ci9_1_B,45,medium,1.0,0.0
ESM,3ci9_1_B,45,medium,0.5,0.0
ESM,3ci9_1_B,45,medium,0.2,0.0
ESM,3ci9_1_B,45,long,1.0,0.0
ESM,3ci9_1_B,45,long,0.5,0.0
ESM,3ci9_1_B,45,long,0.2,0.0
ESM,3ci9_1_B,45,all,1.0,0.0
ESM,3ci9_1_B,45,all,0.5,0.0
ESM,3ci9_1_B,45,all,0.2,0.0
ESM,3cok_1_A,234,short,1.0,0.37606837606837606
ESM,3cok_1_A,234,short,0.5,0.5811965811965812
ESM,3cok_1_A,234,short,0.2,0.8260869565217391
ESM,3cok_1_A,234,medium,1.0,0.5128205128205128
ESM,3cok_1_A,234,medium,0.5,0.6837606837606838
ESM,3cok_1_A,234,medium,0.2,0.9130434782608695
ESM,3cok_1_A,234,long,1.0,0.7350427350427351
ESM,3cok_1_A,234,long,0.5,0.8461538461538461
ESM,3cok_1_A,234,long,0.2,0.8695652173913043
ESM,3cok_1_A,234,all,1.0,0.8376068376068376
ESM,3cok_1_A,234,all,0.5,0.9316239316239316
ESM,3cok_1_A,234,all,0.2,0.9130434782608695
ESM,3cp3_1_B,127,short,1.0,0.23622047244094488
ESM,3cp3_1_B,127,short,0.5,0.2857142857142857
ESM,3cp3_1_B,127,short,0.2,0.32
ESM,3cp3_1_B,127,medium,1.0,0.3779527559055118
ESM,3cp3_1_B,127,medium,0.5,0.6666666666666666
ESM,3cp3_1_B,127,medium,0.2,0.96
ESM,3cp3_1_B,127,long,1.0,0.6062992125984252
ESM,3cp3_1_B,127,long,0.5,0.6825396825396826
ESM,3cp3_1_B,127,long,0.2,0.8
ESM,3cp3_1_B,127,all,1.0,0.5826771653543307
ESM,3cp3_1_B,127,all,0.5,0.6190476190476191
ESM,3cp3_1_B,127,all,0.2,0.76
ESM,3cs1_1_A,191,short,1.0,0.07329842931937172
ESM,3cs1_1_A,191,short,0.5,0.042105263157894736
ESM,3cs1_1_A,191,short,0.2,0.10526315789473684
ESM,3cs1_1_A,191,medium,1.0,0.18848167539267016
ESM,3cs1_1_A,191,medium,0.5,0.23157894736842105
ESM,3cs1_1_A,191,medium,0.2,0.3684210526315789
ESM,3cs1_1_A,191,long,1.0,0.27225130890052357
ESM,3cs1_1_A,191,long,0.5,0.42105263157894735
ESM,3cs1_1_A,191,long,0.2,0.631578947368421
ESM,3cs1_1_A,191,all,1.0,0.15706806282722513
ESM,3cs1_1_A,191,all,0.5,0.21052631578947367
ESM,3cs1_1_A,191,all,0.2,0.3684210526315789
ESM,3cw3_1_A,93,short,1.0,0.23655913978494625
ESM,3cw3_1_A,93,short,0.5,0.30434782608695654
ESM,3cw3_1_A,93,short,0.2,0.2222222222222222
ESM,3cw3_1_A,93,medium,1.0,0.15053763440860216
ESM,3cw3_1_A,93,medium,0.5,0.21739130434782608
ESM,3cw3_1_A,93,medium,0.2,0.4444444444444444
ESM,3cw3_1_A,93,long,1.0,0.3010752688172043
ESM,3cw3_1_A,93,long,0.5,0.43478260869565216
ESM,3cw3_1_A,93,long,0.2,0.6666666666666666
ESM,3cw3_1_A,93,all,1.0,0.43010752688172044
ESM,3cw3_1_A,93,all,0.5,0.5217391304347826
ESM,3cw3_1_A,93,all,0.2,0.4444444444444444
ESM,3d7j_1_C,135,short,1.0,0.11851851851851852
ESM,3d7j_1_C,135,short,0.5,0.1791044776119403
ESM,3d7j_1_C,135,short,0.2,0.07407407407407407
ESM,3d7j_1_C,135,medium,1.0,0.35555555555555557
ESM,3d7j_1_C,135,medium,0.5,0.47761194029850745
ESM,3d7j_1_C,135,medium,0.2,0.5185185185185185
ESM,3d7j_1_C,135,long,1.0,0.6296296296296297
ESM,3d7j_1_C,135,long,0.5,0.7910447761194029
ESM,3d7j_1_C,135,long,0.2,0.9259259259259259
ESM,3d7j_1_C,135,all,1.0,0.5407407407407407
ESM,3d7j_1_C,135,all,0.5,0.5970149253731343
ESM,3d7j_1_C,135,all,0.2,0.7037037037037037
ESM,3d89_1_A,136,short,1.0,0.5588235294117647
ESM,3d89_1_A,136,short,0.5,0.7647058823529411
ESM,3d89_1_A,136,short,0.2,0.8518518518518519
ESM,3d89_1_A,136,medium,1.0,0.5441176470588235
ESM,3d89_1_A,136,medium,0.5,0.7352941176470589
ESM,3d89_1_A,136,medium,0.2,0.8518518518518519
ESM,3d89_1_A,136,long,1.0,0.6764705882352942
ESM,3d89_1_A,136,long,0.5,0.8235294117647058
ESM,3d89_1_A,136,long,0.2,0.9259259259259259
ESM,3d89_1_A,136,all,1.0,0.8676470588235294
ESM,3d89_1_A,136,all,0.5,0.9117647058823529
ESM,3d89_1_A,136,all,0.2,1.0
ESM,3db0_1_C,116,short,1.0,0.15517241379310345
ESM,3db0_1_C,116,short,0.5,0.2413793103448276
ESM,3db0_1_C,116,short,0.2,0.17391304347826086
ESM,3db0_1_C,116,medium,1.0,0.39655172413793105
ESM,3db0_1_C,116,medium,0.5,0.6551724137931034
ESM,3db0_1_C,116,medium,0.2,1.0
ESM,3db0_1_C,116,long,1.0,0.603448275862069
ESM,3db0_1_C,116,long,0.5,0.6896551724137931
ESM,3db0_1_C,116,long,0.2,0.9130434782608695
ESM,3db0_1_C,116,all,1.0,0.603448275862069
ESM,3db0_1_C,116,all,0.5,0.6551724137931034
ESM,3db0_1_C,116,all,0.2,0.7391304347826086
ESM,3dl3_1_A,96,short,1.0,0.125
ESM,3dl3_1_A,96,short,0.5,0.125
ESM,3dl3_1_A,96,short,0.2,0.10526315789473684
ESM,3dl3_1_A,96,medium,1.0,0.1875
ESM,3dl3_1_A,96,medium,0.5,0.2916666666666667
ESM,3dl3_1_A,96,medium,0.2,0.631578947368421
ESM,3dl3_1_A,96,long,1.0,0.7083333333333334
ESM,3dl3_1_A,96,long,0.5,0.9583333333333334
ESM,3dl3_1_A,96,long,0.2,1.0
ESM,3dl3_1_A,96,all,1.0,0.7083333333333334
ESM,3dl3_1_A,96,all,0.5,0.75
ESM,3dl3_1_A,96,all,0.2,1.0
ESM,3dml_1_A,95,short,1.0,0.25263157894736843
ESM,3dml_1_A,95,short,0.5,0.2553191489361702
ESM,3dml_1_A,95,short,0.2,0.3684210526315789
ESM,3dml_1_A,95,medium,1.0,0.43157894736842106
ESM,3dml_1_A,95,medium,0.5,0.44680851063829785
ESM,3dml_1_A,95,medium,0.2,0.631578947368421
ESM,3dml_1_A,95,long,1.0,0.5894736842105263
ESM,3dml_1_A,95,long,0.5,0.6595744680851063
ESM,3dml_1_A,95,long,0.2,0.7894736842105263
ESM,3dml_1_A,95,all,1.0,0.5052631578947369
ESM,3dml_1_A,95,all,0.5,0.6808510638297872
ESM,3dml_1_A,95,all,0.2,0.9473684210526315
ESM,3e23_1_A,198,short,1.0,0.2828282828282828
ESM,3e23_1_A,198,short,0.5,0.3939393939393939
ESM,3e23_1_A,198,short,0.2,0.6666666666666666
ESM,3e23_1_A,198,medium,1.0,0.6767676767676768
ESM,3e23_1_A,198,medium,0.5,0.8787878787878788
ESM,3e23_1_A,198,medium,0.2,0.8717948717948718
ESM,3e23_1_A,198,long,1.0,0.7777777777777778
ESM,3e23_1_A,198,long,0.5,0.9393939393939394
ESM,3e23_1_A,198,long,0.2,0.9743589743589743
ESM,3e23_1_A,198,all,1.0,0.8585858585858586
ESM,3e23_1_A,198,all,0.5,0.8585858585858586
ESM,3e23_1_A,198,all,0.2,0.8974358974358975
ESM,3e3c_1_A,118,short,1.0,0.1016949152542373
ESM,3e3c_1_A,118,short,0.5,0.11864406779661017
ESM,3e3c_1_A,118,short,0.2,0.08695652173913043
ESM,3e3c_1_A,118,medium,1.0,0.0847457627118644
ESM,3e3c_1_A,118,medium,0.5,0.03389830508474576
ESM,3e3c_1_A,118,medium,0.2,0.0
ESM,3e3c_1_A,118,long,1.0,0.06779661016949153
ESM,3e3c_1_A,118,long,0.5,0.03389830508474576
ESM,3e3c_1_A,118,long,0.2,0.0
ESM,3e3c_1_A,118,all,1.0,0.11864406779661017
ESM,3e3c_1_A,118,all,0.5,0.1016949152542373
ESM,3e3c_1_A,118,all,0.2,0.08695652173913043
ESM,3e4r_1_A,290,short,1.0,0.296551724137931
ESM,3e4r_1_A,290,short,0.5,0.45517241379310347
ESM,3e4r_1_A,290,short,0.2,0.6896551724137931
ESM,3e4r_1_A,290,medium,1.0,0.4
ESM,3e4r_1_A,290,medium,0.5,0.5862068965517241
ESM,3e4r_1_A,290,medium,0.2,0.7241379310344828
ESM,3e4r_1_A,290,long,1.0,0.7379310344827587
ESM,3e4r_1_A,290,long,0.5,0.8827586206896552
ESM,3e4r_1_A,290,long,0.2,0.9655172413793104
ESM,3e4r_1_A,290,all,1.0,0.7586206896551724
ESM,3e4r_1_A,290,all,0.5,0.8896551724137931
ESM,3e4r_1_A,290,all,0.2,0.9310344827586207
ESM,3e5z_1_A,290,short,1.0,0.5379310344827586
ESM,3e5z_1_A,290,short,0.5,0.7586206896551724
ESM,3e5z_1_A,290,short,0.2,0.7586206896551724
ESM,3e5z_1_A,290,medium,1.0,0.6758620689655173
ESM,3e5z_1_A,290,medium,0.5,0.7517241379310344
ESM,3e5z_1_A,290,medium,0.2,0.8275862068965517
ESM,3e5z_1_A,290,long,1.0,0.7586206896551724
ESM,3e5z_1_A,290,long,0.5,0.8482758620689655
ESM,3e5z_1_A,290,long,0.2,0.9310344827586207
ESM,3e5z_1_A,290,all,1.0,0.8206896551724138
ESM,3e5z_1_A,290,all,0.5,0.8344827586206897
ESM,3e5z_1_A,290,all,0.2,0.896551724137931
ESM,3e6p_1_B,114,short,1.0,0.12280701754385964
ESM,3e6p_1_B,114,short,0.5,0.14035087719298245
ESM,3e6p_1_B,114,short,0.2,0.2727272727272727
ESM,3e6p_1_B,114,medium,1.0,0.08771929824561403
ESM,3e6p_1_B,114,medium,0.5,0.07017543859649122
ESM,3e6p_1_B,114,medium,0.2,0.09090909090909091
ESM,3e6p_1_B,114,long,1.0,0.21052631578947367
ESM,3e6p_1_B,114,long,0.5,0.2631578947368421
ESM,3e6p_1_B,114,long,0.2,0.36363636363636365
ESM,3e6p_1_B,114,all,1.0,0.15789473684210525
ESM,3e6p_1_B,114,all,0.5,0.24561403508771928
ESM,3e6p_1_B,114,all,0.2,0.36363636363636365
ESM,3ea0_1_A,240,short,1.0,0.26666666666666666
ESM,3ea0_1_A,240,short,0.5,0.36666666666666664
ESM,3ea0_1_A,240,short,0.2,0.4166666666666667
ESM,3ea0_1_A,240,medium,1.0,0.3416666666666667
ESM,3ea0_1_A,240,medium,0.5,0.6
ESM,3ea0_1_A,240,medium,0.2,0.8333333333333334
ESM,3ea0_1_A,240,long,1.0,0.8
ESM,3ea0_1_A,240,long,0.5,0.8333333333333334
ESM,3ea0_1_A,240,long,0.2,0.9583333333333334
ESM,3ea0_1_A,240,all,1.0,0.8083333333333333
ESM,3ea0_1_A,240,all,0.5,0.85
ESM,3ea0_1_A,240,all,0.2,0.875
ESM,3egw_1_C,224,short,1.0,0.017857142857142856
ESM,3egw_1_C,224,short,0.5,0.017857142857142856
ESM,3egw_1_C,224,short,0.2,0.0
ESM,3egw_1_C,224,medium,1.0,0.017857142857142856
ESM,3egw_1_C,224,medium,0.5,0.017857142857142856
ESM,3egw_1_C,224,medium,0.2,0.0
ESM,3egw_1_C,224,long,1.0,0.125
ESM,3egw_1_C,224,long,0.5,0.10714285714285714
ESM,3egw_1_C,224,long,0.2,0.045454545454545456
ESM,3egw_1_C,224,all,1.0,0.008928571428571428
ESM,3egw_1_C,224,all,0.5,0.0
ESM,3egw_1_C,224,all,0.2,0.0
ESM,3f0h_1_B,361,short,1.0,0.23268698060941828
ESM,3f0h_1_B,361,short,0.5,0.36666666666666664
ESM,3f0h_1_B,361,short,0.2,0.6111111111111112
ESM,3f0h_1_B,361,medium,1.0,0.5152354570637119
ESM,3f0h_1_B,361,medium,0.5,0.7555555555555555
ESM,3f0h_1_B,361,medium,0.2,0.9444444444444444
ESM,3f0h_1_B,361,long,1.0,0.7091412742382271
ESM,3f0h_1_B,361,long,0.5,0.8444444444444444
ESM,3f0h_1_B,361,long,0.2,0.9166666666666666
ESM,3f0h_1_B,361,all,1.0,0.8116343490304709
ESM,3f0h_1_B,361,all,0.5,0.8888888888888888
ESM,3f0h_1_B,361,all,0.2,0.9444444444444444
ESM,3fdi_1_C,161,short,1.0,0.2111801242236025
ESM,3fdi_1_C,161,short,0.5,0.325
ESM,3fdi_1_C,161,short,0.2,0.5625
ESM,3fdi_1_C,161,medium,1.0,0.2732919254658385
ESM,3fdi_1_C,161,medium,0.5,0.425
ESM,3fdi_1_C,161,medium,0.2,0.5625
ESM,3fdi_1_C,161,long,1.0,0.7453416149068323
ESM,3fdi_1_C,161,long,0.5,0.85
ESM,3fdi_1_C,161,long,0.2,0.75
ESM,3fdi_1_C,161,all,1.0,0.6024844720496895
ESM,3fdi_1_C,161,all,0.5,0.725
ESM,3fdi_1_C,161,all,0.2,0.75
ESM,3fdr_1_A,89,short,1.0,0.449438202247191
ESM,3fdr_1_A,89,short,0.5,0.5909090909090909
ESM,3fdr_1_A,89,short,0.2,0.7647058823529411
ESM,3fdr_1_A,89,medium,1.0,0.6404494382022472
ESM,3fdr_1_A,89,medium,0.5,0.7727272727272727
ESM,3fdr_1_A,89,medium,0.2,0.9411764705882353
ESM,3fdr_1_A,89,long,1.0,0.449438202247191
ESM,3fdr_1_A,89,long,0.5,0.5454545454545454
ESM,3fdr_1_A,89,long,0.2,0.7058823529411765
ESM,3fdr_1_A,89,all,1.0,0.7191011235955056
ESM,3fdr_1_A,89,all,0.5,0.8181818181818182
ESM,3fdr_1_A,89,all,0.2,0.9411764705882353
ESM,3flo_1_A,433,short,1.0,0.11547344110854503
ESM,3flo_1_A,433,short,0.5,0.12962962962962962
ESM,3flo_1_A,433,short,0.2,0.18604651162790697
ESM,3flo_1_A,433,medium,1.0,0.23556581986143188
ESM,3flo_1_A,433,medium,0.5,0.2962962962962963
ESM,3flo_1_A,433,medium,0.2,0.4883720930232558
ESM,3flo_1_A,433,long,1.0,0.5866050808314087
ESM,3flo_1_A,433,long,0.5,0.7685185185185185
ESM,3flo_1_A,433,long,0.2,0.9069767441860465
ESM,3flo_1_A,433,all,1.0,0.47575057736720555
ESM,3flo_1_A,433,all,0.5,0.5648148148148148
ESM,3flo_1_A,433,all,0.2,0.6744186046511628
ESM,3fmi_1_A,230,short,1.0,0.08695652173913043
ESM,3fmi_1_A,230,short,0.5,0.06956521739130435
ESM,3fmi_1_A,230,short,0.2,0.0
ESM,3fmi_1_A,230,medium,1.0,0.17391304347826086
ESM,3fmi_1_A,230,medium,0.5,0.2608695652173913
ESM,3fmi_1_A,230,medium,0.2,0.43478260869565216
ESM,3fmi_1_A,230,long,1.0,0.7304347826086957
ESM,3fmi_1_A,230,long,0.5,0.7391304347826086
ESM,3fmi_1_A,230,long,0.2,0.782608695652174
ESM,3fmi_1_A,230,all,1.0,0.3217391304347826
ESM,3fmi_1_A,230,all,0.5,0.3565217391304348
ESM,3fmi_1_A,230,all,0.2,0.21739130434782608
ESM,3fro_1_C,439,short,1.0,0.3052391799544419
ESM,3fro_1_C,439,short,0.5,0.4748858447488584
ESM,3fro_1_C,439,short,0.2,0.7241379310344828
ESM,3fro_1_C,439,medium,1.0,0.5489749430523918
ESM,3fro_1_C,439,medium,0.5,0.7945205479452054
ESM,3fro_1_C,439,medium,0.2,0.8850574712643678
ESM,3fro_1_C,439,long,1.0,0.7835990888382688
ESM,3fro_1_C,439,long,0.5,0.8082191780821918
ESM,3fro_1_C,439,long,0.2,0.8275862068965517
ESM,3fro_1_C,439,all,1.0,0.8223234624145785
ESM,3fro_1_C,439,all,0.5,0.8127853881278538
ESM,3fro_1_C,439,all,0.2,0.9080459770114943
ESM,3fry_1_B,72,short,1.0,0.3611111111111111
ESM,3fry_1_B,72,short,0.5,0.6111111111111112
ESM,3fry_1_B,72,short,0.2,1.0
ESM,3fry_1_B,72,medium,1.0,0.4722222222222222
ESM,3fry_1_B,72,medium,0.5,0.7777777777777778
ESM,3fry_1_B,72,medium,0.2,1.0
ESM,3fry_1_B,72,long,1.0,0.3055555555555556
ESM,3fry_1_B,72,long,0.5,0.3333333333333333
ESM,3fry_1_B,72,long,0.2,0.2857142857142857
ESM,3fry_1_B,72,all,1.0,0.6944444444444444
ESM,3fry_1_B,72,all,0.5,0.6111111111111112
ESM,3fry_1_B,72,all,0.2,0.5714285714285714
ESM,3fyd_1_A,263,short,1.0,0.22813688212927757
ESM,3fyd_1_A,263,short,0.5,0.32061068702290074
ESM,3fyd_1_A,263,short,0.2,0.38461538461538464
ESM,3fyd_1_A,263,medium,1.0,0.6007604562737643
ESM,3fyd_1_A,263,medium,0.5,0.7938931297709924
ESM,3fyd_1_A,263,medium,0.2,0.8846153846153846
ESM,3fyd_1_A,263,long,1.0,0.7642585551330798
ESM,3fyd_1_A,263,long,0.5,0.8778625954198473
ESM,3fyd_1_A,263,long,0.2,0.9615384615384616
ESM,3fyd_1_A,263,all,1.0,0.779467680608365
ESM,3fyd_1_A,263,all,0.5,0.8473282442748091
ESM,3fyd_1_A,263,all,0.2,0.8846153846153846
ESM,3g1g_1_A,77,short,1.0,0.2857142857142857
ESM,3g1g_1_A,77,short,0.5,0.3684210526315789
ESM,3g1g_1_A,77,short,0.2,0.5333333333333333
ESM,3g1g_1_A,77,medium,1.0,0.4675324675324675
ESM,3g1g_1_A,77,medium,0.5,0.8421052631578947
ESM,3g1g_1_A,77,medium,0.2,1.0
ESM,3g1g_1_A,77,long,1.0,0.5454545454545454
ESM,3g1g_1_A,77,long,0.5,0.7894736842105263
ESM,3g1g_1_A,77,long,0.2,0.8666666666666667
ESM,3g1g_1_A,77,all,1.0,0.7922077922077922
ESM,3g1g_1_A,77,all,0.5,0.7894736842105263
ESM,3g1g_1_A,77,all,0.2,0.8666666666666667
ESM,3g8z_1_B,129,short,1.0,0.40310077519379844
ESM,3g8z_1_B,129,short,0.5,0.59375
ESM,3g8z_1_B,129,short,0.2,0.88
ESM,3g8z_1_B,129,medium,1.0,0.7441860465116279
ESM,3g8z_1_B,129,medium,0.5,0.96875
ESM,3g8z_1_B,129,medium,0.2,0.96
ESM,3g8z_1_B,129,long,1.0,0.5736434108527132
ESM,3g8z_1_B,129,long,0.5,0.8125
ESM,3g8z_1_B,129,long,0.2,0.8
ESM,3g8z_1_B,129,all,1.0,0.8992248062015504
ESM,3g8z_1_B,129,all,0.5,0.90625
ESM,3g8z_1_B,129,all,0.2,1.0
ESM,3gae_1_B,253,short,1.0,0.07905138339920949
ESM,3gae_1_B,253,short,0.5,0.031746031746031744
ESM,3gae_1_B,253,short,0.2,0.0
ESM,3gae_1_B,253,medium,1.0,0.09486166007905138
ESM,3gae_1_B,253,medium,0.5,0.1111111111111111
ESM,3gae_1_B,253,medium,0.2,0.04
ESM,3gae_1_B,253,long,1.0,0.391304347826087
ESM,3gae_1_B,253,long,0.5,0.4603174603174603
ESM,3gae_1_B,253,long,0.2,0.44
ESM,3gae_1_B,253,all,1.0,0.09090909090909091
ESM,3gae_1_B,253,all,0.5,0.06349206349206349
ESM,3gae_1_B,253,all,0.2,0.0
ESM,3gmi_1_A,356,short,1.0,0.11797752808988764
ESM,3gmi_1_A,356,short,0.5,0.16853932584269662
ESM,3gmi_1_A,356,short,0.2,0.19718309859154928
ESM,3gmi_1_A,356,medium,1.0,0.11797752808988764
ESM,3gmi_1_A,356,medium,0.5,0.16853932584269662
ESM,3gmi_1_A,356,medium,0.2,0.19718309859154928
ESM,3gmi_1_A,356,long,1.0,0.19101123595505617
ESM,3gmi_1_A,356,long,0.5,0.24719101123595505
ESM,3gmi_1_A,356,long,0.2,0.3380281690140845
ESM,3gmi_1_A,356,all,1.0,0.19101123595505617
ESM,3gmi_1_A,356,all,0.5,0.2247191011235955
ESM,3gmi_1_A,356,all,0.2,0.19718309859154928
ESM,3h82_1_B,113,short,1.0,0.49557522123893805
ESM,3h82_1_B,113,short,0.5,0.7857142857142857
ESM,3h82_1_B,113,short,0.2,0.8181818181818182
ESM,3h82_1_B,113,medium,1.0,0.7610619469026548
ESM,3h82_1_B,113,medium,0.5,0.8928571428571429
ESM,3h82_1_B,113,medium,0.2,0.8181818181818182
ESM,3h82_1_B,113,long,1.0,0.6991150442477876
ESM,3h82_1_B,113,long,0.5,0.7857142857142857
ESM,3h82_1_B,113,long,0.2,1.0
ESM,3h82_1_B,113,all,1.0,0.8584070796460177
ESM,3h82_1_B,113,all,0.5,0.8571428571428571
ESM,3h82_1_B,113,all,0.2,0.8181818181818182
ESM,3h8u_1_B,115,short,1.0,0.30434782608695654
ESM,3h8u_1_B,115,short,0.5,0.45614035087719296
ESM,3h8u_1_B,115,short,0.2,0.7391304347826086
ESM,3h8u_1_B,115,medium,1.0,0.46956521739130436
ESM,3h8u_1_B,115,medium,0.5,0.6491228070175439
ESM,3h8u_1_B,115,medium,0.2,0.9130434782608695
ESM,3h8u_1_B,115,long,1.0,0.8434782608695652
ESM,3h8u_1_B,115,long,0.5,0.9298245614035088
ESM,3h8u_1_B,115,long,0.2,1.0
ESM,3h8u_1_B,115,all,1.0,0.8608695652173913
ESM,3h8u_1_B,115,all,0.5,1.0
ESM,3h8u_1_B,115,all,0.2,1.0
ESM,3hfq_1_A,341,short,1.0,0.7096774193548387
ESM,3hfq_1_A,341,short,0.5,0.9058823529411765
ESM,3hfq_1_A,341,short,0.2,1.0
ESM,3hfq_1_A,341,medium,1.0,0.8592375366568915
ESM,3hfq_1_A,341,medium,0.5,0.9647058823529412
ESM,3hfq_1_A,341,medium,0.2,1.0
ESM,3hfq_1_A,341,long,1.0,0.7038123167155426
ESM,3hfq_1_A,341,long,0.5,0.7294117647058823
ESM,3hfq_1_A,341,long,0.2,0.6470588235294118
ESM,3hfq_1_A,341,all,1.0,0.8768328445747801
ESM,3hfq_1_A,341,all,0.5,0.8588235294117647
ESM,3hfq_1_A,341,all,0.2,0.9117647058823529
ESM,3hg9_1_A,119,short,1.0,0.13445378151260504
ESM,3hg9_1_A,119,short,0.5,0.1016949152542373
ESM,3hg9_1_A,119,short,0.2,0.08695652173913043
ESM,3hg9_1_A,119,medium,1.0,0.10084033613445378
ESM,3hg9_1_A,119,medium,0.5,0.06779661016949153
ESM,3hg9_1_A,119,medium,0.2,0.17391304347826086
ESM,3hg9_1_A,119,long,1.0,0.03361344537815126
ESM,3hg9_1_A,119,long,0.5,0.05084745762711865
ESM,3hg9_1_A,119,long,0.2,0.0
ESM,3hg9_1_A,119,all,1.0,0.10084033613445378
ESM,3hg9_1_A,119,all,0.5,0.1016949152542373
ESM,3hg9_1_A,119,all,0.2,0.08695652173913043
ESM,3hhd_1_A,852,short,1.0,0.18779342723004694
ESM,3hhd_1_A,852,short,0.5,0.2347417840375587
ESM,3hhd_1_A,852,short,0.2,0.38823529411764707
ESM,3hhd_1_A,852,medium,1.0,0.32629107981220656
ESM,3hhd_1_A,852,medium,0.5,0.48826291079812206
ESM,3hhd_1_A,852,medium,0.2,0.6941176470588235
ESM,3hhd_1_A,852,long,1.0,0.6431924882629108
ESM,3hhd_1_A,852,long,0.5,0.7417840375586855
ESM,3hhd_1_A,852,long,0.2,0.8235294117647058
ESM,3hhd_1_A,852,all,1.0,0.6150234741784038
ESM,3hhd_1_A,852,all,0.5,0.7370892018779343
ESM,3hhd_1_A,852,all,0.2,0.8
ESM,3hia_1_C,74,short,1.0,0.6216216216216216
ESM,3hia_1_C,74,short,0.5,0.9459459459459459
ESM,3hia_1_C,74,short,0.2,1.0
ESM,3hia_1_C,74,medium,1.0,0.16216216216216217
ESM,3hia_1_C,74,medium,0.5,0.16216216216216217
ESM,3hia_1_C,74,medium,0.2,0.14285714285714285
ESM,3hia_1_C,74,long,1.0,0.21621621621621623
ESM,3hia_1_C,74,long,0.5,0.32432432432432434
ESM,3hia_1_C,74,long,0.2,0.5714285714285714
ESM,3hia_1_C,74,all,1.0,0.6486486486486487
ESM,3hia_1_C,74,all,0.5,0.9459459459459459
ESM,3hia_1_C,74,all,0.2,1.0
ESM,3him_1_A,190,short,1.0,0.18947368421052632
ESM,3him_1_A,190,short,0.5,0.3157894736842105
ESM,3him_1_A,190,short,0.2,0.5263157894736842
ESM,3him_1_A,190,medium,1.0,0.4
ESM,3him_1_A,190,medium,0.5,0.7052631578947368
ESM,3him_1_A,190,medium,0.2,0.7894736842105263
ESM,3him_1_A,190,long,1.0,0.7052631578947368
ESM,3him_1_A,190,long,0.5,0.7578947368421053
ESM,3him_1_A,190,long,0.2,0.7894736842105263
ESM,3him_1_A,190,all,1.0,0.7684210526315789
ESM,3him_1_A,190,all,0.5,0.7894736842105263
ESM,3him_1_A,190,all,0.2,0.8421052631578947
ESM,3hjl_1_A,321,short,1.0,0.16822429906542055
ESM,3hjl_1_A,321,short,0.5,0.175
ESM,3hjl_1_A,321,short,0.2,0.15625
ESM,3hjl_1_A,321,medium,1.0,0.09345794392523364
ESM,3hjl_1_A,321,medium,0.5,0.1625
ESM,3hjl_1_A,321,medium,0.2,0.3125
ESM,3hjl_1_A,321,long,1.0,0.5264797507788161
ESM,3hjl_1_A,321,long,0.5,0.6625
ESM,3hjl_1_A,321,long,0.2,0.8125
ESM,3hjl_1_A,321,all,1.0,0.37383177570093457
ESM,3hjl_1_A,321,all,0.5,0.4375
ESM,3hjl_1_A,321,all,0.2,0.59375
ESM,3hug_1_D,62,short,1.0,0.2903225806451613
ESM,3hug_1_D,62,short,0.5,0.3870967741935484
ESM,3hug_1_D,62,short,0.2,0.3333333333333333
ESM,3hug_1_D,62,medium,1.0,0.12903225806451613
ESM,3hug_1_D,62,medium,0.5,0.1935483870967742
ESM,3hug_1_D,62,medium,0.2,0.3333333333333333
ESM,3hug_1_D,62,long,1.0,0.3548387096774194
ESM,3hug_1_D,62,long,0.5,0.6451612903225806
ESM,3hug_1_D,62,long,0.2,1.0
ESM,3hug_1_D,62,all,1.0,0.41935483870967744
ESM,3hug_1_D,62,all,0.5,0.45161290322580644
ESM,3hug_1_D,62,all,0.2,0.5
ESM,3hvz_1_B,64,short,1.0,0.4375
ESM,3hvz_1_B,64,short,0.5,0.75
ESM,3hvz_1_B,64,short,0.2,1.0
ESM,3hvz_1_B,64,medium,1.0,0.53125
ESM,3hvz_1_B,64,medium,0.5,0.9375
ESM,3hvz_1_B,64,medium,0.2,1.0
ESM,3hvz_1_B,64,long,1.0,0.59375
ESM,3hvz_1_B,64,long,0.5,0.9375
ESM,3hvz_1_B,64,long,0.2,1.0
ESM,3hvz_1_B,64,all,1.0,0.90625
ESM,3hvz_1_B,64,all,0.5,1.0
ESM,3hvz_1_B,64,all,0.2,1.0
ESM,3hzj_1_A,287,short,1.0,0.13240418118466898
ESM,3hzj_1_A,287,short,0.5,0.16783216783216784
ESM,3hzj_1_A,287,short,0.2,0.2807017543859649
ESM,3hzj_1_A,287,medium,1.0,0.1986062717770035
ESM,3hzj_1_A,287,medium,0.5,0.32167832167832167
ESM,3hzj_1_A,287,medium,0.2,0.43859649122807015
ESM,3hzj_1_A,287,long,1.0,0.4808362369337979
ESM,3hzj_1_A,287,long,0.5,0.6293706293706294
ESM,3hzj_1_A,287,long,0.2,0.7192982456140351
ESM,3hzj_1_A,287,all,1.0,0.4181184668989547
ESM,3hzj_1_A,287,all,0.5,0.5244755244755245
ESM,3hzj_1_A,287,all,0.2,0.7368421052631579
ESM,3i3w_1_B,439,short,1.0,0.25968109339407747
ESM,3i3w_1_B,439,short,0.5,0.3333333333333333
ESM,3i3w_1_B,439,short,0.2,0.41379310344827586
ESM,3i3w_1_B,439,medium,1.0,0.4145785876993166
ESM,3i3w_1_B,439,medium,0.5,0.6210045662100456
ESM,3i3w_1_B,439,medium,0.2,0.8620689655172413
ESM,3i3w_1_B,439,long,1.0,0.7289293849658315
ESM,3i3w_1_B,439,long,0.5,0.8447488584474886
ESM,3i3w_1_B,439,long,0.2,0.9310344827586207
ESM,3i3w_1_B,439,all,1.0,0.7312072892938497
ESM,3i3w_1_B,439,all,0.5,0.8493150684931506
ESM,3i3w_1_B,439,all,0.2,0.9310344827586207
ESM,3if4_1_B,99,short,1.0,0.2727272727272727
ESM,3if4_1_B,99,short,0.5,0.2857142857142857
ESM,3if4_1_B,99,short,0.2,0.05263157894736842
ESM,3if4_1_B,99,medium,1.0,0.16161616161616163
ESM,3if4_1_B,99,medium,0.5,0.20408163265306123
ESM,3if4_1_B,99,medium,0.2,0.3157894736842105
ESM,3if4_1_B,99,long,1.0,0.12121212121212122
ESM,3if4_1_B,99,long,0.5,0.16326530612244897
ESM,3if4_1_B,99,long,0.2,0.3157894736842105
ESM,3if4_1_B,99,all,1.0,0.24242424242424243
ESM,3if4_1_B,99,all,0.5,0.2857142857142857
ESM,3if4_1_B,99,all,0.2,0.05263157894736842
ESM,3ipf_1_B,65,short,1.0,0.4
ESM,3ipf_1_B,65,short,0.5,0.625
ESM,3ipf_1_B,65,short,0.2,1.0
ESM,3ipf_1_B,65,medium,1.0,0.4
ESM,3ipf_1_B,65,medium,0.5,0.5625
ESM,3ipf_1_B,65,medium,0.2,0.7692307692307693
ESM,3ipf_1_B,65,long,1.0,0.24615384615384617
ESM,3ipf_1_B,65,long,0.5,0.3125
ESM,3ipf_1_B,65,long,0.2,0.6923076923076923
ESM,3ipf_1_B,65,all,1.0,0.5538461538461539
ESM,3ipf_1_B,65,all,0.5,0.8125
ESM,3ipf_1_B,65,all,0.2,1.0
ESM,3ipj_1_A,95,short,1.0,0.2631578947368421
ESM,3ipj_1_A,95,short,0.5,0.2127659574468085
ESM,3ipj_1_A,95,short,0.2,0.42105263157894735
ESM,3ipj_1_A,95,medium,1.0,0.4631578947368421
ESM,3ipj_1_A,95,medium,0.5,0.5531914893617021
ESM,3ipj_1_A,95,medium,0.2,0.631578947368421
ESM,3ipj_1_A,95,long,1.0,0.5473684210526316
ESM,3ipj_1_A,95,long,0.5,0.7021276595744681
ESM,3ipj_1_A,95,long,0.2,0.7894736842105263
ESM,3ipj_1_A,95,all,1.0,0.4631578947368421
ESM,3ipj_1_A,95,all,0.5,0.6808510638297872
ESM,3ipj_1_A,95,all,0.2,0.7894736842105263
ESM,3js6_1_A,321,short,1.0,0.17445482866043613
ESM,3js6_1_A,321,short,0.5,0.125
ESM,3js6_1_A,321,short,0.2,0.1875
ESM,3js6_1_A,321,medium,1.0,0.2803738317757009
ESM,3js6_1_A,321,medium,0.5,0.4375
ESM,3js6_1_A,321,medium,0.2,0.5
ESM,3js6_1_A,321,long,1.0,0.6884735202492211
ESM,3js6_1_A,321,long,0.5,0.8375
ESM,3js6_1_A,321,long,0.2,0.875
ESM,3js6_1_A,321,all,1.0,0.43613707165109034
ESM,3js6_1_A,321,all,0.5,0.4625
ESM,3js6_1_A,321,all,0.2,0.5625
ESM,3jvd_1_A,255,short,1.0,0.32941176470588235
ESM,3jvd_1_A,255,short,0.5,0.44881889763779526
ESM,3jvd_1_A,255,short,0.2,0.5294117647058824
ESM,3jvd_1_A,255,medium,1.0,0.3686274509803922
ESM,3jvd_1_A,255,medium,0.5,0.49606299212598426
ESM,3jvd_1_A,255,medium,0.2,0.5882352941176471
ESM,3jvd_1_A,255,long,1.0,0.7725490196078432
ESM,3jvd_1_A,255,long,0.5,0.84251968503937
ESM,3jvd_1_A,255,long,0.2,0.8235294117647058
ESM,3jvd_1_A,255,all,1.0,0.6823529411764706
ESM,3jvd_1_A,255,all,0.5,0.7322834645669292
ESM,3jvd_1_A,255,all,0.2,0.7254901960784313
ESM,3kci_1_A,366,short,1.0,0.6775956284153005
ESM,3kci_1_A,366,short,0.5,0.7868852459016393
ESM,3kci_1_A,366,short,0.2,0.7808219178082192
ESM,3kci_1_A,366,medium,1.0,0.8142076502732241
ESM,3kci_1_A,366,medium,0.5,0.9016393442622951
ESM,3kci_1_A,366,medium,0.2,0.9726027397260274
ESM,3kci_1_A,366,long,1.0,0.7431693989071039
ESM,3kci_1_A,366,long,0.5,0.9016393442622951
ESM,3kci_1_A,366,long,0.2,0.9726027397260274
ESM,3kci_1_A,366,all,1.0,0.8852459016393442
ESM,3kci_1_A,366,all,0.5,0.9016393442622951
ESM,3kci_1_A,366,all,0.2,0.8356164383561644
ESM,3ke2_1_B,96,short,1.0,0.25
ESM,3ke2_1_B,96,short,0.5,0.4583333333333333
ESM,3ke2_1_B,96,short,0.2,0.5263157894736842
ESM,3ke2_1_B,96,medium,1.0,0.25
ESM,3ke2_1_B,96,medium,0.5,0.3333333333333333
ESM,3ke2_1_B,96,medium,0.2,0.3684210526315789
ESM,3ke2_1_B,96,long,1.0,0.16666666666666666
ESM,3ke2_1_B,96,long,0.5,0.20833333333333334
ESM,3ke2_1_B,96,long,0.2,0.21052631578947367
ESM,3ke2_1_B,96,all,1.0,0.3541666666666667
ESM,3ke2_1_B,96,all,0.5,0.375
ESM,3ke2_1_B,96,all,0.2,0.631578947368421
ESM,3kkg_1_B,144,short,1.0,0.3333333333333333
ESM,3kkg_1_B,144,short,0.5,0.4722222222222222
ESM,3kkg_1_B,144,short,0.2,0.5714285714285714
ESM,3kkg_1_B,144,medium,1.0,0.625
ESM,3kkg_1_B,144,medium,0.5,0.8611111111111112
ESM,3kkg_1_B,144,medium,0.2,1.0
ESM,3kkg_1_B,144,long,1.0,0.7083333333333334
ESM,3kkg_1_B,144,long,0.5,0.8333333333333334
ESM,3kkg_1_B,144,long,0.2,0.8571428571428571
ESM,3kkg_1_B,144,all,1.0,0.7638888888888888
ESM,3kkg_1_B,144,all,0.5,0.7222222222222222
ESM,3kkg_1_B,144,all,0.2,0.7857142857142857
ESM,3ksv_1_B,141,short,1.0,0.19858156028368795
ESM,3ksv_1_B,141,short,0.5,0.2857142857142857
ESM,3ksv_1_B,141,short,0.2,0.5
ESM,3ksv_1_B,141,medium,1.0,0.3546099290780142
ESM,3ksv_1_B,141,medium,0.5,0.4857142857142857
ESM,3ksv_1_B,141,medium,0.2,0.7142857142857143
ESM,3ksv_1_B,141,long,1.0,0.4397163120567376
ESM,3ksv_1_B,141,long,0.5,0.45714285714285713
ESM,3ksv_1_B,141,long,0.2,0.6428571428571429
ESM,3ksv_1_B,141,all,1.0,0.48936170212765956
ESM,3ksv_1_B,141,all,0.5,0.6285714285714286
ESM,3ksv_1_B,141,all,0.2,0.6428571428571429
ESM,3kuq_1_A,192,short,1.0,0.08333333333333333
ESM,3kuq_1_A,192,short,0.5,0.0625
ESM,3kuq_1_A,192,short,0.2,0.0
ESM,3kuq_1_A,192,medium,1.0,0.19791666666666666
ESM,3kuq_1_A,192,medium,0.5,0.3125
ESM,3kuq_1_A,192,medium,0.2,0.47368421052631576
ESM,3kuq_1_A,192,long,1.0,0.4375
ESM,3kuq_1_A,192,long,0.5,0.5
ESM,3kuq_1_A,192,long,0.2,0.6842105263157895
ESM,3kuq_1_A,192,all,1.0,0.2708333333333333
ESM,3kuq_1_A,192,all,0.5,0.3333333333333333
ESM,3kuq_1_A,192,all,0.2,0.3157894736842105
ESM,3kyc_1_C,79,short,1.0,0.35443037974683544
ESM,3kyc_1_C,79,short,0.5,0.5641025641025641
ESM,3kyc_1_C,79,short,0.2,0.8666666666666667
ESM,3kyc_1_C,79,medium,1.0,0.6075949367088608
ESM,3kyc_1_C,79,medium,0.5,0.7435897435897436
ESM,3kyc_1_C,79,medium,0.2,0.8
ESM,3kyc_1_C,79,long,1.0,0.7468354430379747
ESM,3kyc_1_C,79,long,0.5,0.7948717948717948
ESM,3kyc_1_C,79,long,0.2,0.8666666666666667
ESM,3kyc_1_C,79,all,1.0,0.759493670886076
ESM,3kyc_1_C,79,all,0.5,0.7948717948717948
ESM,3kyc_1_C,79,all,0.2,0.7333333333333333
ESM,3l4c_1_A,178,short,1.0,0.12359550561797752
ESM,3l4c_1_A,178,short,0.5,0.1348314606741573
ESM,3l4c_1_A,178,short,0.2,0.17142857142857143
ESM,3l4c_1_A,178,medium,1.0,0.16853932584269662
ESM,3l4c_1_A,178,medium,0.5,0.24719101123595505
ESM,3l4c_1_A,178,medium,0.2,0.45714285714285713
ESM,3l4c_1_A,178,long,1.0,0.5393258426966292
ESM,3l4c_1_A,178,long,0.5,0.7191011235955056
ESM,3l4c_1_A,178,long,0.2,0.8857142857142857
ESM,3l4c_1_A,178,all,1.0,0.34831460674157305
ESM,3l4c_1_A,178,all,0.5,0.4044943820224719
ESM,3l4c_1_A,178,all,0.2,0.6285714285714286
ESM,3l6v_1_A,313,short,1.0,0.3194888178913738
ESM,3l6v_1_A,313,short,0.5,0.44871794871794873
ESM,3l6v_1_A,313,short,0.2,0.6774193548387096
ESM,3l6v_1_A,313,medium,1.0,0.476038338658147
ESM,3l6v_1_A,313,medium,0.5,0.5641025641025641
ESM,3l6v_1_A,313,medium,0.2,0.7096774193548387
ESM,3l6v_1_A,313,long,1.0,0.7795527156549521
ESM,3l6v_1_A,313,long,0.5,0.8974358974358975
ESM,3l6v_1_A,313,long,0.2,1.0
ESM,3l6v_1_A,313,all,1.0,0.7827476038338658
ESM,3l6v_1_A,313,all,0.5,0.8717948717948718
ESM,3l6v_1_A,313,all,0.2,1.0
ESM,3l7z_1_I,206,short,1.0,0.3592233009708738
ESM,3l7z_1_I,206,short,0.5,0.4563106796116505
ESM,3l7z_1_I,206,short,0.2,0.4878048780487805
ESM,3l7z_1_I,206,medium,1.0,0.32038834951456313
ESM,3l7z_1_I,206,medium,0.5,0.36893203883495146
ESM,3l7z_1_I,206,medium,0.2,0.3902439024390244
ESM,3l7z_1_I,206,long,1.0,0.47572815533980584
ESM,3l7z_1_I,206,long,0.5,0.6310679611650486
ESM,3l7z_1_I,206,long,0.2,0.8048780487804879
ESM,3l7z_1_I,206,all,1.0,0.5048543689320388
ESM,3l7z_1_I,206,all,0.5,0.6019417475728155
ESM,3l7z_1_I,206,all,0.2,0.7073170731707317
ESM,3l95_1_E,215,short,1.0,0.12558139534883722
ESM,3l95_1_E,215,short,0.5,0.09345794392523364
ESM,3l95_1_E,215,short,0.2,0.046511627906976744
ESM,3l95_1_E,215,medium,1.0,0.16744186046511628
ESM,3l95_1_E,215,medium,0.5,0.2803738317757009
ESM,3l95_1_E,215,medium,0.2,0.37209302325581395
ESM,3l95_1_E,215,long,1.0,0.018604651162790697
ESM,3l95_1_E,215,long,0.5,0.0
ESM,3l95_1_E,215,long,0.2,0.0
ESM,3l95_1_E,215,all,1.0,0.037209302325581395
ESM,3l95_1_E,215,all,0.5,0.0
ESM,3l95_1_E,215,all,0.2,0.0
ESM,3lin_1_A,116,short,1.0,0.25862068965517243
ESM,3lin_1_A,116,short,0.5,0.27586206896551724
ESM,3lin_1_A,116,short,0.2,0.43478260869565216
ESM,3lin_1_A,116,medium,1.0,0.5
ESM,3lin_1_A,116,medium,0.5,0.6896551724137931
ESM,3lin_1_A,116,medium,0.2,0.9130434782608695
ESM,3lin_1_A,116,long,1.0,0.4482758620689655
ESM,3lin_1_A,116,long,0.5,0.5862068965517241
ESM,3lin_1_A,116,long,0.2,0.6956521739130435
ESM,3lin_1_A,116,all,1.0,0.5344827586206896
ESM,3lin_1_A,116,all,0.5,0.7241379310344828
ESM,3lin_1_A,116,all,0.2,0.8695652173913043
ESM,3lkb_1_B,382,short,1.0,0.20418848167539266
ESM,3lkb_1_B,382,short,0.5,0.29842931937172773
ESM,3lkb_1_B,382,short,0.2,0.39473684210526316
ESM,3lkb_1_B,382,medium,1.0,0.387434554973822
ESM,3lkb_1_B,382,medium,0.5,0.4973821989528796
ESM,3lkb_1_B,382,medium,0.2,0.7105263157894737
ESM,3lkb_1_B,382,long,1.0,0.7905759162303665
ESM,3lkb_1_B,382,long,0.5,0.8638743455497382
ESM,3lkb_1_B,382,long,0.2,0.9210526315789473
ESM,3lkb_1_B,382,all,1.0,0.7068062827225131
ESM,3lkb_1_B,382,all,0.5,0.7172774869109948
ESM,3lkb_1_B,382,all,0.2,0.6578947368421053
ESM,3lub_1_F,254,short,1.0,0.12598425196850394
ESM,3lub_1_F,254,short,0.5,0.12598425196850394
ESM,3lub_1_F,254,short,0.2,0.2
ESM,3lub_1_F,254,medium,1.0,0.2125984251968504
ESM,3lub_1_F,254,medium,0.5,0.30708661417322836
ESM,3lub_1_F,254,medium,0.2,0.44
ESM,3lub_1_F,254,long,1.0,0.7007874015748031
ESM,3lub_1_F,254,long,0.5,0.84251968503937
ESM,3lub_1_F,254,long,0.2,0.84
ESM,3lub_1_F,254,all,1.0,0.5826771653543307
ESM,3lub_1_F,254,all,0.5,0.7007874015748031
ESM,3lub_1_F,254,all,0.2,0.68
ESM,3lwu_1_A,372,short,1.0,0.12365591397849462
ESM,3lwu_1_A,372,short,0.5,0.13978494623655913
ESM,3lwu_1_A,372,short,0.2,0.1891891891891892
ESM,3lwu_1_A,372,medium,1.0,0.3709677419354839
ESM,3lwu_1_A,372,medium,0.5,0.5161290322580645
ESM,3lwu_1_A,372,medium,0.2,0.7837837837837838
ESM,3lwu_1_A,372,long,1.0,0.5645161290322581
ESM,3lwu_1_A,372,long,0.5,0.6774193548387096
ESM,3lwu_1_A,372,long,0.2,0.8378378378378378
ESM,3lwu_1_A,372,all,1.0,0.5053763440860215
ESM,3lwu_1_A,372,all,0.5,0.6344086021505376
ESM,3lwu_1_A,372,all,0.2,0.7567567567567568
ESM,3mcq_1_B,302,short,1.0,0.19205298013245034
ESM,3mcq_1_B,302,short,0.5,0.2847682119205298
ESM,3mcq_1_B,302,short,0.2,0.4
ESM,3mcq_1_B,302,medium,1.0,0.10596026490066225
ESM,3mcq_1_B,302,medium,0.5,0.17218543046357615
ESM,3mcq_1_B,302,medium,0.2,0.26666666666666666
ESM,3mcq_1_B,302,long,1.0,0.6357615894039735
ESM,3mcq_1_B,302,long,0.5,0.7417218543046358
ESM,3mcq_1_B,302,long,0.2,0.8666666666666667
ESM,3mcq_1_B,302,all,1.0,0.6291390728476821
ESM,3mcq_1_B,302,all,0.5,0.695364238410596
ESM,3mcq_1_B,302,all,0.2,0.8666666666666667
ESM,3mdq_1_A,312,short,1.0,0.28205128205128205
ESM,3mdq_1_A,312,short,0.5,0.4230769230769231
ESM,3mdq_1_A,312,short,0.2,0.7096774193548387
ESM,3mdq_1_A,312,medium,1.0,0.5
ESM,3mdq_1_A,312,medium,0.5,0.6666666666666666
ESM,3mdq_1_A,312,medium,0.2,0.9032258064516129
ESM,3mdq_1_A,312,long,1.0,0.7628205128205128
ESM,3mdq_1_A,312,long,0.5,0.8717948717948718
ESM,3mdq_1_A,312,long,0.2,0.9354838709677419
ESM,3mdq_1_A,312,all,1.0,0.8397435897435898
ESM,3mdq_1_A,312,all,0.5,0.8846153846153846
ESM,3mdq_1_A,312,all,0.2,0.9354838709677419
ESM,3mlg_1_A,161,short,1.0,0.024844720496894408
ESM,3mlg_1_A,161,short,0.5,0.05
ESM,3mlg_1_A,161,short,0.2,0.0
ESM,3mlg_1_A,161,medium,1.0,0.0
ESM,3mlg_1_A,161,medium,0.5,0.0
ESM,3mlg_1_A,161,medium,0.2,0.0
ESM,3mlg_1_A,161,long,1.0,0.07453416149068323
ESM,3mlg_1_A,161,long,0.5,0.1
ESM,3mlg_1_A,161,long,0.2,0.125
ESM,3mlg_1_A,161,all,1.0,0.07453416149068323
ESM,3mlg_1_A,161,all,0.5,0.1
ESM,3mlg_1_A,161,all,0.2,0.125
ESM,3mq7_1_A,99,short,1.0,0.0
ESM,3mq7_1_A,99,short,0.5,0.0
ESM,3mq7_1_A,99,short,0.2,0.0
ESM,3mq7_1_A,99,medium,1.0,0.0
ESM,3mq7_1_A,99,medium,0.5,0.0
ESM,3mq7_1_A,99,medium,0.2,0.0
ESM,3mq7_1_A,99,long,1.0,0.0
ESM,3mq7_1_A,99,long,0.5,0.0
ESM,3mq7_1_A,99,long,0.2,0.0
ESM,3mq7_1_A,99,all,1.0,0.0
ESM,3mq7_1_A,99,all,0.5,0.0
ESM,3mq7_1_A,99,all,0.2,0.0
ESM,3n6y_1_A,124,short,1.0,0.3064516129032258
ESM,3n6y_1_A,124,short,0.5,0.3870967741935484
ESM,3n6y_1_A,124,short,0.2,0.4166666666666667
ESM,3n6y_1_A,124,medium,1.0,0.46774193548387094
ESM,3n6y_1_A,124,medium,0.5,0.5806451612903226
ESM,3n6y_1_A,124,medium,0.2,0.75
ESM,3n6y_1_A,124,long,1.0,0.5967741935483871
ESM,3n6y_1_A,124,long,0.5,0.7741935483870968
ESM,3n6y_1_A,124,long,0.2,1.0
ESM,3n6y_1_A,124,all,1.0,0.5645161290322581
ESM,3n6y_1_A,124,all,0.5,0.7741935483870968
ESM,3n6y_1_A,124,all,0.2,0.75
ESM,3nmr_1_A,175,short,1.0,0.4685714285714286
ESM,3nmr_1_A,175,short,0.5,0.7126436781609196
ESM,3nmr_1_A,175,short,0.2,0.9428571428571428
ESM,3nmr_1_A,175,medium,1.0,0.6628571428571428
ESM,3nmr_1_A,175,medium,0.5,0.7931034482758621
ESM,3nmr_1_A,175,medium,0.2,0.7714285714285715
ESM,3nmr_1_A,175,long,1.0,0.6742857142857143
ESM,3nmr_1_A,175,long,0.5,0.7471264367816092
ESM,3nmr_1_A,175,long,0.2,0.8571428571428571
ESM,3nmr_1_A,175,all,1.0,0.76
ESM,3nmr_1_A,175,all,0.5,0.8045977011494253
ESM,3nmr_1_A,175,all,0.2,0.9428571428571428
ESM,3nng_1_A,153,short,1.0,0.2222222222222222
ESM,3nng_1_A,153,short,0.5,0.34210526315789475
ESM,3nng_1_A,153,short,0.2,0.4666666666666667
ESM,3nng_1_A,153,medium,1.0,0.4117647058823529
ESM,3nng_1_A,153,medium,0.5,0.6578947368421053
ESM,3nng_1_A,153,medium,0.2,0.7333333333333333
ESM,3nng_1_A,153,long,1.0,0.7647058823529411
ESM,3nng_1_A,153,long,0.5,0.868421052631579
ESM,3nng_1_A,153,long,0.2,1.0
ESM,3nng_1_A,153,all,1.0,0.7712418300653595
ESM,3nng_1_A,153,all,0.5,0.868421052631579
ESM,3nng_1_A,153,all,0.2,1.0
ESM,3no6_1_A,235,short,1.0,0.11063829787234042
ESM,3no6_1_A,235,short,0.5,0.13675213675213677
ESM,3no6_1_A,235,short,0.2,0.2553191489361702
ESM,3no6_1_A,235,medium,1.0,0.1276595744680851
ESM,3no6_1_A,235,medium,0.5,0.18803418803418803
ESM,3no6_1_A,235,medium,0.2,0.3617021276595745
ESM,3no6_1_A,235,long,1.0,0.5531914893617021
ESM,3no6_1_A,235,long,0.5,0.6581196581196581
ESM,3no6_1_A,235,long,0.2,0.574468085106383
ESM,3no6_1_A,235,all,1.0,0.3659574468085106
ESM,3no6_1_A,235,all,0.5,0.39316239316239315
ESM,3no6_1_A,235,all,0.2,0.46808510638297873
ESM,3nqh_1_A,439,short,1.0,0.42369020501138954
ESM,3nqh_1_A,439,short,0.5,0.4840182648401826
ESM,3nqh_1_A,439,short,0.2,0.632183908045977
ESM,3nqh_1_A,439,medium,1.0,0.571753986332574
ESM,3nqh_1_A,439,medium,0.5,0.730593607305936
ESM,3nqh_1_A,439,medium,0.2,0.8850574712643678
ESM,3nqh_1_A,439,long,1.0,0.6469248291571754
ESM,3nqh_1_A,439,long,0.5,0.776255707762557
ESM,3nqh_1_A,439,long,0.2,0.7816091954022989
ESM,3nqh_1_A,439,all,1.0,0.715261958997722
ESM,3nqh_1_A,439,all,0.5,0.7808219178082192
ESM,3nqh_1_A,439,all,0.2,0.7931034482758621
ESM,3nvx_1_A,379,short,1.0,0.36939313984168864
ESM,3nvx_1_A,379,short,0.5,0.48148148148148145
ESM,3nvx_1_A,379,short,0.2,0.5733333333333334
ESM,3nvx_1_A,379,medium,1.0,0.42744063324538256
ESM,3nvx_1_A,379,medium,0.5,0.582010582010582
ESM,3nvx_1_A,379,medium,0.2,0.7866666666666666
ESM,3nvx_1_A,379,long,1.0,0.23746701846965698
ESM,3nvx_1_A,379,long,0.5,0.328042328042328
ESM,3nvx_1_A,379,long,0.2,0.48
ESM,3nvx_1_A,379,all,1.0,0.503957783641161
ESM,3nvx_1_A,379,all,0.5,0.6190476190476191
ESM,3nvx_1_A,379,all,0.2,0.76
ESM,3nwc_1_B,181,short,1.0,0.19889502762430938
ESM,3nwc_1_B,181,short,0.5,0.24444444444444444
ESM,3nwc_1_B,181,short,0.2,0.2222222222222222
ESM,3nwc_1_B,181,medium,1.0,0.22099447513812154
ESM,3nwc_1_B,181,medium,0.5,0.28888888888888886
ESM,3nwc_1_B,181,medium,0.2,0.4444444444444444
ESM,3nwc_1_B,181,long,1.0,0.49171270718232046
ESM,3nwc_1_B,181,long,0.5,0.6
ESM,3nwc_1_B,181,long,0.2,0.8888888888888888
ESM,3nwc_1_B,181,all,1.0,0.4088397790055249
ESM,3nwc_1_B,181,all,0.5,0.5333333333333333
ESM,3nwc_1_B,181,all,0.2,0.5555555555555556
ESM,3of4_1_B,208,short,1.0,0.10576923076923077
ESM,3of4_1_B,208,short,0.5,0.19230769230769232
ESM,3of4_1_B,208,short,0.2,0.2926829268292683
ESM,3of4_1_B,208,medium,1.0,0.25
ESM,3of4_1_B,208,medium,0.5,0.46153846153846156
ESM,3of4_1_B,208,medium,0.2,0.7317073170731707
ESM,3of4_1_B,208,long,1.0,0.6153846153846154
ESM,3of4_1_B,208,long,0.5,0.6923076923076923
ESM,3of4_1_B,208,long,0.2,0.8536585365853658
ESM,3of4_1_B,208,all,1.0,0.6153846153846154
ESM,3of4_1_B,208,all,0.5,0.7692307692307693
ESM,3of4_1_B,208,all,0.2,0.926829268292683
ESM,3oxh_1_A,251,short,1.0,0.49800796812749004
ESM,3oxh_1_A,251,short,0.5,0.736
ESM,3oxh_1_A,251,short,0.2,0.96
ESM,3oxh_1_A,251,medium,1.0,0.5059760956175299
ESM,3oxh_1_A,251,medium,0.5,0.672
ESM,3oxh_1_A,251,medium,0.2,0.92
ESM,3oxh_1_A,251,long,1.0,0.46215139442231074
ESM,3oxh_1_A,251,long,0.5,0.512
ESM,3oxh_1_A,251,long,0.2,0.76
ESM,3oxh_1_A,251,all,1.0,0.7450199203187251
ESM,3oxh_1_A,251,all,0.5,0.888
ESM,3oxh_1_A,251,all,0.2,1.0
ESM,3p42_1_A,234,short,1.0,0.1794871794871795
ESM,3p42_1_A,234,short,0.5,0.20512820512820512
ESM,3p42_1_A,234,short,0.2,0.30434782608695654
ESM,3p42_1_A,234,medium,1.0,0.38461538461538464
ESM,3p42_1_A,234,medium,0.5,0.47863247863247865
ESM,3p42_1_A,234,medium,0.2,0.5217391304347826
ESM,3p42_1_A,234,long,1.0,0.46153846153846156
ESM,3p42_1_A,234,long,0.5,0.6324786324786325
ESM,3p42_1_A,234,long,0.2,0.8695652173913043
ESM,3p42_1_A,234,all,1.0,0.36752136752136755
ESM,3p42_1_A,234,all,0.5,0.39316239316239315
ESM,3p42_1_A,234,all,0.2,0.4782608695652174
ESM,3pdi_1_D,432,short,1.0,0.14351851851851852
ESM,3pdi_1_D,432,short,0.5,0.2037037037037037
ESM,3pdi_1_D,432,short,0.2,0.20930232558139536
ESM,3pdi_1_D,432,medium,1.0,0.4537037037037037
ESM,3pdi_1_D,432,medium,0.5,0.6111111111111112
ESM,3pdi_1_D,432,medium,0.2,0.8372093023255814
ESM,3pdi_1_D,432,long,1.0,0.6388888888888888
ESM,3pdi_1_D,432,long,0.5,0.75
ESM,3pdi_1_D,432,long,0.2,0.8372093023255814
ESM,3pdi_1_D,432,all,1.0,0.5462962962962963
ESM,3pdi_1_D,432,all,0.5,0.7129629629629629
ESM,3pdi_1_D,432,all,0.2,0.9069767441860465
ESM,3plc_1_A,54,short,1.0,0.37037037037037035
ESM,3plc_1_A,54,short,0.5,0.37037037037037035
ESM,3plc_1_A,54,short,0.2,0.4
ESM,3plc_1_A,54,medium,1.0,0.25925925925925924
ESM,3plc_1_A,54,medium,0.5,0.2222222222222222
ESM,3plc_1_A,54,medium,0.2,0.4
ESM,3plc_1_A,54,long,1.0,0.07407407407407407
ESM,3plc_1_A,54,long,0.5,0.14814814814814814
ESM,3plc_1_A,54,long,0.2,0.4
ESM,3plc_1_A,54,all,1.0,0.4074074074074074
ESM,3plc_1_A,54,all,0.5,0.4074074074074074
ESM,3plc_1_A,54,all,0.2,0.4
ESM,3plq_1_A,126,short,1.0,0.25396825396825395
ESM,3plq_1_A,126,short,0.5,0.38095238095238093
ESM,3plq_1_A,126,short,0.2,0.56
ESM,3plq_1_A,126,medium,1.0,0.36507936507936506
ESM,3plq_1_A,126,medium,0.5,0.5555555555555556
ESM,3plq_1_A,126,medium,0.2,0.72
ESM,3plq_1_A,126,long,1.0,0.8253968253968254
ESM,3plq_1_A,126,long,0.5,1.0
ESM,3plq_1_A,126,long,0.2,1.0
ESM,3plq_1_A,126,all,1.0,0.8095238095238095
ESM,3plq_1_A,126,all,0.5,0.873015873015873
ESM,3plq_1_A,126,all,0.2,0.92
ESM,3pnu_1_B,333,short,1.0,0.0960960960960961
ESM,3pnu_1_B,333,short,0.5,0.12048192771084337
ESM,3pnu_1_B,333,short,0.2,0.18181818181818182
ESM,3pnu_1_B,333,medium,1.0,0.34534534534534533
ESM,3pnu_1_B,333,medium,0.5,0.5060240963855421
ESM,3pnu_1_B,333,medium,0.2,0.7272727272727273
ESM,3pnu_1_B,333,long,1.0,0.5945945945945946
ESM,3pnu_1_B,333,long,0.5,0.7108433734939759
ESM,3pnu_1_B,333,long,0.2,0.8181818181818182
ESM,3pnu_1_B,333,all,1.0,0.5075075075075075
ESM,3pnu_1_B,333,all,0.5,0.6144578313253012
ESM,3pnu_1_B,333,all,0.2,0.696969696969697
ESM,3puq_1_A,472,short,1.0,0.05084745762711865
ESM,3puq_1_A,472,short,0.5,0.059322033898305086
ESM,3puq_1_A,472,short,0.2,0.0851063829787234
ESM,3puq_1_A,472,medium,1.0,0.13983050847457626
ESM,3puq_1_A,472,medium,0.5,0.15254237288135594
ESM,3puq_1_A,472,medium,0.2,0.14893617021276595
ESM,3puq_1_A,472,long,1.0,0.5254237288135594
ESM,3puq_1_A,472,long,0.5,0.635593220338983
ESM,3puq_1_A,472,long,0.2,0.7872340425531915
ESM,3puq_1_A,472,all,1.0,0.2076271186440678
ESM,3puq_1_A,472,all,0.5,0.2966101694915254
ESM,3puq_1_A,472,all,0.2,0.5531914893617021
ESM,3pv5_1_A,392,short,1.0,0.336734693877551
ESM,3pv5_1_A,392,short,0.5,0.46938775510204084
ESM,3pv5_1_A,392,short,0.2,0.6923076923076923
ESM,3pv5_1_A,392,medium,1.0,0.576530612244898
ESM,3pv5_1_A,392,medium,0.5,0.7959183673469388
ESM,3pv5_1_A,392,medium,0.2,0.8717948717948718
ESM,3pv5_1_A,392,long,1.0,0.7091836734693877
ESM,3pv5_1_A,392,long,0.5,0.826530612244898
ESM,3pv5_1_A,392,long,0.2,0.8974358974358975
ESM,3pv5_1_A,392,all,1.0,0.7602040816326531
ESM,3pv5_1_A,392,all,0.5,0.8673469387755102
ESM,3pv5_1_A,392,all,0.2,0.8974358974358975
ESM,3q1o_1_A,303,short,1.0,0.07260726072607261
ESM,3q1o_1_A,303,short,0.5,0.07947019867549669
ESM,3q1o_1_A,303,short,0.2,0.03333333333333333
ESM,3q1o_1_A,303,medium,1.0,0.264026402640264
ESM,3q1o_1_A,303,medium,0.5,0.3973509933774834
ESM,3q1o_1_A,303,medium,0.2,0.5333333333333333
ESM,3q1o_1_A,303,long,1.0,0.5643564356435643
ESM,3q1o_1_A,303,long,0.5,0.6622516556291391
ESM,3q1o_1_A,303,long,0.2,0.8333333333333334
ESM,3q1o_1_A,303,all,1.0,0.4389438943894389
ESM,3q1o_1_A,303,all,0.5,0.5033112582781457
ESM,3q1o_1_A,303,all,0.2,0.5666666666666667
ESM,3qks_1_A,199,short,1.0,0.3015075376884422
ESM,3qks_1_A,199,short,0.5,0.4444444444444444
ESM,3qks_1_A,199,short,0.2,0.6410256410256411
ESM,3qks_1_A,199,medium,1.0,0.44221105527638194
ESM,3qks_1_A,199,medium,0.5,0.5858585858585859
ESM,3qks_1_A,199,medium,0.2,0.8974358974358975
ESM,3qks_1_A,199,long,1.0,0.48743718592964824
ESM,3qks_1_A,199,long,0.5,0.6363636363636364
ESM,3qks_1_A,199,long,0.2,0.8205128205128205
ESM,3qks_1_A,199,all,1.0,0.6231155778894473
ESM,3qks_1_A,199,all,0.5,0.8080808080808081
ESM,3qks_1_A,199,all,0.2,0.8974358974358975
ESM,3qyj_1_A,291,short,1.0,0.28865979381443296
ESM,3qyj_1_A,291,short,0.5,0.4413793103448276
ESM,3qyj_1_A,291,short,0.2,0.7586206896551724
ESM,3qyj_1_A,291,medium,1.0,0.3917525773195876
ESM,3qyj_1_A,291,medium,0.5,0.6068965517241379
ESM,3qyj_1_A,291,medium,0.2,0.7241379310344828
ESM,3qyj_1_A,291,long,1.0,0.7869415807560137
ESM,3qyj_1_A,291,long,0.5,0.8482758620689655
ESM,3qyj_1_A,291,long,0.2,0.9310344827586207
ESM,3qyj_1_A,291,all,1.0,0.8281786941580757
ESM,3qyj_1_A,291,all,0.5,0.9103448275862069
ESM,3qyj_1_A,291,all,0.2,0.9655172413793104
ESM,3rkp_1_A,350,short,1.0,0.37714285714285717
ESM,3rkp_1_A,350,short,0.5,0.5714285714285714
ESM,3rkp_1_A,350,short,0.2,0.7428571428571429
ESM,3rkp_1_A,350,medium,1.0,0.52
ESM,3rkp_1_A,350,medium,0.5,0.6914285714285714
ESM,3rkp_1_A,350,medium,0.2,0.8285714285714286
ESM,3rkp_1_A,350,long,1.0,0.8857142857142857
ESM,3rkp_1_A,350,long,0.5,0.8742857142857143
ESM,3rkp_1_A,350,long,0.2,0.9428571428571428
ESM,3rkp_1_A,350,all,1.0,0.7942857142857143
ESM,3rkp_1_A,350,all,0.5,0.8742857142857143
ESM,3rkp_1_A,350,all,0.2,0.8857142857142857
ESM,3s84_1_A,239,short,1.0,0.008368200836820083
ESM,3s84_1_A,239,short,0.5,0.0
ESM,3s84_1_A,239,short,0.2,0.0
ESM,3s84_1_A,239,medium,1.0,0.008368200836820083
ESM,3s84_1_A,239,medium,0.5,0.0
ESM,3s84_1_A,239,medium,0.2,0.0
ESM,3s84_1_A,239,long,1.0,0.02510460251046025
ESM,3s84_1_A,239,long,0.5,0.01680672268907563
ESM,3s84_1_A,239,long,0.2,0.0
ESM,3s84_1_A,239,all,1.0,0.0
ESM,3s84_1_A,239,all,0.5,0.0
ESM,3s84_1_A,239,all,0.2,0.0
ESM,3sf5_1_C,230,short,1.0,0.02608695652173913
ESM,3sf5_1_C,230,short,0.5,0.017391304347826087
ESM,3sf5_1_C,230,short,0.2,0.0
ESM,3sf5_1_C,230,medium,1.0,0.034782608695652174
ESM,3sf5_1_C,230,medium,0.5,0.017391304347826087
ESM,3sf5_1_C,230,medium,0.2,0.043478260869565216
ESM,3sf5_1_C,230,long,1.0,0.0
ESM,3sf5_1_C,230,long,0.5,0.0
ESM,3sf5_1_C,230,long,0.2,0.0
ESM,3sf5_1_C,230,all,1.0,0.02608695652173913
ESM,3sf5_1_C,230,all,0.5,0.017391304347826087
ESM,3sf5_1_C,230,all,0.2,0.0
ESM,3sgg_1_A,512,short,1.0,0.1015625
ESM,3sgg_1_A,512,short,0.5,0.09375
ESM,3sgg_1_A,512,short,0.2,0.11764705882352941
ESM,3sgg_1_A,512,medium,1.0,0.05078125
ESM,3sgg_1_A,512,medium,0.5,0.0703125
ESM,3sgg_1_A,512,medium,0.2,0.11764705882352941
ESM,3sgg_1_A,512,long,1.0,0.421875
ESM,3sgg_1_A,512,long,0.5,0.5625
ESM,3sgg_1_A,512,long,0.2,0.7450980392156863
ESM,3sgg_1_A,512,all,1.0,0.2578125
ESM,3sgg_1_A,512,all,0.5,0.3515625
ESM,3sgg_1_A,512,all,0.2,0.45098039215686275
ESM,3slz_1_A,114,short,1.0,0.42105263157894735
ESM,3slz_1_A,114,short,0.5,0.5087719298245614
ESM,3slz_1_A,114,short,0.2,0.5454545454545454
ESM,3slz_1_A,114,medium,1.0,0.3684210526315789
ESM,3slz_1_A,114,medium,0.5,0.40350877192982454
ESM,3slz_1_A,114,medium,0.2,0.45454545454545453
ESM,3slz_1_A,114,long,1.0,0.6491228070175439
ESM,3slz_1_A,114,long,0.5,0.7192982456140351
ESM,3slz_1_A,114,long,0.2,0.9090909090909091
ESM,3slz_1_A,114,all,1.0,0.5789473684210527
ESM,3slz_1_A,114,all,0.5,0.5964912280701754
ESM,3slz_1_A,114,all,0.2,0.6363636363636364
ESM,3snx_1_A,455,short,1.0,0.1054945054945055
ESM,3snx_1_A,455,short,0.5,0.16740088105726872
ESM,3snx_1_A,455,short,0.2,0.3076923076923077
ESM,3snx_1_A,455,medium,1.0,0.31648351648351647
ESM,3snx_1_A,455,medium,0.5,0.4933920704845815
ESM,3snx_1_A,455,medium,0.2,0.6923076923076923
ESM,3snx_1_A,455,long,1.0,0.6153846153846154
ESM,3snx_1_A,455,long,0.5,0.748898678414097
ESM,3snx_1_A,455,long,0.2,0.7802197802197802
ESM,3snx_1_A,455,all,1.0,0.5692307692307692
ESM,3snx_1_A,455,all,0.5,0.7444933920704846
ESM,3snx_1_A,455,all,0.2,0.8681318681318682
ESM,3stp_1_A,390,short,1.0,0.24102564102564103
ESM,3stp_1_A,390,short,0.5,0.37948717948717947
ESM,3stp_1_A,390,short,0.2,0.5641025641025641
ESM,3stp_1_A,390,medium,1.0,0.5076923076923077
ESM,3stp_1_A,390,medium,0.5,0.6358974358974359
ESM,3stp_1_A,390,medium,0.2,0.8205128205128205
ESM,3stp_1_A,390,long,1.0,0.7794871794871795
ESM,3stp_1_A,390,long,0.5,0.8769230769230769
ESM,3stp_1_A,390,long,0.2,0.9487179487179487
ESM,3stp_1_A,390,all,1.0,0.7897435897435897
ESM,3stp_1_A,390,all,0.5,0.8769230769230769
ESM,3stp_1_A,390,all,0.2,0.9487179487179487
ESM,3t0y_1_A,126,short,1.0,0.3492063492063492
ESM,3t0y_1_A,126,short,0.5,0.5079365079365079
ESM,3t0y_1_A,126,short,0.2,0.84
ESM,3t0y_1_A,126,medium,1.0,0.31746031746031744
ESM,3t0y_1_A,126,medium,0.5,0.5396825396825397
ESM,3t0y_1_A,126,medium,0.2,0.92
ESM,3t0y_1_A,126,long,1.0,0.5873015873015873
ESM,3t0y_1_A,126,long,0.5,0.746031746031746
ESM,3t0y_1_A,126,long,0.2,0.84
ESM,3t0y_1_A,126,all,1.0,0.7777777777777778
ESM,3t0y_1_A,126,all,0.5,0.8571428571428571
ESM,3t0y_1_A,126,all,0.2,0.84
ESM,3t8k_1_B,183,short,1.0,0.14207650273224043
ESM,3t8k_1_B,183,short,0.5,0.21978021978021978
ESM,3t8k_1_B,183,short,0.2,0.4444444444444444
ESM,3t8k_1_B,183,medium,1.0,0.36065573770491804
ESM,3t8k_1_B,183,medium,0.5,0.43956043956043955
ESM,3t8k_1_B,183,medium,0.2,0.6666666666666666
ESM,3t8k_1_B,183,long,1.0,0.5737704918032787
ESM,3t8k_1_B,183,long,0.5,0.6593406593406593
ESM,3t8k_1_B,183,long,0.2,0.7222222222222222
ESM,3t8k_1_B,183,all,1.0,0.4918032786885246
ESM,3t8k_1_B,183,all,0.5,0.6153846153846154
ESM,3t8k_1_B,183,all,0.2,0.6666666666666666
ESM,3t90_1_B,147,short,1.0,0.25170068027210885
ESM,3t90_1_B,147,short,0.5,0.3150684931506849
ESM,3t90_1_B,147,short,0.2,0.3793103448275862
ESM,3t90_1_B,147,medium,1.0,0.38095238095238093
ESM,3t90_1_B,147,medium,0.5,0.4657534246575342
ESM,3t90_1_B,147,medium,0.2,0.5517241379310345
ESM,3t90_1_B,147,long,1.0,0.7006802721088435
ESM,3t90_1_B,147,long,0.5,0.7534246575342466
ESM,3t90_1_B,147,long,0.2,0.6896551724137931
ESM,3t90_1_B,147,all,1.0,0.6666666666666666
ESM,3t90_1_B,147,all,0.5,0.6575342465753424
ESM,3t90_1_B,147,all,0.2,0.5862068965517241
ESM,3tbn_1_A,87,short,1.0,0.22988505747126436
ESM,3tbn_1_A,87,short,0.5,0.32558139534883723
ESM,3tbn_1_A,87,short,0.2,0.35294117647058826
ESM,3tbn_1_A,87,medium,1.0,0.367816091954023
ESM,3tbn_1_A,87,medium,0.5,0.46511627906976744
ESM,3tbn_1_A,87,medium,0.2,0.5882352941176471
ESM,3tbn_1_A,87,long,1.0,0.27586206896551724
ESM,3tbn_1_A,87,long,0.5,0.18604651162790697
ESM,3tbn_1_A,87,long,0.2,0.11764705882352941
ESM,3tbn_1_A,87,all,1.0,0.25287356321839083
ESM,3tbn_1_A,87,all,0.5,0.18604651162790697
ESM,3tbn_1_A,87,all,0.2,0.11764705882352941
ESM,3ted_1_A,229,short,1.0,0.06986899563318777
ESM,3ted_1_A,229,short,0.5,0.05263157894736842
ESM,3ted_1_A,229,short,0.2,0.13333333333333333
ESM,3ted_1_A,229,medium,1.0,0.05240174672489083
ESM,3ted_1_A,229,medium,0.5,0.08771929824561403
ESM,3ted_1_A,229,medium,0.2,0.1111111111111111
ESM,3ted_1_A,229,long,1.0,0.07860262008733625
ESM,3ted_1_A,229,long,0.5,0.14035087719298245
ESM,3ted_1_A,229,long,0.2,0.17777777777777778
ESM,3ted_1_A,229,all,1.0,0.07860262008733625
ESM,3ted_1_A,229,all,0.5,0.10526315789473684
ESM,3ted_1_A,229,all,0.2,0.2222222222222222
ESM,3tlq_1_A,236,short,1.0,0.2711864406779661
ESM,3tlq_1_A,236,short,0.5,0.3728813559322034
ESM,3tlq_1_A,236,short,0.2,0.46808510638297873
ESM,3tlq_1_A,236,medium,1.0,0.5
ESM,3tlq_1_A,236,medium,0.5,0.6610169491525424
ESM,3tlq_1_A,236,medium,0.2,0.8297872340425532
ESM,3tlq_1_A,236,long,1.0,0.6440677966101694
ESM,3tlq_1_A,236,long,0.5,0.7288135593220338
ESM,3tlq_1_A,236,long,0.2,0.7872340425531915
ESM,3tlq_1_A,236,all,1.0,0.652542372881356
ESM,3tlq_1_A,236,all,0.5,0.7288135593220338
ESM,3tlq_1_A,236,all,0.2,0.8297872340425532
ESM,3tma_1_A,332,short,1.0,0.21686746987951808
ESM,3tma_1_A,332,short,0.5,0.3614457831325301
ESM,3tma_1_A,332,short,0.2,0.48484848484848486
ESM,3tma_1_A,332,medium,1.0,0.4578313253012048
ESM,3tma_1_A,332,medium,0.5,0.6265060240963856
ESM,3tma_1_A,332,medium,0.2,0.8484848484848485
ESM,3tma_1_A,332,long,1.0,0.8192771084337349
ESM,3tma_1_A,332,long,0.5,0.9156626506024096
ESM,3tma_1_A,332,long,0.2,0.9393939393939394
ESM,3tma_1_A,332,all,1.0,0.7951807228915663
ESM,3tma_1_A,332,all,0.5,0.9156626506024096
ESM,3tma_1_A,332,all,0.2,0.8787878787878788
ESM,3tmk_1_A,216,short,1.0,0.16666666666666666
ESM,3tmk_1_A,216,short,0.5,0.24074074074074073
ESM,3tmk_1_A,216,short,0.2,0.4186046511627907
ESM,3tmk_1_A,216,medium,1.0,0.28703703703703703
ESM,3tmk_1_A,216,medium,0.5,0.5
ESM,3tmk_1_A,216,medium,0.2,0.6511627906976745
ESM,3tmk_1_A,216,long,1.0,0.7314814814814815
ESM,3tmk_1_A,216,long,0.5,0.7962962962962963
ESM,3tmk_1_A,216,long,0.2,0.813953488372093
ESM,3tmk_1_A,216,all,1.0,0.6759259259259259
ESM,3tmk_1_A,216,all,0.5,0.7962962962962963
ESM,3tmk_1_A,216,all,0.2,0.8604651162790697
ESM,3to3_1_A,593,short,1.0,0.12647554806070826
ESM,3to3_1_A,593,short,0.5,0.13513513513513514
ESM,3to3_1_A,593,short,0.2,0.15254237288135594
ESM,3to3_1_A,593,medium,1.0,0.12647554806070826
ESM,3to3_1_A,593,medium,0.5,0.17567567567567569
ESM,3to3_1_A,593,medium,0.2,0.1694915254237288
ESM,3to3_1_A,593,long,1.0,0.2934232715008432
ESM,3to3_1_A,593,long,0.5,0.3716216216216216
ESM,3to3_1_A,593,long,0.2,0.5254237288135594
ESM,3to3_1_A,593,all,1.0,0.18887015177065766
ESM,3to3_1_A,593,all,0.5,0.23648648648648649
ESM,3to3_1_A,593,all,0.2,0.3050847457627119
ESM,3ttg_1_A,337,short,1.0,0.27299703264094954
ESM,3ttg_1_A,337,short,0.5,0.32142857142857145
ESM,3ttg_1_A,337,short,0.2,0.3880597014925373
ESM,3ttg_1_A,337,medium,1.0,0.35014836795252224
ESM,3ttg_1_A,337,medium,0.5,0.44047619047619047
ESM,3ttg_1_A,337,medium,0.2,0.6268656716417911
ESM,3ttg_1_A,337,long,1.0,0.5727002967359051
ESM,3ttg_1_A,337,long,0.5,0.6904761904761905
ESM,3ttg_1_A,337,long,0.2,0.8208955223880597
ESM,3ttg_1_A,337,all,1.0,0.5252225519287834
ESM,3ttg_1_A,337,all,0.5,0.5833333333333334
ESM,3ttg_1_A,337,all,0.2,0.7313432835820896
ESM,3u0r_1_A,425,short,1.0,0.05647058823529412
ESM,3u0r_1_A,425,short,0.5,0.09433962264150944
ESM,3u0r_1_A,425,short,0.2,0.11764705882352941
ESM,3u0r_1_A,425,medium,1.0,0.16941176470588235
ESM,3u0r_1_A,425,medium,0.5,0.20754716981132076
ESM,3u0r_1_A,425,medium,0.2,0.27058823529411763
ESM,3u0r_1_A,425,long,1.0,0.5129411764705882
ESM,3u0r_1_A,425,long,0.5,0.6132075471698113
ESM,3u0r_1_A,425,long,0.2,0.7411764705882353
ESM,3u0r_1_A,425,all,1.0,0.23529411764705882
ESM,3u0r_1_A,425,all,0.5,0.2641509433962264
ESM,3u0r_1_A,425,all,0.2,0.3058823529411765
ESM,3u3d_1_A,263,short,1.0,0.16730038022813687
ESM,3u3d_1_A,263,short,0.5,0.1984732824427481
ESM,3u3d_1_A,263,short,0.2,0.3076923076923077
ESM,3u3d_1_A,263,medium,1.0,0.44106463878326996
ESM,3u3d_1_A,263,medium,0.5,0.6106870229007634
ESM,3u3d_1_A,263,medium,0.2,0.9230769230769231
ESM,3u3d_1_A,263,long,1.0,0.6958174904942965
ESM,3u3d_1_A,263,long,0.5,0.8473282442748091
ESM,3u3d_1_A,263,long,0.2,0.9230769230769231
ESM,3u3d_1_A,263,all,1.0,0.6387832699619772
ESM,3u3d_1_A,263,all,0.5,0.7709923664122137
ESM,3u3d_1_A,263,all,0.2,0.8846153846153846
ESM,3uao_1_A,199,short,1.0,0.2613065326633166
ESM,3uao_1_A,199,short,0.5,0.3434343434343434
ESM,3uao_1_A,199,short,0.2,0.41025641025641024
ESM,3uao_1_A,199,medium,1.0,0.3316582914572864
ESM,3uao_1_A,199,medium,0.5,0.5858585858585859
ESM,3uao_1_A,199,medium,0.2,0.8461538461538461
ESM,3uao_1_A,199,long,1.0,0.7939698492462312
ESM,3uao_1_A,199,long,0.5,0.8787878787878788
ESM,3uao_1_A,199,long,0.2,0.9487179487179487
ESM,3uao_1_A,199,all,1.0,0.8291457286432161
ESM,3uao_1_A,199,all,0.5,0.9191919191919192
ESM,3uao_1_A,199,all,0.2,0.9487179487179487
ESM,3ucf_1_A,187,short,1.0,0.2192513368983957
ESM,3ucf_1_A,187,short,0.5,0.23655913978494625
ESM,3ucf_1_A,187,short,0.2,0.21621621621621623
ESM,3ucf_1_A,187,medium,1.0,0.44385026737967914
ESM,3ucf_1_A,187,medium,0.5,0.5161290322580645
ESM,3ucf_1_A,187,medium,0.2,0.7027027027027027
ESM,3ucf_1_A,187,long,1.0,0.7967914438502673
ESM,3ucf_1_A,187,long,0.5,0.8279569892473119
ESM,3ucf_1_A,187,long,0.2,0.7837837837837838
ESM,3ucf_1_A,187,all,1.0,0.6256684491978609
ESM,3ucf_1_A,187,all,0.5,0.6236559139784946
ESM,3ucf_1_A,187,all,0.2,0.6216216216216216
ESM,3ucs_1_A,99,short,1.0,0.40404040404040403
ESM,3ucs_1_A,99,short,0.5,0.5102040816326531
ESM,3ucs_1_A,99,short,0.2,0.5789473684210527
ESM,3ucs_1_A,99,medium,1.0,0.24242424242424243
ESM,3ucs_1_A,99,medium,0.5,0.40816326530612246
ESM,3ucs_1_A,99,medium,0.2,0.631578947368421
ESM,3ucs_1_A,99,long,1.0,0.5656565656565656
ESM,3ucs_1_A,99,long,0.5,0.7346938775510204
ESM,3ucs_1_A,99,long,0.2,0.8421052631578947
ESM,3ucs_1_A,99,all,1.0,0.6767676767676768
ESM,3ucs_1_A,99,all,0.5,0.673469387755102
ESM,3ucs_1_A,99,all,0.2,0.8947368421052632
ESM,3v0u_1_A,282,short,1.0,0.3546099290780142
ESM,3v0u_1_A,282,short,0.5,0.5531914893617021
ESM,3v0u_1_A,282,short,0.2,0.8214285714285714
ESM,3v0u_1_A,282,medium,1.0,0.3829787234042553
ESM,3v0u_1_A,282,medium,0.5,0.5957446808510638
ESM,3v0u_1_A,282,medium,0.2,0.8571428571428571
ESM,3v0u_1_A,282,long,1.0,0.7375886524822695
ESM,3v0u_1_A,282,long,0.5,0.8439716312056738
ESM,3v0u_1_A,282,long,0.2,0.9285714285714286
ESM,3v0u_1_A,282,all,1.0,0.8014184397163121
ESM,3v0u_1_A,282,all,0.5,0.900709219858156
ESM,3v0u_1_A,282,all,0.2,0.9285714285714286
ESM,3v42_1_A,196,short,1.0,0.11224489795918367
ESM,3v42_1_A,196,short,0.5,0.061224489795918366
ESM,3v42_1_A,196,short,0.2,0.10256410256410256
ESM,3v42_1_A,196,medium,1.0,0.09183673469387756
ESM,3v42_1_A,196,medium,0.5,0.10204081632653061
ESM,3v42_1_A,196,medium,0.2,0.20512820512820512
ESM,3v42_1_A,196,long,1.0,0.22448979591836735
ESM,3v42_1_A,196,long,0.5,0.3673469387755102
ESM,3v42_1_A,196,long,0.2,0.5641025641025641
ESM,3v42_1_A,196,all,1.0,0.16326530612244897
ESM,3v42_1_A,196,all,0.5,0.14285714285714285
ESM,3v42_1_A,196,all,0.2,0.3076923076923077
ESM,3v7q_1_A,97,short,1.0,0.2268041237113402
ESM,3v7q_1_A,97,short,0.5,0.3333333333333333
ESM,3v7q_1_A,97,short,0.2,0.5263157894736842
ESM,3v7q_1_A,97,medium,1.0,0.20618556701030927
ESM,3v7q_1_A,97,medium,0.5,0.3333333333333333
ESM,3v7q_1_A,97,medium,0.2,0.7368421052631579
ESM,3v7q_1_A,97,long,1.0,0.7731958762886598
ESM,3v7q_1_A,97,long,0.5,0.8333333333333334
ESM,3v7q_1_A,97,long,0.2,1.0
ESM,3v7q_1_A,97,all,1.0,0.7422680412371134
ESM,3v7q_1_A,97,all,0.5,0.7916666666666666
ESM,3v7q_1_A,97,all,0.2,0.8947368421052632
ESM,3v96_1_A,164,short,1.0,0.17073170731707318
ESM,3v96_1_A,164,short,0.5,0.3170731707317073
ESM,3v96_1_A,164,short,0.2,0.4375
ESM,3v96_1_A,164,medium,1.0,0.2804878048780488
ESM,3v96_1_A,164,medium,0.5,0.34146341463414637
ESM,3v96_1_A,164,medium,0.2,0.4375
ESM,3v96_1_A,164,long,1.0,0.2682926829268293
ESM,3v96_1_A,164,long,0.5,0.36585365853658536
ESM,3v96_1_A,164,long,0.2,0.625
ESM,3v96_1_A,164,all,1.0,0.36585365853658536
ESM,3v96_1_A,164,all,0.5,0.4878048780487805
ESM,3v96_1_A,164,all,0.2,0.5
ESM,3va9_1_A,127,short,1.0,0.031496062992125984
ESM,3va9_1_A,127,short,0.5,0.0
ESM,3va9_1_A,127,short,0.2,0.0
ESM,3va9_1_A,127,medium,1.0,0.14173228346456693
ESM,3va9_1_A,127,medium,0.5,0.2222222222222222
ESM,3va9_1_A,127,medium,0.2,0.16
ESM,3va9_1_A,127,long,1.0,0.14173228346456693
ESM,3va9_1_A,127,long,0.5,0.15873015873015872
ESM,3va9_1_A,127,long,0.2,0.16
ESM,3va9_1_A,127,all,1.0,0.14173228346456693
ESM,3va9_1_A,127,all,0.5,0.12698412698412698
ESM,3va9_1_A,127,all,0.2,0.08
ESM,3vd6_1_A,96,short,1.0,0.3333333333333333
ESM,3vd6_1_A,96,short,0.5,0.5
ESM,3vd6_1_A,96,short,0.2,0.6842105263157895
ESM,3vd6_1_A,96,medium,1.0,0.6458333333333334
ESM,3vd6_1_A,96,medium,0.5,0.875
ESM,3vd6_1_A,96,medium,0.2,1.0
ESM,3vd6_1_A,96,long,1.0,0.020833333333333332
ESM,3vd6_1_A,96,long,0.5,0.041666666666666664
ESM,3vd6_1_A,96,long,0.2,0.10526315789473684
ESM,3vd6_1_A,96,all,1.0,0.10416666666666667
ESM,3vd6_1_A,96,all,0.5,0.041666666666666664
ESM,3vd6_1_A,96,all,0.2,0.10526315789473684
ESM,3vh7_1_A,52,short,1.0,0.0
ESM,3vh7_1_A,52,short,0.5,0.0
ESM,3vh7_1_A,52,short,0.2,0.0
ESM,3vh7_1_A,52,medium,1.0,0.0
ESM,3vh7_1_A,52,medium,0.5,0.0
ESM,3vh7_1_A,52,medium,0.2,0.0
ESM,3vh7_1_A,52,long,1.0,0.0
ESM,3vh7_1_A,52,long,0.5,0.0
ESM,3vh7_1_A,52,long,0.2,0.0
ESM,3vh7_1_A,52,all,1.0,0.0
ESM,3vh7_1_A,52,all,0.5,0.0
ESM,3vh7_1_A,52,all,0.2,0.0
ESM,3vk6_1_B,96,short,1.0,0.3541666666666667
ESM,3vk6_1_B,96,short,0.5,0.5
ESM,3vk6_1_B,96,short,0.2,0.5263157894736842
ESM,3vk6_1_B,96,medium,1.0,0.375
ESM,3vk6_1_B,96,medium,0.5,0.5833333333333334
ESM,3vk6_1_B,96,medium,0.2,0.5263157894736842
ESM,3vk6_1_B,96,long,1.0,0.3333333333333333
ESM,3vk6_1_B,96,long,0.5,0.4583333333333333
ESM,3vk6_1_B,96,long,0.2,0.42105263157894735
ESM,3vk6_1_B,96,all,1.0,0.4791666666666667
ESM,3vk6_1_B,96,all,0.5,0.4583333333333333
ESM,3vk6_1_B,96,all,0.2,0.5263157894736842
ESM,3vp8_1_B,80,short,1.0,0.0
ESM,3vp8_1_B,80,short,0.5,0.0
ESM,3vp8_1_B,80,short,0.2,0.0
ESM,3vp8_1_B,80,medium,1.0,0.0
ESM,3vp8_1_B,80,medium,0.5,0.0
ESM,3vp8_1_B,80,medium,0.2,0.0
ESM,3vp8_1_B,80,long,1.0,0.0
ESM,3vp8_1_B,80,long,0.5,0.0
ESM,3vp8_1_B,80,long,0.2,0.0
ESM,3vp8_1_B,80,all,1.0,0.0
ESM,3vp8_1_B,80,all,0.5,0.0
ESM,3vp8_1_B,80,all,0.2,0.0
ESM,3vtn_1_A,71,short,1.0,0.19718309859154928
ESM,3vtn_1_A,71,short,0.5,0.2857142857142857
ESM,3vtn_1_A,71,short,0.2,0.42857142857142855
ESM,3vtn_1_A,71,medium,1.0,0.028169014084507043
ESM,3vtn_1_A,71,medium,0.5,0.05714285714285714
ESM,3vtn_1_A,71,medium,0.2,0.14285714285714285
ESM,3vtn_1_A,71,long,1.0,0.0
ESM,3vtn_1_A,71,long,0.5,0.0
ESM,3vtn_1_A,71,long,0.2,0.0
ESM,3vtn_1_A,71,all,1.0,0.19718309859154928
ESM,3vtn_1_A,71,all,0.5,0.2857142857142857
ESM,3vtn_1_A,71,all,0.2,0.42857142857142855
ESM,3wco_1_B,381,short,1.0,0.2020997375328084
ESM,3wco_1_B,381,short,0.5,0.25263157894736843
ESM,3wco_1_B,381,short,0.2,0.42105263157894735
ESM,3wco_1_B,381,medium,1.0,0.3569553805774278
ESM,3wco_1_B,381,medium,0.5,0.49473684210526314
ESM,3wco_1_B,381,medium,0.2,0.7368421052631579
ESM,3wco_1_B,381,long,1.0,0.7585301837270341
ESM,3wco_1_B,381,long,0.5,0.8842105263157894
ESM,3wco_1_B,381,long,0.2,0.9473684210526315
ESM,3wco_1_B,381,all,1.0,0.7270341207349081
ESM,3wco_1_B,381,all,0.5,0.8
ESM,3wco_1_B,381,all,0.2,0.8421052631578947
ESM,3wec_1_A,401,short,1.0,0.20947630922693267
ESM,3wec_1_A,401,short,0.5,0.27
ESM,3wec_1_A,401,short,0.2,0.425
ESM,3wec_1_A,401,medium,1.0,0.32917705735660846
ESM,3wec_1_A,401,medium,0.5,0.47
ESM,3wec_1_A,401,medium,0.2,0.575
ESM,3wec_1_A,401,long,1.0,0.6483790523690773
ESM,3wec_1_A,401,long,0.5,0.8
ESM,3wec_1_A,401,long,0.2,0.85
ESM,3wec_1_A,401,all,1.0,0.5960099750623441
ESM,3wec_1_A,401,all,0.5,0.74
ESM,3wec_1_A,401,all,0.2,0.825
ESM,3wev_1_A,679,short,1.0,0.17525773195876287
ESM,3wev_1_A,679,short,0.5,0.20353982300884957
ESM,3wev_1_A,679,short,0.2,0.2962962962962963
ESM,3wev_1_A,679,medium,1.0,0.10898379970544919
ESM,3wev_1_A,679,medium,0.5,0.14749262536873156
ESM,3wev_1_A,679,medium,0.2,0.16296296296296298
ESM,3wev_1_A,679,long,1.0,0.07952871870397643
ESM,3wev_1_A,679,long,0.5,0.0943952802359882
ESM,3wev_1_A,679,long,0.2,0.14814814814814814
ESM,3wev_1_A,679,all,1.0,0.1796759941089838
ESM,3wev_1_A,679,all,0.5,0.2182890855457227
ESM,3wev_1_A,679,all,0.2,0.2814814814814815
ESM,3wp8_1_C,317,short,1.0,0.26498422712933756
ESM,3wp8_1_C,317,short,0.5,0.24050632911392406
ESM,3wp8_1_C,317,short,0.2,0.1111111111111111
ESM,3wp8_1_C,317,medium,1.0,0.6498422712933754
ESM,3wp8_1_C,317,medium,0.5,0.7468354430379747
ESM,3wp8_1_C,317,medium,0.2,0.7777777777777778
ESM,3wp8_1_C,317,long,1.0,0.025236593059936908
ESM,3wp8_1_C,317,long,0.5,0.02531645569620253
ESM,3wp8_1_C,317,long,0.2,0.0
ESM,3wp8_1_C,317,all,1.0,0.3722397476340694
ESM,3wp8_1_C,317,all,0.5,0.2911392405063291
ESM,3wp8_1_C,317,all,0.2,0.12698412698412698
ESM,3wzs_1_A,145,short,1.0,0.16551724137931034
ESM,3wzs_1_A,145,short,0.5,0.1388888888888889
ESM,3wzs_1_A,145,short,0.2,0.13793103448275862
ESM,3wzs_1_A,145,medium,1.0,0.16551724137931034
ESM,3wzs_1_A,145,medium,0.5,0.3055555555555556
ESM,3wzs_1_A,145,medium,0.2,0.4827586206896552
ESM,3wzs_1_A,145,long,1.0,0.4206896551724138
ESM,3wzs_1_A,145,long,0.5,0.5833333333333334
ESM,3wzs_1_A,145,long,0.2,0.7931034482758621
ESM,3wzs_1_A,145,all,1.0,0.3724137931034483
ESM,3wzs_1_A,145,all,0.5,0.4444444444444444
ESM,3wzs_1_A,145,all,0.2,0.6206896551724138
ESM,3zhi_1_A,73,short,1.0,0.4794520547945205
ESM,3zhi_1_A,73,short,0.5,0.7222222222222222
ESM,3zhi_1_A,73,short,0.2,0.7142857142857143
ESM,3zhi_1_A,73,medium,1.0,0.410958904109589
ESM,3zhi_1_A,73,medium,0.5,0.6111111111111112
ESM,3zhi_1_A,73,medium,0.2,0.7142857142857143
ESM,3zhi_1_A,73,long,1.0,0.684931506849315
ESM,3zhi_1_A,73,long,0.5,0.6666666666666666
ESM,3zhi_1_A,73,long,0.2,0.8571428571428571
ESM,3zhi_1_A,73,all,1.0,0.6986301369863014
ESM,3zhi_1_A,73,all,0.5,0.7222222222222222
ESM,3zhi_1_A,73,all,0.2,1.0
ESM,3zia_1_H,124,short,1.0,0.25806451612903225
ESM,3zia_1_H,124,short,0.5,0.3870967741935484
ESM,3zia_1_H,124,short,0.2,0.6666666666666666
ESM,3zia_1_H,124,medium,1.0,0.3387096774193548
ESM,3zia_1_H,124,medium,0.5,0.4838709677419355
ESM,3zia_1_H,124,medium,0.2,0.5833333333333334
ESM,3zia_1_H,124,long,1.0,0.3548387096774194
ESM,3zia_1_H,124,long,0.5,0.4838709677419355
ESM,3zia_1_H,124,long,0.2,0.8333333333333334
ESM,3zia_1_H,124,all,1.0,0.46774193548387094
ESM,3zia_1_H,124,all,0.5,0.6451612903225806
ESM,3zia_1_H,124,all,0.2,0.9166666666666666
ESM,3zrv_1_A,108,short,1.0,0.07407407407407407
ESM,3zrv_1_A,108,short,0.5,0.14814814814814814
ESM,3zrv_1_A,108,short,0.2,0.19047619047619047
ESM,3zrv_1_A,108,medium,1.0,0.2037037037037037
ESM,3zrv_1_A,108,medium,0.5,0.3333333333333333
ESM,3zrv_1_A,108,medium,0.2,0.38095238095238093
ESM,3zrv_1_A,108,long,1.0,0.37037037037037035
ESM,3zrv_1_A,108,long,0.5,0.4074074074074074
ESM,3zrv_1_A,108,long,0.2,0.47619047619047616
ESM,3zrv_1_A,108,all,1.0,0.2962962962962963
ESM,3zrv_1_A,108,all,0.5,0.4074074074074074
ESM,3zrv_1_A,108,all,0.2,0.5238095238095238
ESM,3zy2_1_B,342,short,1.0,0.1695906432748538
ESM,3zy2_1_B,342,short,0.5,0.2222222222222222
ESM,3zy2_1_B,342,short,0.2,0.29411764705882354
ESM,3zy2_1_B,342,medium,1.0,0.18128654970760233
ESM,3zy2_1_B,342,medium,0.5,0.26900584795321636
ESM,3zy2_1_B,342,medium,0.2,0.5294117647058824
ESM,3zy2_1_B,342,long,1.0,0.6140350877192983
ESM,3zy2_1_B,342,long,0.5,0.7485380116959064
ESM,3zy2_1_B,342,long,0.2,0.9117647058823529
ESM,3zy2_1_B,342,all,1.0,0.5087719298245614
ESM,3zy2_1_B,342,all,0.5,0.6666666666666666
ESM,3zy2_1_B,342,all,0.2,0.8529411764705882
ESM,4aip_1_B,665,short,1.0,0.25263157894736843
ESM,4aip_1_B,665,short,0.5,0.26506024096385544
ESM,4aip_1_B,665,short,0.2,0.3007518796992481
ESM,4aip_1_B,665,medium,1.0,0.44511278195488724
ESM,4aip_1_B,665,medium,0.5,0.6204819277108434
ESM,4aip_1_B,665,medium,0.2,0.6616541353383458
ESM,4aip_1_B,665,long,1.0,0.631578947368421
ESM,4aip_1_B,665,long,0.5,0.7530120481927711
ESM,4aip_1_B,665,long,0.2,0.849624060150376
ESM,4aip_1_B,665,all,1.0,0.6
ESM,4aip_1_B,665,all,0.5,0.6506024096385542
ESM,4aip_1_B,665,all,0.2,0.6541353383458647
ESM,4ano_1_A,209,short,1.0,0.18181818181818182
ESM,4ano_1_A,209,short,0.5,0.25
ESM,4ano_1_A,209,short,0.2,0.2926829268292683
ESM,4ano_1_A,209,medium,1.0,0.1722488038277512
ESM,4ano_1_A,209,medium,0.5,0.17307692307692307
ESM,4ano_1_A,209,medium,0.2,0.24390243902439024
ESM,4ano_1_A,209,long,1.0,0.4354066985645933
ESM,4ano_1_A,209,long,0.5,0.5192307692307693
ESM,4ano_1_A,209,long,0.2,0.6097560975609756
ESM,4ano_1_A,209,all,1.0,0.28708133971291866
ESM,4ano_1_A,209,all,0.5,0.36538461538461536
ESM,4ano_1_A,209,all,0.2,0.3902439024390244
ESM,4au2_1_B,354,short,1.0,0.22598870056497175
ESM,4au2_1_B,354,short,0.5,0.2824858757062147
ESM,4au2_1_B,354,short,0.2,0.34285714285714286
ESM,4au2_1_B,354,medium,1.0,0.4463276836158192
ESM,4au2_1_B,354,medium,0.5,0.615819209039548
ESM,4au2_1_B,354,medium,0.2,0.7714285714285715
ESM,4au2_1_B,354,long,1.0,0.4971751412429379
ESM,4au2_1_B,354,long,0.5,0.5706214689265536
ESM,4au2_1_B,354,long,0.2,0.6285714285714286
ESM,4au2_1_B,354,all,1.0,0.4406779661016949
ESM,4au2_1_B,354,all,0.5,0.5310734463276836
ESM,4au2_1_B,354,all,0.2,0.6
ESM,4avd_1_A,110,short,1.0,0.09090909090909091
ESM,4avd_1_A,110,short,0.5,0.12727272727272726
ESM,4avd_1_A,110,short,0.2,0.18181818181818182
ESM,4avd_1_A,110,medium,1.0,0.10909090909090909
ESM,4avd_1_A,110,medium,0.5,0.14545454545454545
ESM,4avd_1_A,110,medium,0.2,0.36363636363636365
ESM,4avd_1_A,110,long,1.0,0.41818181818181815
ESM,4avd_1_A,110,long,0.5,0.4909090909090909
ESM,4avd_1_A,110,long,0.2,0.5454545454545454
ESM,4avd_1_A,110,all,1.0,0.34545454545454546
ESM,4avd_1_A,110,all,0.5,0.4
ESM,4avd_1_A,110,all,0.2,0.45454545454545453
ESM,4b9w_1_B,191,short,1.0,0.387434554973822
ESM,4b9w_1_B,191,short,0.5,0.4631578947368421
ESM,4b9w_1_B,191,short,0.2,0.6842105263157895
ESM,4b9w_1_B,191,medium,1.0,0.6073298429319371
ESM,4b9w_1_B,191,medium,0.5,0.8210526315789474
ESM,4b9w_1_B,191,medium,0.2,1.0
ESM,4b9w_1_B,191,long,1.0,0.5968586387434555
ESM,4b9w_1_B,191,long,0.5,0.8
ESM,4b9w_1_B,191,long,0.2,0.8947368421052632
ESM,4b9w_1_B,191,all,1.0,0.7696335078534031
ESM,4b9w_1_B,191,all,0.5,0.8526315789473684
ESM,4b9w_1_B,191,all,0.2,1.0
ESM,4bfk_1_B,125,short,1.0,0.24
ESM,4bfk_1_B,125,short,0.5,0.25806451612903225
ESM,4bfk_1_B,125,short,0.2,0.2
ESM,4bfk_1_B,125,medium,1.0,0.432
ESM,4bfk_1_B,125,medium,0.5,0.6451612903225806
ESM,4bfk_1_B,125,medium,0.2,0.76
ESM,4bfk_1_B,125,long,1.0,0.768
ESM,4bfk_1_B,125,long,0.5,0.9032258064516129
ESM,4bfk_1_B,125,long,0.2,0.92
ESM,4bfk_1_B,125,all,1.0,0.6
ESM,4bfk_1_B,125,all,0.5,0.5806451612903226
ESM,4bfk_1_B,125,all,0.2,0.68
ESM,4bgb_1_A,316,short,1.0,0.17721518987341772
ESM,4bgb_1_A,316,short,0.5,0.25316455696202533
ESM,4bgb_1_A,316,short,0.2,0.31746031746031744
ESM,4bgb_1_A,316,medium,1.0,0.3291139240506329
ESM,4bgb_1_A,316,medium,0.5,0.3924050632911392
ESM,4bgb_1_A,316,medium,0.2,0.4126984126984127
ESM,4bgb_1_A,316,long,1.0,0.7025316455696202
ESM,4bgb_1_A,316,long,0.5,0.8481012658227848
ESM,4bgb_1_A,316,long,0.2,0.9047619047619048
ESM,4bgb_1_A,316,all,1.0,0.5569620253164557
ESM,4bgb_1_A,316,all,0.5,0.7088607594936709
ESM,4bgb_1_A,316,all,0.2,0.8412698412698413
ESM,4big_1_A,199,short,1.0,0.16080402010050251
ESM,4big_1_A,199,short,0.5,0.1414141414141414
ESM,4big_1_A,199,short,0.2,0.1282051282051282
ESM,4big_1_A,199,medium,1.0,0.11557788944723618
ESM,4big_1_A,199,medium,0.5,0.06060606060606061
ESM,4big_1_A,199,medium,0.2,0.05128205128205128
ESM,4big_1_A,199,long,1.0,0.10050251256281408
ESM,4big_1_A,199,long,0.5,0.12121212121212122
ESM,4big_1_A,199,long,0.2,0.23076923076923078
ESM,4big_1_A,199,all,1.0,0.16080402010050251
ESM,4big_1_A,199,all,0.5,0.1414141414141414
ESM,4big_1_A,199,all,0.2,0.1282051282051282
ESM,4bjh_1_A,422,short,1.0,0.33649289099526064
ESM,4bjh_1_A,422,short,0.5,0.46919431279620855
ESM,4bjh_1_A,422,short,0.2,0.7380952380952381
ESM,4bjh_1_A,422,medium,1.0,0.41706161137440756
ESM,4bjh_1_A,422,medium,0.5,0.5971563981042654
ESM,4bjh_1_A,422,medium,0.2,0.8809523809523809
ESM,4bjh_1_A,422,long,1.0,0.7630331753554502
ESM,4bjh_1_A,422,long,0.5,0.8909952606635071
ESM,4bjh_1_A,422,long,0.2,0.9285714285714286
ESM,4bjh_1_A,422,all,1.0,0.8246445497630331
ESM,4bjh_1_A,422,all,0.5,0.9052132701421801
ESM,4bjh_1_A,422,all,0.2,0.9761904761904762
ESM,4bze_1_A,322,short,1.0,0.38509316770186336
ESM,4bze_1_A,322,short,0.5,0.577639751552795
ESM,4bze_1_A,322,short,0.2,0.84375
ESM,4bze_1_A,322,medium,1.0,0.546583850931677
ESM,4bze_1_A,322,medium,0.5,0.7080745341614907
ESM,4bze_1_A,322,medium,0.2,0.9375
ESM,4bze_1_A,322,long,1.0,0.5652173913043478
ESM,4bze_1_A,322,long,0.5,0.7639751552795031
ESM,4bze_1_A,322,long,0.2,0.9375
ESM,4bze_1_A,322,all,1.0,0.7577639751552795
ESM,4bze_1_A,322,all,0.5,0.9006211180124224
ESM,4bze_1_A,322,all,0.2,0.96875
ESM,4c0n_1_B,150,short,1.0,0.08
ESM,4c0n_1_B,150,short,0.5,0.14666666666666667
ESM,4c0n_1_B,150,short,0.2,0.06666666666666667
ESM,4c0n_1_B,150,medium,1.0,0.13333333333333333
ESM,4c0n_1_B,150,medium,0.5,0.24
ESM,4c0n_1_B,150,medium,0.2,0.4666666666666667
ESM,4c0n_1_B,150,long,1.0,0.6533333333333333
ESM,4c0n_1_B,150,long,0.5,0.7866666666666666
ESM,4c0n_1_B,150,long,0.2,0.9333333333333333
ESM,4c0n_1_B,150,all,1.0,0.5333333333333333
ESM,4c0n_1_B,150,all,0.5,0.6266666666666667
ESM,4c0n_1_B,150,all,0.2,0.8
ESM,4c5f_1_A,330,short,1.0,0.2606060606060606
ESM,4c5f_1_A,330,short,0.5,0.4
ESM,4c5f_1_A,330,short,0.2,0.5454545454545454
ESM,4c5f_1_A,330,medium,1.0,0.24242424242424243
ESM,4c5f_1_A,330,medium,0.5,0.3515151515151515
ESM,4c5f_1_A,330,medium,0.2,0.5757575757575758
ESM,4c5f_1_A,330,long,1.0,0.5454545454545454
ESM,4c5f_1_A,330,long,0.5,0.7515151515151515
ESM,4c5f_1_A,330,long,0.2,0.8484848484848485
ESM,4c5f_1_A,330,all,1.0,0.5818181818181818
ESM,4c5f_1_A,330,all,0.5,0.6787878787878788
ESM,4c5f_1_A,330,all,0.2,0.7272727272727273
ESM,4cag_1_A,584,short,1.0,0.4623287671232877
ESM,4cag_1_A,584,short,0.5,0.636986301369863
ESM,4cag_1_A,584,short,0.2,0.8448275862068966
ESM,4cag_1_A,584,medium,1.0,0.4623287671232877
ESM,4cag_1_A,584,medium,0.5,0.6095890410958904
ESM,4cag_1_A,584,medium,0.2,0.8103448275862069
ESM,4cag_1_A,584,long,1.0,0.4828767123287671
ESM,4cag_1_A,584,long,0.5,0.589041095890411
ESM,4cag_1_A,584,long,0.2,0.8620689655172413
ESM,4cag_1_A,584,all,1.0,0.702054794520548
ESM,4cag_1_A,584,all,0.5,0.8561643835616438
ESM,4cag_1_A,584,all,0.2,0.896551724137931
ESM,4cu9_1_A,173,short,1.0,0.15028901734104047
ESM,4cu9_1_A,173,short,0.5,0.13953488372093023
ESM,4cu9_1_A,173,short,0.2,0.0
ESM,4cu9_1_A,173,medium,1.0,0.18497109826589594
ESM,4cu9_1_A,173,medium,0.5,0.20930232558139536
ESM,4cu9_1_A,173,medium,0.2,0.29411764705882354
ESM,4cu9_1_A,173,long,1.0,0.6127167630057804
ESM,4cu9_1_A,173,long,0.5,0.7906976744186046
ESM,4cu9_1_A,173,long,0.2,0.9411764705882353
ESM,4cu9_1_A,173,all,1.0,0.47398843930635837
ESM,4cu9_1_A,173,all,0.5,0.46511627906976744
ESM,4cu9_1_A,173,all,0.2,0.5294117647058824
ESM,4cw4_1_A,639,short,1.0,0.1189358372456964
ESM,4cw4_1_A,639,short,0.5,0.14420062695924765
ESM,4cw4_1_A,639,short,0.2,0.1732283464566929
ESM,4cw4_1_A,639,medium,1.0,0.12206572769953052
ESM,4cw4_1_A,639,medium,0.5,0.16927899686520376
ESM,4cw4_1_A,639,medium,0.2,0.31496062992125984
ESM,4cw4_1_A,639,long,1.0,0.3615023474178404
ESM,4cw4_1_A,639,long,0.5,0.5203761755485894
ESM,4cw4_1_A,639,long,0.2,0.7244094488188977
ESM,4cw4_1_A,639,all,1.0,0.3348982785602504
ESM,4cw4_1_A,639,all,0.5,0.45454545454545453
ESM,4cw4_1_A,639,all,0.2,0.6299212598425197
ESM,4d12_1_A,301,short,1.0,0.13953488372093023
ESM,4d12_1_A,301,short,0.5,0.16
ESM,4d12_1_A,301,short,0.2,0.16666666666666666
ESM,4d12_1_A,301,medium,1.0,0.24584717607973422
ESM,4d12_1_A,301,medium,0.5,0.38666666666666666
ESM,4d12_1_A,301,medium,0.2,0.5666666666666667
ESM,4d12_1_A,301,long,1.0,0.33222591362126247
ESM,4d12_1_A,301,long,0.5,0.44
ESM,4d12_1_A,301,long,0.2,0.5333333333333333
ESM,4d12_1_A,301,all,1.0,0.31893687707641194
ESM,4d12_1_A,301,all,0.5,0.3466666666666667
ESM,4d12_1_A,301,all,0.2,0.43333333333333335
ESM,4d53_1_A,133,short,1.0,0.24060150375939848
ESM,4d53_1_A,133,short,0.5,0.30303030303030304
ESM,4d53_1_A,133,short,0.2,0.5384615384615384
ESM,4d53_1_A,133,medium,1.0,0.3157894736842105
ESM,4d53_1_A,133,medium,0.5,0.42424242424242425
ESM,4d53_1_A,133,medium,0.2,0.6153846153846154
ESM,4d53_1_A,133,long,1.0,0.6240601503759399
ESM,4d53_1_A,133,long,0.5,0.6666666666666666
ESM,4d53_1_A,133,long,0.2,0.7692307692307693
ESM,4d53_1_A,133,all,1.0,0.6165413533834586
ESM,4d53_1_A,133,all,0.5,0.7272727272727273
ESM,4d53_1_A,133,all,0.2,0.7692307692307693
ESM,4djg_1_B,47,short,1.0,0.0425531914893617
ESM,4djg_1_B,47,short,0.5,0.08695652173913043
ESM,4djg_1_B,47,short,0.2,0.2222222222222222
ESM,4djg_1_B,47,medium,1.0,0.2553191489361702
ESM,4djg_1_B,47,medium,0.5,0.43478260869565216
ESM,4djg_1_B,47,medium,0.2,0.7777777777777778
ESM,4djg_1_B,47,long,1.0,0.2978723404255319
ESM,4djg_1_B,47,long,0.5,0.5217391304347826
ESM,4djg_1_B,47,long,0.2,0.6666666666666666
ESM,4djg_1_B,47,all,1.0,0.3404255319148936
ESM,4djg_1_B,47,all,0.5,0.43478260869565216
ESM,4djg_1_B,47,all,0.2,0.6666666666666666
ESM,4dy0_1_A,362,short,1.0,0.14917127071823205
ESM,4dy0_1_A,362,short,0.5,0.20994475138121546
ESM,4dy0_1_A,362,short,0.2,0.3333333333333333
ESM,4dy0_1_A,362,medium,1.0,0.36464088397790057
ESM,4dy0_1_A,362,medium,0.5,0.4696132596685083
ESM,4dy0_1_A,362,medium,0.2,0.6111111111111112
ESM,4dy0_1_A,362,long,1.0,0.4696132596685083
ESM,4dy0_1_A,362,long,0.5,0.56353591160221
ESM,4dy0_1_A,362,long,0.2,0.6111111111111112
ESM,4dy0_1_A,362,all,1.0,0.36464088397790057
ESM,4dy0_1_A,362,all,0.5,0.4198895027624309
ESM,4dy0_1_A,362,all,0.2,0.4444444444444444
ESM,4e4w_1_B,213,short,1.0,0.15023474178403756
ESM,4e4w_1_B,213,short,0.5,0.22641509433962265
ESM,4e4w_1_B,213,short,0.2,0.14285714285714285
ESM,4e4w_1_B,213,medium,1.0,0.13145539906103287
ESM,4e4w_1_B,213,medium,0.5,0.20754716981132076
ESM,4e4w_1_B,213,medium,0.2,0.3333333333333333
ESM,4e4w_1_B,213,long,1.0,0.13145539906103287
ESM,4e4w_1_B,213,long,0.5,0.16981132075471697
ESM,4e4w_1_B,213,long,0.2,0.19047619047619047
ESM,4e4w_1_B,213,all,1.0,0.18779342723004694
ESM,4e4w_1_B,213,all,0.5,0.20754716981132076
ESM,4e4w_1_B,213,all,0.2,0.14285714285714285
ESM,4eae_1_A,184,short,1.0,0.13043478260869565
ESM,4eae_1_A,184,short,0.5,0.08695652173913043
ESM,4eae_1_A,184,short,0.2,0.0
ESM,4eae_1_A,184,medium,1.0,0.21739130434782608
ESM,4eae_1_A,184,medium,0.5,0.32608695652173914
ESM,4eae_1_A,184,medium,0.2,0.3888888888888889
ESM,4eae_1_A,184,long,1.0,0.6195652173913043
ESM,4eae_1_A,184,long,0.5,0.8043478260869565
ESM,4eae_1_A,184,long,0.2,1.0
ESM,4eae_1_A,184,all,1.0,0.42391304347826086
ESM,4eae_1_A,184,all,0.5,0.4782608695652174
ESM,4eae_1_A,184,all,0.2,0.5
ESM,4ehx_1_A,315,short,1.0,0.2857142857142857
ESM,4ehx_1_A,315,short,0.5,0.42038216560509556
ESM,4ehx_1_A,315,short,0.2,0.6507936507936508
ESM,4ehx_1_A,315,medium,1.0,0.4253968253968254
ESM,4ehx_1_A,315,medium,0.5,0.5605095541401274
ESM,4ehx_1_A,315,medium,0.2,0.6825396825396826
ESM,4ehx_1_A,315,long,1.0,0.653968253968254
ESM,4ehx_1_A,315,long,0.5,0.7770700636942676
ESM,4ehx_1_A,315,long,0.2,0.873015873015873
ESM,4ehx_1_A,315,all,1.0,0.6730158730158731
ESM,4ehx_1_A,315,all,0.5,0.821656050955414
ESM,4ehx_1_A,315,all,0.2,0.9365079365079365
ESM,4esj_1_A,246,short,1.0,0.17073170731707318
ESM,4esj_1_A,246,short,0.5,0.2926829268292683
ESM,4esj_1_A,246,short,0.2,0.40816326530612246
ESM,4esj_1_A,246,medium,1.0,0.2764227642276423
ESM,4esj_1_A,246,medium,0.5,0.4065040650406504
ESM,4esj_1_A,246,medium,0.2,0.5306122448979592
ESM,4esj_1_A,246,long,1.0,0.2682926829268293
ESM,4esj_1_A,246,long,0.5,0.43902439024390244
ESM,4esj_1_A,246,long,0.2,0.7142857142857143
ESM,4esj_1_A,246,all,1.0,0.45528455284552843
ESM,4esj_1_A,246,all,0.5,0.5853658536585366
ESM,4esj_1_A,246,all,0.2,0.6938775510204082
ESM,4esq_1_A,194,short,1.0,0.29896907216494845
ESM,4esq_1_A,194,short,0.5,0.4742268041237113
ESM,4esq_1_A,194,short,0.2,0.6842105263157895
ESM,4esq_1_A,194,medium,1.0,0.4742268041237113
ESM,4esq_1_A,194,medium,0.5,0.5154639175257731
ESM,4esq_1_A,194,medium,0.2,0.7894736842105263
ESM,4esq_1_A,194,long,1.0,0.4329896907216495
ESM,4esq_1_A,194,long,0.5,0.5257731958762887
ESM,4esq_1_A,194,long,0.2,0.631578947368421
ESM,4esq_1_A,194,all,1.0,0.5670103092783505
ESM,4esq_1_A,194,all,0.5,0.7731958762886598
ESM,4esq_1_A,194,all,0.2,0.8947368421052632
ESM,4f3n_1_A,374,short,1.0,0.18716577540106952
ESM,4f3n_1_A,374,short,0.5,0.26737967914438504
ESM,4f3n_1_A,374,short,0.2,0.3783783783783784
ESM,4f3n_1_A,374,medium,1.0,0.18716577540106952
ESM,4f3n_1_A,374,medium,0.5,0.3422459893048128
ESM,4f3n_1_A,374,medium,0.2,0.4864864864864865
ESM,4f3n_1_A,374,long,1.0,0.7647058823529411
ESM,4f3n_1_A,374,long,0.5,0.8449197860962567
ESM,4f3n_1_A,374,long,0.2,0.918918918918919
ESM,4f3n_1_A,374,all,1.0,0.5989304812834224
ESM,4f3n_1_A,374,all,0.5,0.6737967914438503
ESM,4f3n_1_A,374,all,0.2,0.8918918918918919
ESM,4fzo_1_A,82,short,1.0,0.0975609756097561
ESM,4fzo_1_A,82,short,0.5,0.0975609756097561
ESM,4fzo_1_A,82,short,0.2,0.25
ESM,4fzo_1_A,82,medium,1.0,0.3170731707317073
ESM,4fzo_1_A,82,medium,0.5,0.5365853658536586
ESM,4fzo_1_A,82,medium,0.2,0.875
ESM,4fzo_1_A,82,long,1.0,0.6097560975609756
ESM,4fzo_1_A,82,long,0.5,0.6341463414634146
ESM,4fzo_1_A,82,long,0.2,0.875
ESM,4fzo_1_A,82,all,1.0,0.4878048780487805
ESM,4fzo_1_A,82,all,0.5,0.7804878048780488
ESM,4fzo_1_A,82,all,0.2,1.0
ESM,4g2s_1_A,106,short,1.0,0.1320754716981132
ESM,4g2s_1_A,106,short,0.5,0.07547169811320754
ESM,4g2s_1_A,106,short,0.2,0.09523809523809523
ESM,4g2s_1_A,106,medium,1.0,0.07547169811320754
ESM,4g2s_1_A,106,medium,0.5,0.07547169811320754
ESM,4g2s_1_A,106,medium,0.2,0.09523809523809523
ESM,4g2s_1_A,106,long,1.0,0.03773584905660377
ESM,4g2s_1_A,106,long,0.5,0.03773584905660377
ESM,4g2s_1_A,106,long,0.2,0.0
ESM,4g2s_1_A,106,all,1.0,0.03773584905660377
ESM,4g2s_1_A,106,all,0.5,0.07547169811320754
ESM,4g2s_1_A,106,all,0.2,0.0
ESM,4ga1_1_A,143,short,1.0,0.32167832167832167
ESM,4ga1_1_A,143,short,0.5,0.5070422535211268
ESM,4ga1_1_A,143,short,0.2,0.9285714285714286
ESM,4ga1_1_A,143,medium,1.0,0.7832167832167832
ESM,4ga1_1_A,143,medium,0.5,0.9154929577464789
ESM,4ga1_1_A,143,medium,0.2,1.0
ESM,4ga1_1_A,143,long,1.0,0.6433566433566433
ESM,4ga1_1_A,143,long,0.5,0.7605633802816901
ESM,4ga1_1_A,143,long,0.2,0.6428571428571429
ESM,4ga1_1_A,143,all,1.0,0.8601398601398601
ESM,4ga1_1_A,143,all,0.5,0.9436619718309859
ESM,4ga1_1_A,143,all,0.2,0.9285714285714286
ESM,4gq1_1_A,347,short,1.0,0.46397694524495675
ESM,4gq1_1_A,347,short,0.5,0.5549132947976878
ESM,4gq1_1_A,347,short,0.2,0.6376811594202898
ESM,4gq1_1_A,347,medium,1.0,0.7406340057636888
ESM,4gq1_1_A,347,medium,0.5,0.838150289017341
ESM,4gq1_1_A,347,medium,0.2,0.9130434782608695
ESM,4gq1_1_A,347,long,1.0,0.7694524495677233
ESM,4gq1_1_A,347,long,0.5,0.8554913294797688
ESM,4gq1_1_A,347,long,0.2,0.8840579710144928
ESM,4gq1_1_A,347,all,1.0,0.7838616714697406
ESM,4gq1_1_A,347,all,0.5,0.815028901734104
ESM,4gq1_1_A,347,all,0.2,0.855072463768116
ESM,4h09_1_A,374,short,1.0,0.32085561497326204
ESM,4h09_1_A,374,short,0.5,0.49732620320855614
ESM,4h09_1_A,374,short,0.2,0.6216216216216216
ESM,4h09_1_A,374,medium,1.0,0.9090909090909091
ESM,4h09_1_A,374,medium,0.5,0.9679144385026738
ESM,4h09_1_A,374,medium,0.2,1.0
ESM,4h09_1_A,374,long,1.0,0.6684491978609626
ESM,4h09_1_A,374,long,0.5,0.839572192513369
ESM,4h09_1_A,374,long,0.2,0.972972972972973
ESM,4h09_1_A,374,all,1.0,0.9197860962566845
ESM,4h09_1_A,374,all,0.5,0.9893048128342246
ESM,4h09_1_A,374,all,0.2,1.0
ESM,4h3u_1_A,131,short,1.0,0.4580152671755725
ESM,4h3u_1_A,131,short,0.5,0.7230769230769231
ESM,4h3u_1_A,131,short,0.2,1.0
ESM,4h3u_1_A,131,medium,1.0,0.7099236641221374
ESM,4h3u_1_A,131,medium,0.5,0.8461538461538461
ESM,4h3u_1_A,131,medium,0.2,1.0
ESM,4h3u_1_A,131,long,1.0,0.7251908396946565
ESM,4h3u_1_A,131,long,0.5,0.7692307692307693
ESM,4h3u_1_A,131,long,0.2,0.7692307692307693
ESM,4h3u_1_A,131,all,1.0,0.8854961832061069
ESM,4h3u_1_A,131,all,0.5,0.9076923076923077
ESM,4h3u_1_A,131,all,0.2,1.0
ESM,4hei_1_A,92,short,1.0,0.2608695652173913
ESM,4hei_1_A,92,short,0.5,0.4782608695652174
ESM,4hei_1_A,92,short,0.2,0.7777777777777778
ESM,4hei_1_A,92,medium,1.0,0.6521739130434783
ESM,4hei_1_A,92,medium,0.5,0.8695652173913043
ESM,4hei_1_A,92,medium,0.2,0.7777777777777778
ESM,4hei_1_A,92,long,1.0,0.717391304347826
ESM,4hei_1_A,92,long,0.5,0.782608695652174
ESM,4hei_1_A,92,long,0.2,0.6666666666666666
ESM,4hei_1_A,92,all,1.0,0.8260869565217391
ESM,4hei_1_A,92,all,0.5,0.8695652173913043
ESM,4hei_1_A,92,all,0.2,1.0
ESM,4hst_1_A,216,short,1.0,0.17592592592592593
ESM,4hst_1_A,216,short,0.5,0.2962962962962963
ESM,4hst_1_A,216,short,0.2,0.4186046511627907
ESM,4hst_1_A,216,medium,1.0,0.28703703703703703
ESM,4hst_1_A,216,medium,0.5,0.42592592592592593
ESM,4hst_1_A,216,medium,0.2,0.6046511627906976
ESM,4hst_1_A,216,long,1.0,0.39814814814814814
ESM,4hst_1_A,216,long,0.5,0.5555555555555556
ESM,4hst_1_A,216,long,0.2,0.813953488372093
ESM,4hst_1_A,216,all,1.0,0.4166666666666667
ESM,4hst_1_A,216,all,0.5,0.5185185185185185
ESM,4hst_1_A,216,all,0.2,0.7906976744186046
ESM,4hst_1_B,535,short,1.0,0.16448598130841122
ESM,4hst_1_B,535,short,0.5,0.24344569288389514
ESM,4hst_1_B,535,short,0.2,0.42990654205607476
ESM,4hst_1_B,535,medium,1.0,0.22429906542056074
ESM,4hst_1_B,535,medium,0.5,0.299625468164794
ESM,4hst_1_B,535,medium,0.2,0.3925233644859813
ESM,4hst_1_B,535,long,1.0,0.34766355140186916
ESM,4hst_1_B,535,long,0.5,0.41198501872659177
ESM,4hst_1_B,535,long,0.2,0.5981308411214953
ESM,4hst_1_B,535,all,1.0,0.3102803738317757
ESM,4hst_1_B,535,all,0.5,0.41947565543071164
ESM,4hst_1_B,535,all,0.2,0.6355140186915887
ESM,4hvy_1_A,135,short,1.0,0.2518518518518518
ESM,4hvy_1_A,135,short,0.5,0.3880597014925373
ESM,4hvy_1_A,135,short,0.2,0.5555555555555556
ESM,4hvy_1_A,135,medium,1.0,0.45185185185185184
ESM,4hvy_1_A,135,medium,0.5,0.6119402985074627
ESM,4hvy_1_A,135,medium,0.2,0.7777777777777778
ESM,4hvy_1_A,135,long,1.0,0.7925925925925926
ESM,4hvy_1_A,135,long,0.5,0.8208955223880597
ESM,4hvy_1_A,135,long,0.2,0.8888888888888888
ESM,4hvy_1_A,135,all,1.0,0.7407407407407407
ESM,4hvy_1_A,135,all,0.5,0.7313432835820896
ESM,4hvy_1_A,135,all,0.2,0.7037037037037037
ESM,4hyl_1_A,113,short,1.0,0.40707964601769914
ESM,4hyl_1_A,113,short,0.5,0.5
ESM,4hyl_1_A,113,short,0.2,0.7272727272727273
ESM,4hyl_1_A,113,medium,1.0,0.5663716814159292
ESM,4hyl_1_A,113,medium,0.5,0.7142857142857143
ESM,4hyl_1_A,113,medium,0.2,1.0
ESM,4hyl_1_A,113,long,1.0,0.8584070796460177
ESM,4hyl_1_A,113,long,0.5,0.8928571428571429
ESM,4hyl_1_A,113,long,0.2,1.0
ESM,4hyl_1_A,113,all,1.0,0.8761061946902655
ESM,4hyl_1_A,113,all,0.5,0.8571428571428571
ESM,4hyl_1_A,113,all,0.2,0.9090909090909091
ESM,4i3m_1_B,150,short,1.0,0.02666666666666667
ESM,4i3m_1_B,150,short,0.5,0.02666666666666667
ESM,4i3m_1_B,150,short,0.2,0.0
ESM,4i3m_1_B,150,medium,1.0,0.013333333333333334
ESM,4i3m_1_B,150,medium,0.5,0.0
ESM,4i3m_1_B,150,medium,0.2,0.0
ESM,4i3m_1_B,150,long,1.0,0.0
ESM,4i3m_1_B,150,long,0.5,0.0
ESM,4i3m_1_B,150,long,0.2,0.0
ESM,4i3m_1_B,150,all,1.0,0.02666666666666667
ESM,4i3m_1_B,150,all,0.5,0.02666666666666667
ESM,4i3m_1_B,150,all,0.2,0.0
ESM,4iab_1_A,142,short,1.0,0.2112676056338028
ESM,4iab_1_A,142,short,0.5,0.23943661971830985
ESM,4iab_1_A,142,short,0.2,0.42857142857142855
ESM,4iab_1_A,142,medium,1.0,0.2676056338028169
ESM,4iab_1_A,142,medium,0.5,0.30985915492957744
ESM,4iab_1_A,142,medium,0.2,0.21428571428571427
ESM,4iab_1_A,142,long,1.0,0.11267605633802817
ESM,4iab_1_A,142,long,0.5,0.14084507042253522
ESM,4iab_1_A,142,long,0.2,0.21428571428571427
ESM,4iab_1_A,142,all,1.0,0.2112676056338028
ESM,4iab_1_A,142,all,0.5,0.3380281690140845
ESM,4iab_1_A,142,all,0.2,0.5
ESM,4ici_1_A,159,short,1.0,0.27672955974842767
ESM,4ici_1_A,159,short,0.5,0.3670886075949367
ESM,4ici_1_A,159,short,0.2,0.5483870967741935
ESM,4ici_1_A,159,medium,1.0,0.37735849056603776
ESM,4ici_1_A,159,medium,0.5,0.5949367088607594
ESM,4ici_1_A,159,medium,0.2,0.8064516129032258
ESM,4ici_1_A,159,long,1.0,0.7484276729559748
ESM,4ici_1_A,159,long,0.5,0.8734177215189873
ESM,4ici_1_A,159,long,0.2,1.0
ESM,4ici_1_A,159,all,1.0,0.7861635220125787
ESM,4ici_1_A,159,all,0.5,0.9493670886075949
ESM,4ici_1_A,159,all,0.2,1.0
ESM,4ief_1_B,422,short,1.0,0.2037914691943128
ESM,4ief_1_B,422,short,0.5,0.2843601895734597
ESM,4ief_1_B,422,short,0.2,0.42857142857142855
ESM,4ief_1_B,422,medium,1.0,0.4028436018957346
ESM,4ief_1_B,422,medium,0.5,0.5781990521327014
ESM,4ief_1_B,422,medium,0.2,0.7142857142857143
ESM,4ief_1_B,422,long,1.0,0.6729857819905213
ESM,4ief_1_B,422,long,0.5,0.8293838862559242
ESM,4ief_1_B,422,long,0.2,0.9285714285714286
ESM,4ief_1_B,422,all,1.0,0.6303317535545023
ESM,4ief_1_B,422,all,0.5,0.6777251184834123
ESM,4ief_1_B,422,all,0.2,0.6428571428571429
ESM,4iji_1_B,198,short,1.0,0.23232323232323232
ESM,4iji_1_B,198,short,0.5,0.4444444444444444
ESM,4iji_1_B,198,short,0.2,0.7435897435897436
ESM,4iji_1_B,198,medium,1.0,0.26262626262626265
ESM,4iji_1_B,198,medium,0.5,0.3333333333333333
ESM,4iji_1_B,198,medium,0.2,0.41025641025641024
ESM,4iji_1_B,198,long,1.0,0.6464646464646465
ESM,4iji_1_B,198,long,0.5,0.7474747474747475
ESM,4iji_1_B,198,long,0.2,0.8974358974358975
ESM,4iji_1_B,198,all,1.0,0.6464646464646465
ESM,4iji_1_B,198,all,0.5,0.7070707070707071
ESM,4iji_1_B,198,all,0.2,0.7435897435897436
ESM,4iss_1_A,614,short,1.0,0.1270358306188925
ESM,4iss_1_A,614,short,0.5,0.13680781758957655
ESM,4iss_1_A,614,short,0.2,0.26229508196721313
ESM,4iss_1_A,614,medium,1.0,0.16612377850162866
ESM,4iss_1_A,614,medium,0.5,0.19543973941368079
ESM,4iss_1_A,614,medium,0.2,0.3442622950819672
ESM,4iss_1_A,614,long,1.0,0.5765472312703583
ESM,4iss_1_A,614,long,0.5,0.6742671009771987
ESM,4iss_1_A,614,long,0.2,0.8360655737704918
ESM,4iss_1_A,614,all,1.0,0.4201954397394137
ESM,4iss_1_A,614,all,0.5,0.5928338762214984
ESM,4iss_1_A,614,all,0.2,0.8032786885245902
ESM,4j3h_1_A,42,short,1.0,0.0
ESM,4j3h_1_A,42,short,0.5,0.0
ESM,4j3h_1_A,42,short,0.2,0.0
ESM,4j3h_1_A,42,medium,1.0,0.0
ESM,4j3h_1_A,42,medium,0.5,0.0
ESM,4j3h_1_A,42,medium,0.2,0.0
ESM,4j3h_1_A,42,long,1.0,0.0
ESM,4j3h_1_A,42,long,0.5,0.0
ESM,4j3h_1_A,42,long,0.2,0.0
ESM,4j3h_1_A,42,all,1.0,0.0
ESM,4j3h_1_A,42,all,0.5,0.0
ESM,4j3h_1_A,42,all,0.2,0.0
ESM,4j8q_1_B,194,short,1.0,0.12371134020618557
ESM,4j8q_1_B,194,short,0.5,0.14432989690721648
ESM,4j8q_1_B,194,short,0.2,0.10526315789473684
ESM,4j8q_1_B,194,medium,1.0,0.05154639175257732
ESM,4j8q_1_B,194,medium,0.5,0.08247422680412371
ESM,4j8q_1_B,194,medium,0.2,0.05263157894736842
ESM,4j8q_1_B,194,long,1.0,0.08247422680412371
ESM,4j8q_1_B,194,long,0.5,0.10309278350515463
ESM,4j8q_1_B,194,long,0.2,0.10526315789473684
ESM,4j8q_1_B,194,all,1.0,0.10309278350515463
ESM,4j8q_1_B,194,all,0.5,0.10309278350515463
ESM,4j8q_1_B,194,all,0.2,0.05263157894736842
ESM,4jgw_1_A,396,short,1.0,0.05555555555555555
ESM,4jgw_1_A,396,short,0.5,0.050505050505050504
ESM,4jgw_1_A,396,short,0.2,0.0759493670886076
ESM,4jgw_1_A,396,medium,1.0,0.06565656565656566
ESM,4jgw_1_A,396,medium,0.5,0.06060606060606061
ESM,4jgw_1_A,396,medium,0.2,0.0759493670886076
ESM,4jgw_1_A,396,long,1.0,0.4393939393939394
ESM,4jgw_1_A,396,long,0.5,0.5353535353535354
ESM,4jgw_1_A,396,long,0.2,0.7341772151898734
ESM,4jgw_1_A,396,all,1.0,0.15656565656565657
ESM,4jgw_1_A,396,all,0.5,0.12121212121212122
ESM,4jgw_1_A,396,all,0.2,0.10126582278481013
ESM,4jon_1_A,122,short,1.0,0.5901639344262295
ESM,4jon_1_A,122,short,0.5,0.7868852459016393
ESM,4jon_1_A,122,short,0.2,0.8333333333333334
ESM,4jon_1_A,122,medium,1.0,0.6885245901639344
ESM,4jon_1_A,122,medium,0.5,0.7540983606557377
ESM,4jon_1_A,122,medium,0.2,0.75
ESM,4jon_1_A,122,long,1.0,0.6065573770491803
ESM,4jon_1_A,122,long,0.5,0.639344262295082
ESM,4jon_1_A,122,long,0.2,0.9166666666666666
ESM,4jon_1_A,122,all,1.0,0.8688524590163934
ESM,4jon_1_A,122,all,0.5,0.8360655737704918
ESM,4jon_1_A,122,all,0.2,1.0
ESM,4jyk_1_A,201,short,1.0,0.21890547263681592
ESM,4jyk_1_A,201,short,0.5,0.32
ESM,4jyk_1_A,201,short,0.2,0.55
ESM,4jyk_1_A,201,medium,1.0,0.2736318407960199
ESM,4jyk_1_A,201,medium,0.5,0.44
ESM,4jyk_1_A,201,medium,0.2,0.8
ESM,4jyk_1_A,201,long,1.0,0.572139303482587
ESM,4jyk_1_A,201,long,0.5,0.74
ESM,4jyk_1_A,201,long,0.2,0.75
ESM,4jyk_1_A,201,all,1.0,0.6766169154228856
ESM,4jyk_1_A,201,all,0.5,0.82
ESM,4jyk_1_A,201,all,0.2,0.75
ESM,4k3a_1_A,719,short,1.0,0.15855354659248957
ESM,4k3a_1_A,719,short,0.5,0.2116991643454039
ESM,4k3a_1_A,719,short,0.2,0.27972027972027974
ESM,4k3a_1_A,719,medium,1.0,0.2726008344923505
ESM,4k3a_1_A,719,medium,0.5,0.4233983286908078
ESM,4k3a_1_A,719,medium,0.2,0.6363636363636364
ESM,4k3a_1_A,719,long,1.0,0.28929068150208626
ESM,4k3a_1_A,719,long,0.5,0.42896935933147634
ESM,4k3a_1_A,719,long,0.2,0.6433566433566433
ESM,4k3a_1_A,719,all,1.0,0.34214186369958277
ESM,4k3a_1_A,719,all,0.5,0.4568245125348189
ESM,4k3a_1_A,719,all,0.2,0.5314685314685315
ESM,4k6e_1_A,144,short,1.0,0.18055555555555555
ESM,4k6e_1_A,144,short,0.5,0.2222222222222222
ESM,4k6e_1_A,144,short,0.2,0.35714285714285715
ESM,4k6e_1_A,144,medium,1.0,0.2361111111111111
ESM,4k6e_1_A,144,medium,0.5,0.3888888888888889
ESM,4k6e_1_A,144,medium,0.2,0.42857142857142855
ESM,4k6e_1_A,144,long,1.0,0.6111111111111112
ESM,4k6e_1_A,144,long,0.5,0.8888888888888888
ESM,4k6e_1_A,144,long,0.2,1.0
ESM,4k6e_1_A,144,all,1.0,0.5277777777777778
ESM,4k6e_1_A,144,all,0.5,0.6944444444444444
ESM,4k6e_1_A,144,all,0.2,0.8571428571428571
ESM,4kdi_1_B,65,short,1.0,0.3076923076923077
ESM,4kdi_1_B,65,short,0.5,0.375
ESM,4kdi_1_B,65,short,0.2,0.3076923076923077
ESM,4kdi_1_B,65,medium,1.0,0.2153846153846154
ESM,4kdi_1_B,65,medium,0.5,0.375
ESM,4kdi_1_B,65,medium,0.2,0.46153846153846156
ESM,4kdi_1_B,65,long,1.0,0.4307692307692308
ESM,4kdi_1_B,65,long,0.5,0.5625
ESM,4kdi_1_B,65,long,0.2,0.5384615384615384
ESM,4kdi_1_B,65,all,1.0,0.4461538461538462
ESM,4kdi_1_B,65,all,0.5,0.5
ESM,4kdi_1_B,65,all,0.2,0.38461538461538464
ESM,4knp_1_A,251,short,1.0,0.20717131474103587
ESM,4knp_1_A,251,short,0.5,0.272
ESM,4knp_1_A,251,short,0.2,0.36
ESM,4knp_1_A,251,medium,1.0,0.398406374501992
ESM,4knp_1_A,251,medium,0.5,0.544
ESM,4knp_1_A,251,medium,0.2,0.76
ESM,4knp_1_A,251,long,1.0,0.6095617529880478
ESM,4knp_1_A,251,long,0.5,0.76
ESM,4knp_1_A,251,long,0.2,0.76
ESM,4knp_1_A,251,all,1.0,0.6215139442231076
ESM,4knp_1_A,251,all,0.5,0.688
ESM,4knp_1_A,251,all,0.2,0.68
ESM,4ktw_1_A,160,short,1.0,0.125
ESM,4ktw_1_A,160,short,0.5,0.175
ESM,4ktw_1_A,160,short,0.2,0.125
ESM,4ktw_1_A,160,medium,1.0,0.3875
ESM,4ktw_1_A,160,medium,0.5,0.5
ESM,4ktw_1_A,160,medium,0.2,0.625
ESM,4ktw_1_A,160,long,1.0,0.65
ESM,4ktw_1_A,160,long,0.5,0.75
ESM,4ktw_1_A,160,long,0.2,0.875
ESM,4ktw_1_A,160,all,1.0,0.4875
ESM,4ktw_1_A,160,all,0.5,0.5
ESM,4ktw_1_A,160,all,0.2,0.8125
ESM,4kxw_1_A,621,short,1.0,0.19484702093397746
ESM,4kxw_1_A,621,short,0.5,0.24516129032258063
ESM,4kxw_1_A,621,short,0.2,0.4032258064516129
ESM,4kxw_1_A,621,medium,1.0,0.3140096618357488
ESM,4kxw_1_A,621,medium,0.5,0.45161290322580644
ESM,4kxw_1_A,621,medium,0.2,0.6935483870967742
ESM,4kxw_1_A,621,long,1.0,0.714975845410628
ESM,4kxw_1_A,621,long,0.5,0.8258064516129032
ESM,4kxw_1_A,621,long,0.2,0.8870967741935484
ESM,4kxw_1_A,621,all,1.0,0.679549114331723
ESM,4kxw_1_A,621,all,0.5,0.8
ESM,4kxw_1_A,621,all,0.2,0.8870967741935484
ESM,4l6t_1_A,249,short,1.0,0.10040160642570281
ESM,4l6t_1_A,249,short,0.5,0.11290322580645161
ESM,4l6t_1_A,249,short,0.2,0.08163265306122448
ESM,4l6t_1_A,249,medium,1.0,0.11244979919678715
ESM,4l6t_1_A,249,medium,0.5,0.0967741935483871
ESM,4l6t_1_A,249,medium,0.2,0.12244897959183673
ESM,4l6t_1_A,249,long,1.0,0.3132530120481928
ESM,4l6t_1_A,249,long,0.5,0.3709677419354839
ESM,4l6t_1_A,249,long,0.2,0.42857142857142855
ESM,4l6t_1_A,249,all,1.0,0.1646586345381526
ESM,4l6t_1_A,249,all,0.5,0.20967741935483872
ESM,4l6t_1_A,249,all,0.2,0.20408163265306123
ESM,4l8k_1_A,315,short,1.0,0.12698412698412698
ESM,4l8k_1_A,315,short,0.5,0.21656050955414013
ESM,4l8k_1_A,315,short,0.2,0.30158730158730157
ESM,4l8k_1_A,315,medium,1.0,0.3873015873015873
ESM,4l8k_1_A,315,medium,0.5,0.5477707006369427
ESM,4l8k_1_A,315,medium,0.2,0.7936507936507936
ESM,4l8k_1_A,315,long,1.0,0.5968253968253968
ESM,4l8k_1_A,315,long,0.5,0.6751592356687898
ESM,4l8k_1_A,315,long,0.2,0.8095238095238095
ESM,4l8k_1_A,315,all,1.0,0.5492063492063493
ESM,4l8k_1_A,315,all,0.5,0.6178343949044586
ESM,4l8k_1_A,315,all,0.2,0.8253968253968254
ESM,4led_1_A,254,short,1.0,0.47244094488188976
ESM,4led_1_A,254,short,0.5,0.7007874015748031
ESM,4led_1_A,254,short,0.2,0.76
ESM,4led_1_A,254,medium,1.0,0.5748031496062992
ESM,4led_1_A,254,medium,0.5,0.7322834645669292
ESM,4led_1_A,254,medium,0.2,0.96
ESM,4led_1_A,254,long,1.0,0.06299212598425197
ESM,4led_1_A,254,long,0.5,0.05511811023622047
ESM,4led_1_A,254,long,0.2,0.0
ESM,4led_1_A,254,all,1.0,0.6456692913385826
ESM,4led_1_A,254,all,0.5,0.7637795275590551
ESM,4led_1_A,254,all,0.2,0.76
ESM,4lvq_1_A,319,short,1.0,0.22570532915360503
ESM,4lvq_1_A,319,short,0.5,0.33962264150943394
ESM,4lvq_1_A,319,short,0.2,0.47619047619047616
ESM,4lvq_1_A,319,medium,1.0,0.31974921630094044
ESM,4lvq_1_A,319,medium,0.5,0.46540880503144655
ESM,4lvq_1_A,319,medium,0.2,0.7301587301587301
ESM,4lvq_1_A,319,long,1.0,0.6050156739811913
ESM,4lvq_1_A,319,long,0.5,0.6477987421383647
ESM,4lvq_1_A,319,long,0.2,0.6984126984126984
ESM,4lvq_1_A,319,all,1.0,0.6018808777429467
ESM,4lvq_1_A,319,all,0.5,0.6981132075471698
ESM,4lvq_1_A,319,all,0.2,0.8253968253968254
ESM,4lzk_1_B,166,short,1.0,0.04819277108433735
ESM,4lzk_1_B,166,short,0.5,0.060240963855421686
ESM,4lzk_1_B,166,short,0.2,0.06060606060606061
ESM,4lzk_1_B,166,medium,1.0,0.08433734939759036
ESM,4lzk_1_B,166,medium,0.5,0.04819277108433735
ESM,4lzk_1_B,166,medium,0.2,0.0
ESM,4lzk_1_B,166,long,1.0,0.060240963855421686
ESM,4lzk_1_B,166,long,0.5,0.07228915662650602
ESM,4lzk_1_B,166,long,0.2,0.12121212121212122
ESM,4lzk_1_B,166,all,1.0,0.04819277108433735
ESM,4lzk_1_B,166,all,0.5,0.024096385542168676
ESM,4lzk_1_B,166,all,0.2,0.0
ESM,4m1b_1_A,200,short,1.0,0.2
ESM,4m1b_1_A,200,short,0.5,0.34
ESM,4m1b_1_A,200,short,0.2,0.65
ESM,4m1b_1_A,200,medium,1.0,0.38
ESM,4m1b_1_A,200,medium,0.5,0.6
ESM,4m1b_1_A,200,medium,0.2,0.75
ESM,4m1b_1_A,200,long,1.0,0.82
ESM,4m1b_1_A,200,long,0.5,0.9
ESM,4m1b_1_A,200,long,0.2,0.9
ESM,4m1b_1_A,200,all,1.0,0.82
ESM,4m1b_1_A,200,all,0.5,0.84
ESM,4m1b_1_A,200,all,0.2,0.9
ESM,4m3l_1_A,60,short,1.0,0.0
ESM,4m3l_1_A,60,short,0.5,0.0
ESM,4m3l_1_A,60,short,0.2,0.0
ESM,4m3l_1_A,60,medium,1.0,0.0
ESM,4m3l_1_A,60,medium,0.5,0.0
ESM,4m3l_1_A,60,medium,0.2,0.0
ESM,4m3l_1_A,60,long,1.0,0.0
ESM,4m3l_1_A,60,long,0.5,0.0
ESM,4m3l_1_A,60,long,0.2,0.0
ESM,4m3l_1_A,60,all,1.0,0.0
ESM,4m3l_1_A,60,all,0.5,0.0
ESM,4m3l_1_A,60,all,0.2,0.0
ESM,4m95_1_A,252,short,1.0,0.38095238095238093
ESM,4m95_1_A,252,short,0.5,0.47619047619047616
ESM,4m95_1_A,252,short,0.2,0.76
ESM,4m95_1_A,252,medium,1.0,0.24603174603174602
ESM,4m95_1_A,252,medium,0.5,0.38095238095238093
ESM,4m95_1_A,252,medium,0.2,0.56
ESM,4m95_1_A,252,long,1.0,0.6111111111111112
ESM,4m95_1_A,252,long,0.5,0.7301587301587301
ESM,4m95_1_A,252,long,0.2,0.96
ESM,4m95_1_A,252,all,1.0,0.6666666666666666
ESM,4m95_1_A,252,all,0.5,0.7936507936507936
ESM,4m95_1_A,252,all,0.2,0.8
ESM,4mew_1_A,348,short,1.0,0.16666666666666666
ESM,4mew_1_A,348,short,0.5,0.1839080459770115
ESM,4mew_1_A,348,short,0.2,0.11594202898550725
ESM,4mew_1_A,348,medium,1.0,0.25287356321839083
ESM,4mew_1_A,348,medium,0.5,0.3563218390804598
ESM,4mew_1_A,348,medium,0.2,0.5217391304347826
ESM,4mew_1_A,348,long,1.0,0.40804597701149425
ESM,4mew_1_A,348,long,0.5,0.6091954022988506
ESM,4mew_1_A,348,long,0.2,0.7971014492753623
ESM,4mew_1_A,348,all,1.0,0.3275862068965517
ESM,4mew_1_A,348,all,0.5,0.3448275862068966
ESM,4mew_1_A,348,all,0.2,0.4782608695652174
ESM,4mlz_1_A,299,short,1.0,0.28762541806020064
ESM,4mlz_1_A,299,short,0.5,0.47651006711409394
ESM,4mlz_1_A,299,short,0.2,0.6779661016949152
ESM,4mlz_1_A,299,medium,1.0,0.46153846153846156
ESM,4mlz_1_A,299,medium,0.5,0.5369127516778524
ESM,4mlz_1_A,299,medium,0.2,0.6949152542372882
ESM,4mlz_1_A,299,long,1.0,0.7357859531772575
ESM,4mlz_1_A,299,long,0.5,0.8523489932885906
ESM,4mlz_1_A,299,long,0.2,0.8305084745762712
ESM,4mlz_1_A,299,all,1.0,0.7525083612040134
ESM,4mlz_1_A,299,all,0.5,0.785234899328859
ESM,4mlz_1_A,299,all,0.2,0.8983050847457628
ESM,4ms4_1_B,408,short,1.0,0.2107843137254902
ESM,4ms4_1_B,408,short,0.5,0.2549019607843137
ESM,4ms4_1_B,408,short,0.2,0.32098765432098764
ESM,4ms4_1_B,408,medium,1.0,0.31862745098039214
ESM,4ms4_1_B,408,medium,0.5,0.4411764705882353
ESM,4ms4_1_B,408,medium,0.2,0.5679012345679012
ESM,4ms4_1_B,408,long,1.0,0.7549019607843137
ESM,4ms4_1_B,408,long,0.5,0.7941176470588235
ESM,4ms4_1_B,408,long,0.2,0.8518518518518519
ESM,4ms4_1_B,408,all,1.0,0.5931372549019608
ESM,4ms4_1_B,408,all,0.5,0.696078431372549
ESM,4ms4_1_B,408,all,0.2,0.7283950617283951
ESM,4n5h_1_A,315,short,1.0,0.1523809523809524
ESM,4n5h_1_A,315,short,0.5,0.11464968152866242
ESM,4n5h_1_A,315,short,0.2,0.12698412698412698
ESM,4n5h_1_A,315,medium,1.0,0.2222222222222222
ESM,4n5h_1_A,315,medium,0.5,0.31210191082802546
ESM,4n5h_1_A,315,medium,0.2,0.4444444444444444
ESM,4n5h_1_A,315,long,1.0,0.780952380952381
ESM,4n5h_1_A,315,long,0.5,0.8535031847133758
ESM,4n5h_1_A,315,long,0.2,0.9047619047619048
ESM,4n5h_1_A,315,all,1.0,0.5682539682539682
ESM,4n5h_1_A,315,all,0.5,0.6178343949044586
ESM,4n5h_1_A,315,all,0.2,0.7142857142857143
ESM,4n69_1_A,243,short,1.0,0.15637860082304528
ESM,4n69_1_A,243,short,0.5,0.18181818181818182
ESM,4n69_1_A,243,short,0.2,0.3333333333333333
ESM,4n69_1_A,243,medium,1.0,0.5679012345679012
ESM,4n69_1_A,243,medium,0.5,0.6115702479338843
ESM,4n69_1_A,243,medium,0.2,0.7916666666666666
ESM,4n69_1_A,243,long,1.0,0.2962962962962963
ESM,4n69_1_A,243,long,0.5,0.4297520661157025
ESM,4n69_1_A,243,long,0.2,0.5416666666666666
ESM,4n69_1_A,243,all,1.0,0.4691358024691358
ESM,4n69_1_A,243,all,0.5,0.5867768595041323
ESM,4n69_1_A,243,all,0.2,0.875
ESM,4nb5_1_B,149,short,1.0,0.28187919463087246
ESM,4nb5_1_B,149,short,0.5,0.35135135135135137
ESM,4nb5_1_B,149,short,0.2,0.6206896551724138
ESM,4nb5_1_B,149,medium,1.0,0.4161073825503356
ESM,4nb5_1_B,149,medium,0.5,0.6216216216216216
ESM,4nb5_1_B,149,medium,0.2,0.8620689655172413
ESM,4nb5_1_B,149,long,1.0,0.42953020134228187
ESM,4nb5_1_B,149,long,0.5,0.5945945945945946
ESM,4nb5_1_B,149,long,0.2,0.9310344827586207
ESM,4nb5_1_B,149,all,1.0,0.5503355704697986
ESM,4nb5_1_B,149,all,0.5,0.7297297297297297
ESM,4nb5_1_B,149,all,0.2,0.9310344827586207
ESM,4njh_1_A,209,short,1.0,0.09569377990430622
ESM,4njh_1_A,209,short,0.5,0.1346153846153846
ESM,4njh_1_A,209,short,0.2,0.1951219512195122
ESM,4njh_1_A,209,medium,1.0,0.4880382775119617
ESM,4njh_1_A,209,medium,0.5,0.5961538461538461
ESM,4njh_1_A,209,medium,0.2,0.6585365853658537
ESM,4njh_1_A,209,long,1.0,0.5454545454545454
ESM,4njh_1_A,209,long,0.5,0.6730769230769231
ESM,4njh_1_A,209,long,0.2,0.9512195121951219
ESM,4njh_1_A,209,all,1.0,0.4784688995215311
ESM,4njh_1_A,209,all,0.5,0.6923076923076923
ESM,4njh_1_A,209,all,0.2,0.7560975609756098
ESM,4nof_1_A,111,short,1.0,0.43243243243243246
ESM,4nof_1_A,111,short,0.5,0.6363636363636364
ESM,4nof_1_A,111,short,0.2,0.7272727272727273
ESM,4nof_1_A,111,medium,1.0,0.45045045045045046
ESM,4nof_1_A,111,medium,0.5,0.6727272727272727
ESM,4nof_1_A,111,medium,0.2,0.9090909090909091
ESM,4nof_1_A,111,long,1.0,0.7297297297297297
ESM,4nof_1_A,111,long,0.5,0.8909090909090909
ESM,4nof_1_A,111,long,0.2,1.0
ESM,4nof_1_A,111,all,1.0,0.8198198198198198
ESM,4nof_1_A,111,all,0.5,0.9272727272727272
ESM,4nof_1_A,111,all,0.2,1.0
ESM,4nzt_1_C,375,short,1.0,0.08
ESM,4nzt_1_C,375,short,0.5,0.10695187165775401
ESM,4nzt_1_C,375,short,0.2,0.16
ESM,4nzt_1_C,375,medium,1.0,0.3626666666666667
ESM,4nzt_1_C,375,medium,0.5,0.44919786096256686
ESM,4nzt_1_C,375,medium,0.2,0.56
ESM,4nzt_1_C,375,long,1.0,0.22933333333333333
ESM,4nzt_1_C,375,long,0.5,0.27807486631016043
ESM,4nzt_1_C,375,long,0.2,0.4533333333333333
ESM,4nzt_1_C,375,all,1.0,0.24533333333333332
ESM,4nzt_1_C,375,all,0.5,0.3315508021390374
ESM,4nzt_1_C,375,all,0.2,0.5066666666666667
ESM,4o47_1_B,290,short,1.0,0.2413793103448276
ESM,4o47_1_B,290,short,0.5,0.31724137931034485
ESM,4o47_1_B,290,short,0.2,0.4827586206896552
ESM,4o47_1_B,290,medium,1.0,0.4068965517241379
ESM,4o47_1_B,290,medium,0.5,0.5517241379310345
ESM,4o47_1_B,290,medium,0.2,0.7586206896551724
ESM,4o47_1_B,290,long,1.0,0.4689655172413793
ESM,4o47_1_B,290,long,0.5,0.5793103448275863
ESM,4o47_1_B,290,long,0.2,0.7586206896551724
ESM,4o47_1_B,290,all,1.0,0.46206896551724136
ESM,4o47_1_B,290,all,0.5,0.5793103448275863
ESM,4o47_1_B,290,all,0.2,0.896551724137931
ESM,4obi_1_A,87,short,1.0,0.4367816091954023
ESM,4obi_1_A,87,short,0.5,0.6511627906976745
ESM,4obi_1_A,87,short,0.2,0.9411764705882353
ESM,4obi_1_A,87,medium,1.0,0.5977011494252874
ESM,4obi_1_A,87,medium,0.5,0.8372093023255814
ESM,4obi_1_A,87,medium,0.2,1.0
ESM,4obi_1_A,87,long,1.0,0.5517241379310345
ESM,4obi_1_A,87,long,0.5,0.7674418604651163
ESM,4obi_1_A,87,long,0.2,0.9411764705882353
ESM,4obi_1_A,87,all,1.0,0.8045977011494253
ESM,4obi_1_A,87,all,0.5,1.0
ESM,4obi_1_A,87,all,0.2,1.0
ESM,4oh1_1_A,350,short,1.0,0.22857142857142856
ESM,4oh1_1_A,350,short,0.5,0.2857142857142857
ESM,4oh1_1_A,350,short,0.2,0.45714285714285713
ESM,4oh1_1_A,350,medium,1.0,0.48
ESM,4oh1_1_A,350,medium,0.5,0.6742857142857143
ESM,4oh1_1_A,350,medium,0.2,0.9142857142857143
ESM,4oh1_1_A,350,long,1.0,0.8057142857142857
ESM,4oh1_1_A,350,long,0.5,0.8171428571428572
ESM,4oh1_1_A,350,long,0.2,0.9428571428571428
ESM,4oh1_1_A,350,all,1.0,0.7257142857142858
ESM,4oh1_1_A,350,all,0.5,0.8457142857142858
ESM,4oh1_1_A,350,all,0.2,0.9714285714285714
ESM,4p1z_1_B,126,short,1.0,0.031746031746031744
ESM,4p1z_1_B,126,short,0.5,0.0
ESM,4p1z_1_B,126,short,0.2,0.0
ESM,4p1z_1_B,126,medium,1.0,0.015873015873015872
ESM,4p1z_1_B,126,medium,0.5,0.031746031746031744
ESM,4p1z_1_B,126,medium,0.2,0.0
ESM,4p1z_1_B,126,long,1.0,0.047619047619047616
ESM,4p1z_1_B,126,long,0.5,0.031746031746031744
ESM,4p1z_1_B,126,long,0.2,0.08
ESM,4p1z_1_B,126,all,1.0,0.015873015873015872
ESM,4p1z_1_B,126,all,0.5,0.031746031746031744
ESM,4p1z_1_B,126,all,0.2,0.08
ESM,4p87_1_A,390,short,1.0,0.26666666666666666
ESM,4p87_1_A,390,short,0.5,0.31794871794871793
ESM,4p87_1_A,390,short,0.2,0.4358974358974359
ESM,4p87_1_A,390,medium,1.0,0.4256410256410256
ESM,4p87_1_A,390,medium,0.5,0.558974358974359
ESM,4p87_1_A,390,medium,0.2,0.717948717948718
ESM,4p87_1_A,390,long,1.0,0.6871794871794872
ESM,4p87_1_A,390,long,0.5,0.7743589743589744
ESM,4p87_1_A,390,long,0.2,0.8461538461538461
ESM,4p87_1_A,390,all,1.0,0.6153846153846154
ESM,4p87_1_A,390,all,0.5,0.6820512820512821
ESM,4p87_1_A,390,all,0.2,0.7692307692307693
ESM,4pki_1_B,306,short,1.0,0.16993464052287582
ESM,4pki_1_B,306,short,0.5,0.24836601307189543
ESM,4pki_1_B,306,short,0.2,0.39344262295081966
ESM,4pki_1_B,306,medium,1.0,0.28104575163398693
ESM,4pki_1_B,306,medium,0.5,0.35294117647058826
ESM,4pki_1_B,306,medium,0.2,0.3770491803278688
ESM,4pki_1_B,306,long,1.0,0.7647058823529411
ESM,4pki_1_B,306,long,0.5,0.9084967320261438
ESM,4pki_1_B,306,long,0.2,1.0
ESM,4pki_1_B,306,all,1.0,0.6470588235294118
ESM,4pki_1_B,306,all,0.5,0.7581699346405228
ESM,4pki_1_B,306,all,0.2,0.9672131147540983
ESM,4poi_1_A,116,short,1.0,0.41379310344827586
ESM,4poi_1_A,116,short,0.5,0.5517241379310345
ESM,4poi_1_A,116,short,0.2,0.4782608695652174
ESM,4poi_1_A,116,medium,1.0,0.5
ESM,4poi_1_A,116,medium,0.5,0.6551724137931034
ESM,4poi_1_A,116,medium,0.2,0.8260869565217391
ESM,4poi_1_A,116,long,1.0,0.22413793103448276
ESM,4poi_1_A,116,long,0.5,0.2413793103448276
ESM,4poi_1_A,116,long,0.2,0.34782608695652173
ESM,4poi_1_A,116,all,1.0,0.5344827586206896
ESM,4poi_1_A,116,all,0.5,0.5172413793103449
ESM,4poi_1_A,116,all,0.2,0.34782608695652173
ESM,4pwq_1_A,162,short,1.0,0.024691358024691357
ESM,4pwq_1_A,162,short,0.5,0.024691358024691357
ESM,4pwq_1_A,162,short,0.2,0.0
ESM,4pwq_1_A,162,medium,1.0,0.12345679012345678
ESM,4pwq_1_A,162,medium,0.5,0.12345679012345678
ESM,4pwq_1_A,162,medium,0.2,0.0625
ESM,4pwq_1_A,162,long,1.0,0.12345679012345678
ESM,4pwq_1_A,162,long,0.5,0.14814814814814814
ESM,4pwq_1_A,162,long,0.2,0.3125
ESM,4pwq_1_A,162,all,1.0,0.024691358024691357
ESM,4pwq_1_A,162,all,0.5,0.024691358024691357
ESM,4pwq_1_A,162,all,0.2,0.0
ESM,4pzi_1_A,61,short,1.0,0.03278688524590164
ESM,4pzi_1_A,61,short,0.5,0.06666666666666667
ESM,4pzi_1_A,61,short,0.2,0.16666666666666666
ESM,4pzi_1_A,61,medium,1.0,0.03278688524590164
ESM,4pzi_1_A,61,medium,0.5,0.0
ESM,4pzi_1_A,61,medium,0.2,0.0
ESM,4pzi_1_A,61,long,1.0,0.06557377049180328
ESM,4pzi_1_A,61,long,0.5,0.13333333333333333
ESM,4pzi_1_A,61,long,0.2,0.3333333333333333
ESM,4pzi_1_A,61,all,1.0,0.06557377049180328
ESM,4pzi_1_A,61,all,0.5,0.06666666666666667
ESM,4pzi_1_A,61,all,0.2,0.0
ESM,4q35_1_B,150,short,1.0,0.2
ESM,4q35_1_B,150,short,0.5,0.18666666666666668
ESM,4q35_1_B,150,short,0.2,0.13333333333333333
ESM,4q35_1_B,150,medium,1.0,0.30666666666666664
ESM,4q35_1_B,150,medium,0.5,0.5333333333333333
ESM,4q35_1_B,150,medium,0.2,0.8
ESM,4q35_1_B,150,long,1.0,0.44
ESM,4q35_1_B,150,long,0.5,0.5066666666666667
ESM,4q35_1_B,150,long,0.2,0.6
ESM,4q35_1_B,150,all,1.0,0.4533333333333333
ESM,4q35_1_B,150,all,0.5,0.44
ESM,4q35_1_B,150,all,0.2,0.4
ESM,4qdj_1_A,208,short,1.0,0.2403846153846154
ESM,4qdj_1_A,208,short,0.5,0.28846153846153844
ESM,4qdj_1_A,208,short,0.2,0.3902439024390244
ESM,4qdj_1_A,208,medium,1.0,0.625
ESM,4qdj_1_A,208,medium,0.5,0.8461538461538461
ESM,4qdj_1_A,208,medium,0.2,1.0
ESM,4qdj_1_A,208,long,1.0,0.7980769230769231
ESM,4qdj_1_A,208,long,0.5,0.9038461538461539
ESM,4qdj_1_A,208,long,0.2,0.926829268292683
ESM,4qdj_1_A,208,all,1.0,0.8461538461538461
ESM,4qdj_1_A,208,all,0.5,0.9423076923076923
ESM,4qdj_1_A,208,all,0.2,1.0
ESM,4r1a_1_A,265,short,1.0,0.2037735849056604
ESM,4r1a_1_A,265,short,0.5,0.3484848484848485
ESM,4r1a_1_A,265,short,0.2,0.4716981132075472
ESM,4r1a_1_A,265,medium,1.0,0.1509433962264151
ESM,4r1a_1_A,265,medium,0.5,0.18181818181818182
ESM,4r1a_1_A,265,medium,0.2,0.2641509433962264
ESM,4r1a_1_A,265,long,1.0,0.10566037735849057
ESM,4r1a_1_A,265,long,0.5,0.12121212121212122
ESM,4r1a_1_A,265,long,0.2,0.1509433962264151
ESM,4r1a_1_A,265,all,1.0,0.2641509433962264
ESM,4r1a_1_A,265,all,0.5,0.3181818181818182
ESM,4r1a_1_A,265,all,0.2,0.37735849056603776
ESM,4rct_1_B,345,short,1.0,0.1565217391304348
ESM,4rct_1_B,345,short,0.5,0.20930232558139536
ESM,4rct_1_B,345,short,0.2,0.2318840579710145
ESM,4rct_1_B,345,medium,1.0,0.19130434782608696
ESM,4rct_1_B,345,medium,0.5,0.26744186046511625
ESM,4rct_1_B,345,medium,0.2,0.3333333333333333
ESM,4rct_1_B,345,long,1.0,0.45217391304347826
ESM,4rct_1_B,345,long,0.5,0.5348837209302325
ESM,4rct_1_B,345,long,0.2,0.6521739130434783
ESM,4rct_1_B,345,all,1.0,0.3217391304347826
ESM,4rct_1_B,345,all,0.5,0.4186046511627907
ESM,4rct_1_B,345,all,0.2,0.463768115942029
ESM,4rec_1_A,593,short,1.0,0.1315345699831366
ESM,4rec_1_A,593,short,0.5,0.22297297297297297
ESM,4rec_1_A,593,short,0.2,0.3728813559322034
ESM,4rec_1_A,593,medium,1.0,0.25295109612141653
ESM,4rec_1_A,593,medium,0.5,0.40540540540540543
ESM,4rec_1_A,593,medium,0.2,0.8305084745762712
ESM,4rec_1_A,593,long,1.0,0.4856661045531197
ESM,4rec_1_A,593,long,0.5,0.6891891891891891
ESM,4rec_1_A,593,long,0.2,0.864406779661017
ESM,4rec_1_A,593,all,1.0,0.5295109612141653
ESM,4rec_1_A,593,all,0.5,0.6891891891891891
ESM,4rec_1_A,593,all,0.2,0.7288135593220338
ESM,4ri2_1_B,163,short,1.0,0.024539877300613498
ESM,4ri2_1_B,163,short,0.5,0.0
ESM,4ri2_1_B,163,short,0.2,0.0
ESM,4ri2_1_B,163,medium,1.0,0.0
ESM,4ri2_1_B,163,medium,0.5,0.0
ESM,4ri2_1_B,163,medium,0.2,0.0
ESM,4ri2_1_B,163,long,1.0,0.12269938650306748
ESM,4ri2_1_B,163,long,0.5,0.12345679012345678
ESM,4ri2_1_B,163,long,0.2,0.125
ESM,4ri2_1_B,163,all,1.0,0.11042944785276074
ESM,4ri2_1_B,163,all,0.5,0.12345679012345678
ESM,4ri2_1_B,163,all,0.2,0.125
ESM,4rk6_1_A,270,short,1.0,0.26666666666666666
ESM,4rk6_1_A,270,short,0.5,0.4074074074074074
ESM,4rk6_1_A,270,short,0.2,0.5555555555555556
ESM,4rk6_1_A,270,medium,1.0,0.48148148148148145
ESM,4rk6_1_A,270,medium,0.5,0.6592592592592592
ESM,4rk6_1_A,270,medium,0.2,0.9259259259259259
ESM,4rk6_1_A,270,long,1.0,0.8296296296296296
ESM,4rk6_1_A,270,long,0.5,0.9333333333333333
ESM,4rk6_1_A,270,long,0.2,0.9259259259259259
ESM,4rk6_1_A,270,all,1.0,0.8592592592592593
ESM,4rk6_1_A,270,all,0.5,0.9555555555555556
ESM,4rk6_1_A,270,all,0.2,0.9629629629629629
ESM,4rl1_1_A,318,short,1.0,0.18238993710691823
ESM,4rl1_1_A,318,short,0.5,0.2641509433962264
ESM,4rl1_1_A,318,short,0.2,0.38095238095238093
ESM,4rl1_1_A,318,medium,1.0,0.4088050314465409
ESM,4rl1_1_A,318,medium,0.5,0.5534591194968553
ESM,4rl1_1_A,318,medium,0.2,0.5873015873015873
ESM,4rl1_1_A,318,long,1.0,0.7232704402515723
ESM,4rl1_1_A,318,long,0.5,0.7484276729559748
ESM,4rl1_1_A,318,long,0.2,0.8412698412698413
ESM,4rl1_1_A,318,all,1.0,0.6226415094339622
ESM,4rl1_1_A,318,all,0.5,0.7232704402515723
ESM,4rl1_1_A,318,all,0.2,0.746031746031746
ESM,4ro5_1_A,390,short,1.0,0.05641025641025641
ESM,4ro5_1_A,390,short,0.5,0.06153846153846154
ESM,4ro5_1_A,390,short,0.2,0.05128205128205128
ESM,4ro5_1_A,390,medium,1.0,0.11794871794871795
ESM,4ro5_1_A,390,medium,0.5,0.19487179487179487
ESM,4ro5_1_A,390,medium,0.2,0.20512820512820512
ESM,4ro5_1_A,390,long,1.0,0.14358974358974358
ESM,4ro5_1_A,390,long,0.5,0.17435897435897435
ESM,4ro5_1_A,390,long,0.2,0.28205128205128205
ESM,4ro5_1_A,390,all,1.0,0.1282051282051282
ESM,4ro5_1_A,390,all,0.5,0.1641025641025641
ESM,4ro5_1_A,390,all,0.2,0.1282051282051282
ESM,4rta_1_A,58,short,1.0,0.13793103448275862
ESM,4rta_1_A,58,short,0.5,0.20689655172413793
ESM,4rta_1_A,58,short,0.2,0.5454545454545454
ESM,4rta_1_A,58,medium,1.0,0.3103448275862069
ESM,4rta_1_A,58,medium,0.5,0.5517241379310345
ESM,4rta_1_A,58,medium,0.2,0.8181818181818182
ESM,4rta_1_A,58,long,1.0,0.034482758620689655
ESM,4rta_1_A,58,long,0.5,0.06896551724137931
ESM,4rta_1_A,58,long,0.2,0.0
ESM,4rta_1_A,58,all,1.0,0.3103448275862069
ESM,4rta_1_A,58,all,0.5,0.4827586206896552
ESM,4rta_1_A,58,all,0.2,0.8181818181818182
ESM,4rxl_1_A,229,short,1.0,0.3318777292576419
ESM,4rxl_1_A,229,short,0.5,0.5614035087719298
ESM,4rxl_1_A,229,short,0.2,0.7555555555555555
ESM,4rxl_1_A,229,medium,1.0,0.4104803493449782
ESM,4rxl_1_A,229,medium,0.5,0.6140350877192983
ESM,4rxl_1_A,229,medium,0.2,0.9111111111111111
ESM,4rxl_1_A,229,long,1.0,0.8034934497816594
ESM,4rxl_1_A,229,long,0.5,0.8771929824561403
ESM,4rxl_1_A,229,long,0.2,0.8666666666666667
ESM,4rxl_1_A,229,all,1.0,0.8384279475982532
ESM,4rxl_1_A,229,all,0.5,0.8947368421052632
ESM,4rxl_1_A,229,all,0.2,0.9111111111111111
ESM,4s1w_1_A,336,short,1.0,0.22023809523809523
ESM,4s1w_1_A,336,short,0.5,0.27380952380952384
ESM,4s1w_1_A,336,short,0.2,0.3880597014925373
ESM,4s1w_1_A,336,medium,1.0,0.36904761904761907
ESM,4s1w_1_A,336,medium,0.5,0.5357142857142857
ESM,4s1w_1_A,336,medium,0.2,0.8955223880597015
ESM,4s1w_1_A,336,long,1.0,0.8452380952380952
ESM,4s1w_1_A,336,long,0.5,0.9166666666666666
ESM,4s1w_1_A,336,long,0.2,0.9402985074626866
ESM,4s1w_1_A,336,all,1.0,0.7797619047619048
ESM,4s1w_1_A,336,all,0.5,0.8690476190476191
ESM,4s1w_1_A,336,all,0.2,0.8805970149253731
ESM,4u7e_1_B,163,short,1.0,0.22085889570552147
ESM,4u7e_1_B,163,short,0.5,0.2962962962962963
ESM,4u7e_1_B,163,short,0.2,0.4375
ESM,4u7e_1_B,163,medium,1.0,0.39263803680981596
ESM,4u7e_1_B,163,medium,0.5,0.6419753086419753
ESM,4u7e_1_B,163,medium,0.2,0.8125
ESM,4u7e_1_B,163,long,1.0,0.5153374233128835
ESM,4u7e_1_B,163,long,0.5,0.7037037037037037
ESM,4u7e_1_B,163,long,0.2,0.875
ESM,4u7e_1_B,163,all,1.0,0.5398773006134969
ESM,4u7e_1_B,163,all,0.5,0.7283950617283951
ESM,4u7e_1_B,163,all,0.2,0.875
ESM,4ua3_1_A,186,short,1.0,0.21505376344086022
ESM,4ua3_1_A,186,short,0.5,0.25806451612903225
ESM,4ua3_1_A,186,short,0.2,0.21621621621621623
ESM,4ua3_1_A,186,medium,1.0,0.3548387096774194
ESM,4ua3_1_A,186,medium,0.5,0.4946236559139785
ESM,4ua3_1_A,186,medium,0.2,0.8378378378378378
ESM,4ua3_1_A,186,long,1.0,0.5268817204301075
ESM,4ua3_1_A,186,long,0.5,0.6666666666666666
ESM,4ua3_1_A,186,long,0.2,0.8378378378378378
ESM,4ua3_1_A,186,all,1.0,0.5376344086021505
ESM,4ua3_1_A,186,all,0.5,0.5806451612903226
ESM,4ua3_1_A,186,all,0.2,0.5945945945945946
ESM,4uac_1_A,383,short,1.0,0.18798955613577023
ESM,4uac_1_A,383,short,0.5,0.23036649214659685
ESM,4uac_1_A,383,short,0.2,0.2631578947368421
ESM,4uac_1_A,383,medium,1.0,0.26631853785900783
ESM,4uac_1_A,383,medium,0.5,0.35602094240837695
ESM,4uac_1_A,383,medium,0.2,0.5526315789473685
ESM,4uac_1_A,383,long,1.0,0.6292428198433421
ESM,4uac_1_A,383,long,0.5,0.743455497382199
ESM,4uac_1_A,383,long,0.2,0.7368421052631579
ESM,4uac_1_A,383,all,1.0,0.5065274151436031
ESM,4uac_1_A,383,all,0.5,0.5863874345549738
ESM,4uac_1_A,383,all,0.2,0.6578947368421053
ESM,4ufm_1_A,640,short,1.0,0.225
ESM,4ufm_1_A,640,short,0.5,0.3
ESM,4ufm_1_A,640,short,0.2,0.34375
ESM,4ufm_1_A,640,medium,1.0,0.365625
ESM,4ufm_1_A,640,medium,0.5,0.4375
ESM,4ufm_1_A,640,medium,0.2,0.578125
ESM,4ufm_1_A,640,long,1.0,0.621875
ESM,4ufm_1_A,640,long,0.5,0.69375
ESM,4ufm_1_A,640,long,0.2,0.765625
ESM,4ufm_1_A,640,all,1.0,0.5125
ESM,4ufm_1_A,640,all,0.5,0.53125
ESM,4ufm_1_A,640,all,0.2,0.5625
ESM,4uhv_1_A,645,short,1.0,0.14573643410852713
ESM,4uhv_1_A,645,short,0.5,0.2111801242236025
ESM,4uhv_1_A,645,short,0.2,0.26356589147286824
ESM,4uhv_1_A,645,medium,1.0,0.32248062015503876
ESM,4uhv_1_A,645,medium,0.5,0.42857142857142855
ESM,4uhv_1_A,645,medium,0.2,0.5658914728682171
ESM,4uhv_1_A,645,long,1.0,0.4418604651162791
ESM,4uhv_1_A,645,long,0.5,0.6273291925465838
ESM,4uhv_1_A,645,long,0.2,0.8372093023255814
ESM,4uhv_1_A,645,all,1.0,0.3689922480620155
ESM,4uhv_1_A,645,all,0.5,0.43478260869565216
ESM,4uhv_1_A,645,all,0.2,0.5116279069767442
ESM,4un1_1_B,159,short,1.0,0.2641509433962264
ESM,4un1_1_B,159,short,0.5,0.4050632911392405
ESM,4un1_1_B,159,short,0.2,0.7419354838709677
ESM,4un1_1_B,159,medium,1.0,0.4025157232704403
ESM,4un1_1_B,159,medium,0.5,0.5189873417721519
ESM,4un1_1_B,159,medium,0.2,0.5483870967741935
ESM,4un1_1_B,159,long,1.0,0.6163522012578616
ESM,4un1_1_B,159,long,0.5,0.7088607594936709
ESM,4un1_1_B,159,long,0.2,0.8709677419354839
ESM,4un1_1_B,159,all,1.0,0.6226415094339622
ESM,4un1_1_B,159,all,0.5,0.7721518987341772
ESM,4un1_1_B,159,all,0.2,0.8709677419354839
ESM,4uuj_1_C,111,short,1.0,0.05405405405405406
ESM,4uuj_1_C,111,short,0.5,0.07272727272727272
ESM,4uuj_1_C,111,short,0.2,0.09090909090909091
ESM,4uuj_1_C,111,medium,1.0,0.14414414414414414
ESM,4uuj_1_C,111,medium,0.5,0.10909090909090909
ESM,4uuj_1_C,111,medium,0.2,0.18181818181818182
ESM,4uuj_1_C,111,long,1.0,0.34234234234234234
ESM,4uuj_1_C,111,long,0.5,0.43636363636363634
ESM,4uuj_1_C,111,long,0.2,0.36363636363636365
ESM,4uuj_1_C,111,all,1.0,0.16216216216216217
ESM,4uuj_1_C,111,all,0.5,0.21818181818181817
ESM,4uuj_1_C,111,all,0.2,0.18181818181818182
ESM,4wcj_1_A,233,short,1.0,0.30042918454935624
ESM,4wcj_1_A,233,short,0.5,0.41379310344827586
ESM,4wcj_1_A,233,short,0.2,0.5652173913043478
ESM,4wcj_1_A,233,medium,1.0,0.5236051502145923
ESM,4wcj_1_A,233,medium,0.5,0.6206896551724138
ESM,4wcj_1_A,233,medium,0.2,0.782608695652174
ESM,4wcj_1_A,233,long,1.0,0.7253218884120172
ESM,4wcj_1_A,233,long,0.5,0.8448275862068966
ESM,4wcj_1_A,233,long,0.2,0.8260869565217391
ESM,4wcj_1_A,233,all,1.0,0.7639484978540773
ESM,4wcj_1_A,233,all,0.5,0.8103448275862069
ESM,4wcj_1_A,233,all,0.2,0.8260869565217391
ESM,4wff_1_B,253,short,1.0,0.10276679841897234
ESM,4wff_1_B,253,short,0.5,0.14285714285714285
ESM,4wff_1_B,253,short,0.2,0.16
ESM,4wff_1_B,253,medium,1.0,0.08695652173913043
ESM,4wff_1_B,253,medium,0.5,0.1111111111111111
ESM,4wff_1_B,253,medium,0.2,0.16
ESM,4wff_1_B,253,long,1.0,0.09090909090909091
ESM,4wff_1_B,253,long,0.5,0.1111111111111111
ESM,4wff_1_B,253,long,0.2,0.16
ESM,4wff_1_B,253,all,1.0,0.13438735177865613
ESM,4wff_1_B,253,all,0.5,0.1746031746031746
ESM,4wff_1_B,253,all,0.2,0.24
ESM,4x2m_1_A,177,short,1.0,0.06779661016949153
ESM,4x2m_1_A,177,short,0.5,0.045454545454545456
ESM,4x2m_1_A,177,short,0.2,0.02857142857142857
ESM,4x2m_1_A,177,medium,1.0,0.1977401129943503
ESM,4x2m_1_A,177,medium,0.5,0.18181818181818182
ESM,4x2m_1_A,177,medium,0.2,0.11428571428571428
ESM,4x2m_1_A,177,long,1.0,0.2033898305084746
ESM,4x2m_1_A,177,long,0.5,0.2727272727272727
ESM,4x2m_1_A,177,long,0.2,0.2857142857142857
ESM,4x2m_1_A,177,all,1.0,0.1016949152542373
ESM,4x2m_1_A,177,all,0.5,0.11363636363636363
ESM,4x2m_1_A,177,all,0.2,0.0
ESM,4x4w_1_B,397,short,1.0,0.15113350125944586
ESM,4x4w_1_B,397,short,0.5,0.1717171717171717
ESM,4x4w_1_B,397,short,0.2,0.25316455696202533
ESM,4x4w_1_B,397,medium,1.0,0.24685138539042822
ESM,4x4w_1_B,397,medium,0.5,0.35353535353535354
ESM,4x4w_1_B,397,medium,0.2,0.5316455696202531
ESM,4x4w_1_B,397,long,1.0,0.5264483627204031
ESM,4x4w_1_B,397,long,0.5,0.6464646464646465
ESM,4x4w_1_B,397,long,0.2,0.810126582278481
ESM,4x4w_1_B,397,all,1.0,0.38287153652392947
ESM,4x4w_1_B,397,all,0.5,0.47474747474747475
ESM,4x4w_1_B,397,all,0.2,0.6455696202531646
ESM,4x8b_1_A,428,short,1.0,0.14018691588785046
ESM,4x8b_1_A,428,short,0.5,0.1588785046728972
ESM,4x8b_1_A,428,short,0.2,0.23529411764705882
ESM,4x8b_1_A,428,medium,1.0,0.20093457943925233
ESM,4x8b_1_A,428,medium,0.5,0.2523364485981308
ESM,4x8b_1_A,428,medium,0.2,0.4
ESM,4x8b_1_A,428,long,1.0,0.5654205607476636
ESM,4x8b_1_A,428,long,0.5,0.719626168224299
ESM,4x8b_1_A,428,long,0.2,0.8117647058823529
ESM,4x8b_1_A,428,all,1.0,0.4439252336448598
ESM,4x8b_1_A,428,all,0.5,0.5887850467289719
ESM,4x8b_1_A,428,all,0.2,0.7058823529411765
ESM,4xb4_1_A,137,short,1.0,0.21897810218978103
ESM,4xb4_1_A,137,short,0.5,0.3235294117647059
ESM,4xb4_1_A,137,short,0.2,0.4444444444444444
ESM,4xb4_1_A,137,medium,1.0,0.029197080291970802
ESM,4xb4_1_A,137,medium,0.5,0.058823529411764705
ESM,4xb4_1_A,137,medium,0.2,0.14814814814814814
ESM,4xb4_1_A,137,long,1.0,0.029197080291970802
ESM,4xb4_1_A,137,long,0.5,0.0
ESM,4xb4_1_A,137,long,0.2,0.0
ESM,4xb4_1_A,137,all,1.0,0.1897810218978102
ESM,4xb4_1_A,137,all,0.5,0.23529411764705882
ESM,4xb4_1_A,137,all,0.2,0.25925925925925924
ESM,4xmr_1_A,245,short,1.0,0.22040816326530613
ESM,4xmr_1_A,245,short,0.5,0.2459016393442623
ESM,4xmr_1_A,245,short,0.2,0.1836734693877551
ESM,4xmr_1_A,245,medium,1.0,0.21224489795918366
ESM,4xmr_1_A,245,medium,0.5,0.29508196721311475
ESM,4xmr_1_A,245,medium,0.2,0.42857142857142855
ESM,4xmr_1_A,245,long,1.0,0.13877551020408163
ESM,4xmr_1_A,245,long,0.5,0.22950819672131148
ESM,4xmr_1_A,245,long,0.2,0.3673469387755102
ESM,4xmr_1_A,245,all,1.0,0.3020408163265306
ESM,4xmr_1_A,245,all,0.5,0.3442622950819672
ESM,4xmr_1_A,245,all,0.2,0.30612244897959184
ESM,4xwh_1_A,719,short,1.0,0.10292072322670376
ESM,4xwh_1_A,719,short,0.5,0.15041782729805014
ESM,4xwh_1_A,719,short,0.2,0.16783216783216784
ESM,4xwh_1_A,719,medium,1.0,0.20584144645340752
ESM,4xwh_1_A,719,medium,0.5,0.2618384401114206
ESM,4xwh_1_A,719,medium,0.2,0.3916083916083916
ESM,4xwh_1_A,719,long,1.0,0.4561891515994437
ESM,4xwh_1_A,719,long,0.5,0.5710306406685237
ESM,4xwh_1_A,719,long,0.2,0.7552447552447552
ESM,4xwh_1_A,719,all,1.0,0.3087621696801113
ESM,4xwh_1_A,719,all,0.5,0.38997214484679665
ESM,4xwh_1_A,719,all,0.2,0.5734265734265734
ESM,4y0m_1_A,203,short,1.0,0.24630541871921183
ESM,4y0m_1_A,203,short,0.5,0.40594059405940597
ESM,4y0m_1_A,203,short,0.2,0.6
ESM,4y0m_1_A,203,medium,1.0,0.4433497536945813
ESM,4y0m_1_A,203,medium,0.5,0.6336633663366337
ESM,4y0m_1_A,203,medium,0.2,0.7
ESM,4y0m_1_A,203,long,1.0,0.8423645320197044
ESM,4y0m_1_A,203,long,0.5,0.900990099009901
ESM,4y0m_1_A,203,long,0.2,0.95
ESM,4y0m_1_A,203,all,1.0,0.7931034482758621
ESM,4y0m_1_A,203,all,0.5,0.8415841584158416
ESM,4y0m_1_A,203,all,0.2,0.75
ESM,4yfe_1_A,193,short,1.0,0.45595854922279794
ESM,4yfe_1_A,193,short,0.5,0.7291666666666666
ESM,4yfe_1_A,193,short,0.2,0.8421052631578947
ESM,4yfe_1_A,193,medium,1.0,0.7357512953367875
ESM,4yfe_1_A,193,medium,0.5,0.9375
ESM,4yfe_1_A,193,medium,0.2,1.0
ESM,4yfe_1_A,193,long,1.0,0.8549222797927462
ESM,4yfe_1_A,193,long,0.5,0.9375
ESM,4yfe_1_A,193,long,0.2,1.0
ESM,4yfe_1_A,193,all,1.0,0.917098445595855
ESM,4yfe_1_A,193,all,0.5,1.0
ESM,4yfe_1_A,193,all,0.2,1.0
ESM,4yji_1_A,490,short,1.0,0.16326530612244897
ESM,4yji_1_A,490,short,0.5,0.17959183673469387
ESM,4yji_1_A,490,short,0.2,0.30612244897959184
ESM,4yji_1_A,490,medium,1.0,0.23265306122448978
ESM,4yji_1_A,490,medium,0.5,0.3673469387755102
ESM,4yji_1_A,490,medium,0.2,0.4897959183673469
ESM,4yji_1_A,490,long,1.0,0.6489795918367347
ESM,4yji_1_A,490,long,0.5,0.8122448979591836
ESM,4yji_1_A,490,long,0.2,0.8571428571428571
ESM,4yji_1_A,490,all,1.0,0.5387755102040817
ESM,4yji_1_A,490,all,0.5,0.6775510204081633
ESM,4yji_1_A,490,all,0.2,0.8367346938775511
ESM,4ys4_1_A,261,short,1.0,0.1532567049808429
ESM,4ys4_1_A,261,short,0.5,0.09230769230769231
ESM,4ys4_1_A,261,short,0.2,0.11538461538461539
ESM,4ys4_1_A,261,medium,1.0,0.16091954022988506
ESM,4ys4_1_A,261,medium,0.5,0.12307692307692308
ESM,4ys4_1_A,261,medium,0.2,0.15384615384615385
ESM,4ys4_1_A,261,long,1.0,0.1685823754789272
ESM,4ys4_1_A,261,long,0.5,0.2153846153846154
ESM,4ys4_1_A,261,long,0.2,0.23076923076923078
ESM,4ys4_1_A,261,all,1.0,0.1724137931034483
ESM,4ys4_1_A,261,all,0.5,0.2
ESM,4ys4_1_A,261,all,0.2,0.34615384615384615
ESM,4yzo_1_B,347,short,1.0,0.12680115273775217
ESM,4yzo_1_B,347,short,0.5,0.13872832369942195
ESM,4yzo_1_B,347,short,0.2,0.2608695652173913
ESM,4yzo_1_B,347,medium,1.0,0.2881844380403458
ESM,4yzo_1_B,347,medium,0.5,0.4277456647398844
ESM,4yzo_1_B,347,medium,0.2,0.6086956521739131
ESM,4yzo_1_B,347,long,1.0,0.7262247838616714
ESM,4yzo_1_B,347,long,0.5,0.7456647398843931
ESM,4yzo_1_B,347,long,0.2,0.8115942028985508
ESM,4yzo_1_B,347,all,1.0,0.5014409221902018
ESM,4yzo_1_B,347,all,0.5,0.5838150289017341
ESM,4yzo_1_B,347,all,0.2,0.782608695652174
ESM,4z29_1_A,176,short,1.0,0.3181818181818182
ESM,4z29_1_A,176,short,0.5,0.45454545454545453
ESM,4z29_1_A,176,short,0.2,0.6
ESM,4z29_1_A,176,medium,1.0,0.6477272727272727
ESM,4z29_1_A,176,medium,0.5,0.9318181818181818
ESM,4z29_1_A,176,medium,0.2,0.8857142857142857
ESM,4z29_1_A,176,long,1.0,0.5568181818181818
ESM,4z29_1_A,176,long,0.5,0.7272727272727273
ESM,4z29_1_A,176,long,0.2,1.0
ESM,4z29_1_A,176,all,1.0,0.7840909090909091
ESM,4z29_1_A,176,all,0.5,0.8636363636363636
ESM,4z29_1_A,176,all,0.2,0.9428571428571428
ESM,4zfk_1_B,231,short,1.0,0.17316017316017315
ESM,4zfk_1_B,231,short,0.5,0.1391304347826087
ESM,4zfk_1_B,231,short,0.2,0.13043478260869565
ESM,4zfk_1_B,231,medium,1.0,0.2510822510822511
ESM,4zfk_1_B,231,medium,0.5,0.21739130434782608
ESM,4zfk_1_B,231,medium,0.2,0.34782608695652173
ESM,4zfk_1_B,231,long,1.0,0.4199134199134199
ESM,4zfk_1_B,231,long,0.5,0.4608695652173913
ESM,4zfk_1_B,231,long,0.2,0.6086956521739131
ESM,4zfk_1_B,231,all,1.0,0.2510822510822511
ESM,4zfk_1_B,231,all,0.5,0.24347826086956523
ESM,4zfk_1_B,231,all,0.2,0.2608695652173913
ESM,4znk_1_A,258,short,1.0,0.2248062015503876
ESM,4znk_1_A,258,short,0.5,0.31007751937984496
ESM,4znk_1_A,258,short,0.2,0.47058823529411764
ESM,4znk_1_A,258,medium,1.0,0.21705426356589147
ESM,4znk_1_A,258,medium,0.5,0.27906976744186046
ESM,4znk_1_A,258,medium,0.2,0.43137254901960786
ESM,4znk_1_A,258,long,1.0,0.6744186046511628
ESM,4znk_1_A,258,long,0.5,0.8062015503875969
ESM,4znk_1_A,258,long,0.2,0.8823529411764706
ESM,4znk_1_A,258,all,1.0,0.627906976744186
ESM,4znk_1_A,258,all,0.5,0.7674418604651163
ESM,4znk_1_A,258,all,0.2,0.8431372549019608
ESM,4zrp_1_A,400,short,1.0,0.16
ESM,4zrp_1_A,400,short,0.5,0.22
ESM,4zrp_1_A,400,short,0.2,0.3
ESM,4zrp_1_A,400,medium,1.0,0.3
ESM,4zrp_1_A,400,medium,0.5,0.42
ESM,4zrp_1_A,400,medium,0.2,0.7
ESM,4zrp_1_A,400,long,1.0,0.66
ESM,4zrp_1_A,400,long,0.5,0.81
ESM,4zrp_1_A,400,long,0.2,0.85
ESM,4zrp_1_A,400,all,1.0,0.525
ESM,4zrp_1_A,400,all,0.5,0.63
ESM,4zrp_1_A,400,all,0.2,0.65
ESM,4zv0_1_B,94,short,1.0,0.06382978723404255
ESM,4zv0_1_B,94,short,0.5,0.0851063829787234
ESM,4zv0_1_B,94,short,0.2,0.1111111111111111
ESM,4zv0_1_B,94,medium,1.0,0.14893617021276595
ESM,4zv0_1_B,94,medium,0.5,0.2553191489361702
ESM,4zv0_1_B,94,medium,0.2,0.5555555555555556
ESM,4zv0_1_B,94,long,1.0,0.2127659574468085
ESM,4zv0_1_B,94,long,0.5,0.3404255319148936
ESM,4zv0_1_B,94,long,0.2,0.6666666666666666
ESM,4zv0_1_B,94,all,1.0,0.2127659574468085
ESM,4zv0_1_B,94,all,0.5,0.1702127659574468
ESM,4zv0_1_B,94,all,0.2,0.2222222222222222
ESM,5a06_1_A,336,short,1.0,0.3392857142857143
ESM,5a06_1_A,336,short,0.5,0.5119047619047619
ESM,5a06_1_A,336,short,0.2,0.7761194029850746
ESM,5a06_1_A,336,medium,1.0,0.49404761904761907
ESM,5a06_1_A,336,medium,0.5,0.7261904761904762
ESM,5a06_1_A,336,medium,0.2,0.7611940298507462
ESM,5a06_1_A,336,long,1.0,0.7559523809523809
ESM,5a06_1_A,336,long,0.5,0.7857142857142857
ESM,5a06_1_A,336,long,0.2,0.8507462686567164
ESM,5a06_1_A,336,all,1.0,0.7678571428571429
ESM,5a06_1_A,336,all,0.5,0.7857142857142857
ESM,5a06_1_A,336,all,0.2,0.8208955223880597
ESM,5a7z_1_A,250,short,1.0,0.104
ESM,5a7z_1_A,250,short,0.5,0.144
ESM,5a7z_1_A,250,short,0.2,0.2
ESM,5a7z_1_A,250,medium,1.0,0.144
ESM,5a7z_1_A,250,medium,0.5,0.208
ESM,5a7z_1_A,250,medium,0.2,0.28
ESM,5a7z_1_A,250,long,1.0,0.2
ESM,5a7z_1_A,250,long,0.5,0.24
ESM,5a7z_1_A,250,long,0.2,0.28
ESM,5a7z_1_A,250,all,1.0,0.192
ESM,5a7z_1_A,250,all,0.5,0.264
ESM,5a7z_1_A,250,all,0.2,0.12
ESM,5aiz_1_A,110,short,1.0,0.07272727272727272
ESM,5aiz_1_A,110,short,0.5,0.14545454545454545
ESM,5aiz_1_A,110,short,0.2,0.09090909090909091
ESM,5aiz_1_A,110,medium,1.0,0.16363636363636364
ESM,5aiz_1_A,110,medium,0.5,0.16363636363636364
ESM,5aiz_1_A,110,medium,0.2,0.2727272727272727
ESM,5aiz_1_A,110,long,1.0,0.32727272727272727
ESM,5aiz_1_A,110,long,0.5,0.509090909090909
ESM,5aiz_1_A,110,long,0.2,0.6363636363636364
ESM,5aiz_1_A,110,all,1.0,0.12727272727272726
ESM,5aiz_1_A,110,all,0.5,0.14545454545454545
ESM,5aiz_1_A,110,all,0.2,0.18181818181818182
ESM,5amw_1_A,162,short,1.0,0.30864197530864196
ESM,5amw_1_A,162,short,0.5,0.5185185185185185
ESM,5amw_1_A,162,short,0.2,0.625
ESM,5amw_1_A,162,medium,1.0,0.654320987654321
ESM,5amw_1_A,162,medium,0.5,0.8765432098765432
ESM,5amw_1_A,162,medium,0.2,1.0
ESM,5amw_1_A,162,long,1.0,0.6419753086419753
ESM,5amw_1_A,162,long,0.5,0.8024691358024691
ESM,5amw_1_A,162,long,0.2,0.875
ESM,5amw_1_A,162,all,1.0,0.8148148148148148
ESM,5amw_1_A,162,all,0.5,0.8765432098765432
ESM,5amw_1_A,162,all,0.2,0.875
ESM,5azw_1_B,93,short,1.0,0.3010752688172043
ESM,5azw_1_B,93,short,0.5,0.4782608695652174
ESM,5azw_1_B,93,short,0.2,0.6666666666666666
ESM,5azw_1_B,93,medium,1.0,0.34408602150537637
ESM,5azw_1_B,93,medium,0.5,0.43478260869565216
ESM,5azw_1_B,93,medium,0.2,0.7777777777777778
ESM,5azw_1_B,93,long,1.0,0.8494623655913979
ESM,5azw_1_B,93,long,0.5,0.782608695652174
ESM,5azw_1_B,93,long,0.2,0.8888888888888888
ESM,5azw_1_B,93,all,1.0,0.6881720430107527
ESM,5azw_1_B,93,all,0.5,0.8260869565217391
ESM,5azw_1_B,93,all,0.2,0.8888888888888888
ESM,5b6e_1_A,319,short,1.0,0.050156739811912224
ESM,5b6e_1_A,319,short,0.5,0.03773584905660377
ESM,5b6e_1_A,319,short,0.2,0.031746031746031744
ESM,5b6e_1_A,319,medium,1.0,0.050156739811912224
ESM,5b6e_1_A,319,medium,0.5,0.06289308176100629
ESM,5b6e_1_A,319,medium,0.2,0.06349206349206349
ESM,5b6e_1_A,319,long,1.0,0.006269592476489028
ESM,5b6e_1_A,319,long,0.5,0.0
ESM,5b6e_1_A,319,long,0.2,0.0
ESM,5b6e_1_A,319,all,1.0,0.050156739811912224
ESM,5b6e_1_A,319,all,0.5,0.03773584905660377
ESM,5b6e_1_A,319,all,0.2,0.031746031746031744
ESM,5bwm_1_B,205,short,1.0,0.13170731707317074
ESM,5bwm_1_B,205,short,0.5,0.21568627450980393
ESM,5bwm_1_B,205,short,0.2,0.3902439024390244
ESM,5bwm_1_B,205,medium,1.0,0.2926829268292683
ESM,5bwm_1_B,205,medium,0.5,0.37254901960784315
ESM,5bwm_1_B,205,medium,0.2,0.5365853658536586
ESM,5bwm_1_B,205,long,1.0,0.4926829268292683
ESM,5bwm_1_B,205,long,0.5,0.6666666666666666
ESM,5bwm_1_B,205,long,0.2,0.8292682926829268
ESM,5bwm_1_B,205,all,1.0,0.4097560975609756
ESM,5bwm_1_B,205,all,0.5,0.5882352941176471
ESM,5bwm_1_B,205,all,0.2,0.7317073170731707
ESM,5c82_1_B,170,short,1.0,0.36470588235294116
ESM,5c82_1_B,170,short,0.5,0.4470588235294118
ESM,5c82_1_B,170,short,0.2,0.6470588235294118
ESM,5c82_1_B,170,medium,1.0,0.5764705882352941
ESM,5c82_1_B,170,medium,0.5,0.8823529411764706
ESM,5c82_1_B,170,medium,0.2,1.0
ESM,5c82_1_B,170,long,1.0,0.7411764705882353
ESM,5c82_1_B,170,long,0.5,0.8235294117647058
ESM,5c82_1_B,170,long,0.2,0.8823529411764706
ESM,5c82_1_B,170,all,1.0,0.8235294117647058
ESM,5c82_1_B,170,all,0.5,0.8588235294117647
ESM,5c82_1_B,170,all,0.2,0.9411764705882353
ESM,5ctd_1_C,72,short,1.0,0.0
ESM,5ctd_1_C,72,short,0.5,0.0
ESM,5ctd_1_C,72,short,0.2,0.0
ESM,5ctd_1_C,72,medium,1.0,0.0
ESM,5ctd_1_C,72,medium,0.5,0.0
ESM,5ctd_1_C,72,medium,0.2,0.0
ESM,5ctd_1_C,72,long,1.0,0.0
ESM,5ctd_1_C,72,long,0.5,0.0
ESM,5ctd_1_C,72,long,0.2,0.0
ESM,5ctd_1_C,72,all,1.0,0.0
ESM,5ctd_1_C,72,all,0.5,0.0
ESM,5ctd_1_C,72,all,0.2,0.0
ESM,5cx6_1_B,665,short,1.0,0.042105263157894736
ESM,5cx6_1_B,665,short,0.5,0.04819277108433735
ESM,5cx6_1_B,665,short,0.2,0.07518796992481203
ESM,5cx6_1_B,665,medium,1.0,0.02706766917293233
ESM,5cx6_1_B,665,medium,0.5,0.03614457831325301
ESM,5cx6_1_B,665,medium,0.2,0.07518796992481203
ESM,5cx6_1_B,665,long,1.0,0.02706766917293233
ESM,5cx6_1_B,665,long,0.5,0.030120481927710843
ESM,5cx6_1_B,665,long,0.2,0.03007518796992481
ESM,5cx6_1_B,665,all,1.0,0.05413533834586466
ESM,5cx6_1_B,665,all,0.5,0.04819277108433735
ESM,5cx6_1_B,665,all,0.2,0.06015037593984962
ESM,5cxy_1_A,292,short,1.0,0.06164383561643835
ESM,5cxy_1_A,292,short,0.5,0.0821917808219178
ESM,5cxy_1_A,292,short,0.2,0.034482758620689655
ESM,5cxy_1_A,292,medium,1.0,0.22602739726027396
ESM,5cxy_1_A,292,medium,0.5,0.3013698630136986
ESM,5cxy_1_A,292,medium,0.2,0.41379310344827586
ESM,5cxy_1_A,292,long,1.0,0.4246575342465753
ESM,5cxy_1_A,292,long,0.5,0.5068493150684932
ESM,5cxy_1_A,292,long,0.2,0.6551724137931034
ESM,5cxy_1_A,292,all,1.0,0.3150684931506849
ESM,5cxy_1_A,292,all,0.5,0.3972602739726027
ESM,5cxy_1_A,292,all,0.2,0.41379310344827586
ESM,5czd_1_B,77,short,1.0,0.2597402597402597
ESM,5czd_1_B,77,short,0.5,0.3157894736842105
ESM,5czd_1_B,77,short,0.2,0.26666666666666666
ESM,5czd_1_B,77,medium,1.0,0.2077922077922078
ESM,5czd_1_B,77,medium,0.5,0.42105263157894735
ESM,5czd_1_B,77,medium,0.2,0.7333333333333333
ESM,5czd_1_B,77,long,1.0,0.6233766233766234
ESM,5czd_1_B,77,long,0.5,0.631578947368421
ESM,5czd_1_B,77,long,0.2,0.6
ESM,5czd_1_B,77,all,1.0,0.5714285714285714
ESM,5czd_1_B,77,all,0.5,0.5263157894736842
ESM,5czd_1_B,77,all,0.2,0.5333333333333333
ESM,5e1v_1_A,274,short,1.0,0.1678832116788321
ESM,5e1v_1_A,274,short,0.5,0.145985401459854
ESM,5e1v_1_A,274,short,0.2,0.18518518518518517
ESM,5e1v_1_A,274,medium,1.0,0.34306569343065696
ESM,5e1v_1_A,274,medium,0.5,0.45255474452554745
ESM,5e1v_1_A,274,medium,0.2,0.6296296296296297
ESM,5e1v_1_A,274,long,1.0,0.635036496350365
ESM,5e1v_1_A,274,long,0.5,0.7153284671532847
ESM,5e1v_1_A,274,long,0.2,0.6296296296296297
ESM,5e1v_1_A,274,all,1.0,0.43795620437956206
ESM,5e1v_1_A,274,all,0.5,0.40145985401459855
ESM,5e1v_1_A,274,all,0.2,0.4074074074074074
ESM,5e2r_1_A,261,short,1.0,0.18773946360153257
ESM,5e2r_1_A,261,short,0.5,0.26153846153846155
ESM,5e2r_1_A,261,short,0.2,0.3076923076923077
ESM,5e2r_1_A,261,medium,1.0,0.367816091954023
ESM,5e2r_1_A,261,medium,0.5,0.5538461538461539
ESM,5e2r_1_A,261,medium,0.2,0.7307692307692307
ESM,5e2r_1_A,261,long,1.0,0.4904214559386973
ESM,5e2r_1_A,261,long,0.5,0.676923076923077
ESM,5e2r_1_A,261,long,0.2,0.8076923076923077
ESM,5e2r_1_A,261,all,1.0,0.4367816091954023
ESM,5e2r_1_A,261,all,0.5,0.5692307692307692
ESM,5e2r_1_A,261,all,0.2,0.7307692307692307
ESM,5f5r_1_A,225,short,1.0,0.13333333333333333
ESM,5f5r_1_A,225,short,0.5,0.125
ESM,5f5r_1_A,225,short,0.2,0.17777777777777778
ESM,5f5r_1_A,225,medium,1.0,0.2222222222222222
ESM,5f5r_1_A,225,medium,0.5,0.3392857142857143
ESM,5f5r_1_A,225,medium,0.2,0.5777777777777777
ESM,5f5r_1_A,225,long,1.0,0.5511111111111111
ESM,5f5r_1_A,225,long,0.5,0.6964285714285714
ESM,5f5r_1_A,225,long,0.2,0.8444444444444444
ESM,5f5r_1_A,225,all,1.0,0.4311111111111111
ESM,5f5r_1_A,225,all,0.5,0.5357142857142857
ESM,5f5r_1_A,225,all,0.2,0.7333333333333333
ESM,5fpw_1_A,292,short,1.0,0.1232876712328767
ESM,5fpw_1_A,292,short,0.5,0.1917808219178082
ESM,5fpw_1_A,292,short,0.2,0.27586206896551724
ESM,5fpw_1_A,292,medium,1.0,0.4041095890410959
ESM,5fpw_1_A,292,medium,0.5,0.5753424657534246
ESM,5fpw_1_A,292,medium,0.2,0.9655172413793104
ESM,5fpw_1_A,292,long,1.0,0.4863013698630137
ESM,5fpw_1_A,292,long,0.5,0.589041095890411
ESM,5fpw_1_A,292,long,0.2,0.8275862068965517
ESM,5fpw_1_A,292,all,1.0,0.5205479452054794
ESM,5fpw_1_A,292,all,0.5,0.684931506849315
ESM,5fpw_1_A,292,all,0.2,0.7931034482758621
ESM,5fsc_1_A,226,short,1.0,0.7079646017699115
ESM,5fsc_1_A,226,short,0.5,0.9292035398230089
ESM,5fsc_1_A,226,short,0.2,0.9111111111111111
ESM,5fsc_1_A,226,medium,1.0,0.6991150442477876
ESM,5fsc_1_A,226,medium,0.5,0.7699115044247787
ESM,5fsc_1_A,226,medium,0.2,0.8888888888888888
ESM,5fsc_1_A,226,long,1.0,0.07079646017699115
ESM,5fsc_1_A,226,long,0.5,0.08849557522123894
ESM,5fsc_1_A,226,long,0.2,0.08888888888888889
ESM,5fsc_1_A,226,all,1.0,0.07079646017699115
ESM,5fsc_1_A,226,all,0.5,0.08849557522123894
ESM,5fsc_1_A,226,all,0.2,0.08888888888888889
ESM,5fzi_1_A,461,short,1.0,0.10845986984815618
ESM,5fzi_1_A,461,short,0.5,0.09565217391304348
ESM,5fzi_1_A,461,short,0.2,0.10869565217391304
ESM,5fzi_1_A,461,medium,1.0,0.11713665943600868
ESM,5fzi_1_A,461,medium,0.5,0.1565217391304348
ESM,5fzi_1_A,461,medium,0.2,0.17391304347826086
ESM,5fzi_1_A,461,long,1.0,0.3600867678958785
ESM,5fzi_1_A,461,long,0.5,0.4260869565217391
ESM,5fzi_1_A,461,long,0.2,0.5652173913043478
ESM,5fzi_1_A,461,all,1.0,0.19088937093275488
ESM,5fzi_1_A,461,all,0.5,0.2608695652173913
ESM,5fzi_1_A,461,all,0.2,0.3695652173913043
ESM,5g1e_1_B,164,short,1.0,0.15853658536585366
ESM,5g1e_1_B,164,short,0.5,0.12195121951219512
ESM,5g1e_1_B,164,short,0.2,0.125
ESM,5g1e_1_B,164,medium,1.0,0.4146341463414634
ESM,5g1e_1_B,164,medium,0.5,0.5609756097560976
ESM,5g1e_1_B,164,medium,0.2,0.875
ESM,5g1e_1_B,164,long,1.0,0.6097560975609756
ESM,5g1e_1_B,164,long,0.5,0.7560975609756098
ESM,5g1e_1_B,164,long,0.2,0.9375
ESM,5g1e_1_B,164,all,1.0,0.45121951219512196
ESM,5g1e_1_B,164,all,0.5,0.4146341463414634
ESM,5g1e_1_B,164,all,0.2,0.5625
ESM,5g38_1_A,172,short,1.0,0.26744186046511625
ESM,5g38_1_A,172,short,0.5,0.2558139534883721
ESM,5g38_1_A,172,short,0.2,0.35294117647058826
ESM,5g38_1_A,172,medium,1.0,0.4069767441860465
ESM,5g38_1_A,172,medium,0.5,0.4883720930232558
ESM,5g38_1_A,172,medium,0.2,0.47058823529411764
ESM,5g38_1_A,172,long,1.0,0.16279069767441862
ESM,5g38_1_A,172,long,0.5,0.2558139534883721
ESM,5g38_1_A,172,long,0.2,0.35294117647058826
ESM,5g38_1_A,172,all,1.0,0.32558139534883723
ESM,5g38_1_A,172,all,0.5,0.37209302325581395
ESM,5g38_1_A,172,all,0.2,0.47058823529411764
ESM,5g4x_1_A,346,short,1.0,0.3699421965317919
ESM,5g4x_1_A,346,short,0.5,0.5375722543352601
ESM,5g4x_1_A,346,short,0.2,0.5362318840579711
ESM,5g4x_1_A,346,medium,1.0,0.5086705202312138
ESM,5g4x_1_A,346,medium,0.5,0.7630057803468208
ESM,5g4x_1_A,346,medium,0.2,0.9420289855072463
ESM,5g4x_1_A,346,long,1.0,0.8323699421965318
ESM,5g4x_1_A,346,long,0.5,0.8959537572254336
ESM,5g4x_1_A,346,long,0.2,0.8840579710144928
ESM,5g4x_1_A,346,all,1.0,0.791907514450867
ESM,5g4x_1_A,346,all,0.5,0.7687861271676301
ESM,5g4x_1_A,346,all,0.2,0.855072463768116
ESM,5gk0_1_B,379,short,1.0,0.1266490765171504
ESM,5gk0_1_B,379,short,0.5,0.15343915343915343
ESM,5gk0_1_B,379,short,0.2,0.21333333333333335
ESM,5gk0_1_B,379,medium,1.0,0.29023746701846964
ESM,5gk0_1_B,379,medium,0.5,0.4656084656084656
ESM,5gk0_1_B,379,medium,0.2,0.64
ESM,5gk0_1_B,379,long,1.0,0.7335092348284961
ESM,5gk0_1_B,379,long,0.5,0.7777777777777778
ESM,5gk0_1_B,379,long,0.2,0.92
ESM,5gk0_1_B,379,all,1.0,0.6015831134564644
ESM,5gk0_1_B,379,all,0.5,0.7407407407407407
ESM,5gk0_1_B,379,all,0.2,0.9066666666666666
ESM,5h7j_1_A,686,short,1.0,0.11078717201166181
ESM,5h7j_1_A,686,short,0.5,0.09329446064139942
ESM,5h7j_1_A,686,short,0.2,0.11678832116788321
ESM,5h7j_1_A,686,medium,1.0,0.10204081632653061
ESM,5h7j_1_A,686,medium,0.5,0.13119533527696792
ESM,5h7j_1_A,686,medium,0.2,0.10218978102189781
ESM,5h7j_1_A,686,long,1.0,0.4227405247813411
ESM,5h7j_1_A,686,long,0.5,0.5160349854227405
ESM,5h7j_1_A,686,long,0.2,0.5912408759124088
ESM,5h7j_1_A,686,all,1.0,0.20408163265306123
ESM,5h7j_1_A,686,all,0.5,0.21574344023323616
ESM,5h7j_1_A,686,all,0.2,0.16058394160583941
ESM,5had_1_A,130,short,1.0,0.3076923076923077
ESM,5had_1_A,130,short,0.5,0.35384615384615387
ESM,5had_1_A,130,short,0.2,0.6153846153846154
ESM,5had_1_A,130,medium,1.0,0.6923076923076923
ESM,5had_1_A,130,medium,0.5,0.8461538461538461
ESM,5had_1_A,130,medium,0.2,1.0
ESM,5had_1_A,130,long,1.0,0.6923076923076923
ESM,5had_1_A,130,long,0.5,0.7538461538461538
ESM,5had_1_A,130,long,0.2,0.8461538461538461
ESM,5had_1_A,130,all,1.0,0.7538461538461538
ESM,5had_1_A,130,all,0.5,0.9384615384615385
ESM,5had_1_A,130,all,0.2,0.9230769230769231
ESM,5hvx_1_A,256,short,1.0,0.03125
ESM,5hvx_1_A,256,short,0.5,0.03125
ESM,5hvx_1_A,256,short,0.2,0.0392156862745098
ESM,5hvx_1_A,256,medium,1.0,0.046875
ESM,5hvx_1_A,256,medium,0.5,0.0625
ESM,5hvx_1_A,256,medium,0.2,0.0784313725490196
ESM,5hvx_1_A,256,long,1.0,0.3828125
ESM,5hvx_1_A,256,long,0.5,0.515625
ESM,5hvx_1_A,256,long,0.2,0.5686274509803921
ESM,5hvx_1_A,256,all,1.0,0.1171875
ESM,5hvx_1_A,256,all,0.5,0.125
ESM,5hvx_1_A,256,all,0.2,0.0784313725490196
ESM,5ixb_1_A,105,short,1.0,0.24761904761904763
ESM,5ixb_1_A,105,short,0.5,0.4230769230769231
ESM,5ixb_1_A,105,short,0.2,0.6666666666666666
ESM,5ixb_1_A,105,medium,1.0,0.5904761904761905
ESM,5ixb_1_A,105,medium,0.5,0.9230769230769231
ESM,5ixb_1_A,105,medium,0.2,1.0
ESM,5ixb_1_A,105,long,1.0,0.580952380952381
ESM,5ixb_1_A,105,long,0.5,0.6538461538461539
ESM,5ixb_1_A,105,long,0.2,0.8571428571428571
ESM,5ixb_1_A,105,all,1.0,0.7904761904761904
ESM,5ixb_1_A,105,all,0.5,0.9230769230769231
ESM,5ixb_1_A,105,all,0.2,1.0
ESM,5j7k_1_A,84,short,1.0,0.5
ESM,5j7k_1_A,84,short,0.5,0.8095238095238095
ESM,5j7k_1_A,84,short,0.2,0.875
ESM,5j7k_1_A,84,medium,1.0,0.6190476190476191
ESM,5j7k_1_A,84,medium,0.5,0.8095238095238095
ESM,5j7k_1_A,84,medium,0.2,1.0
ESM,5j7k_1_A,84,long,1.0,0.8571428571428571
ESM,5j7k_1_A,84,long,0.5,0.9047619047619048
ESM,5j7k_1_A,84,long,0.2,0.875
ESM,5j7k_1_A,84,all,1.0,0.9285714285714286
ESM,5j7k_1_A,84,all,0.5,0.9523809523809523
ESM,5j7k_1_A,84,all,0.2,1.0
ESM,5jfz_1_A,181,short,1.0,0.15469613259668508
ESM,5jfz_1_A,181,short,0.5,0.17777777777777778
ESM,5jfz_1_A,181,short,0.2,0.3333333333333333
ESM,5jfz_1_A,181,medium,1.0,0.23204419889502761
ESM,5jfz_1_A,181,medium,0.5,0.35555555555555557
ESM,5jfz_1_A,181,medium,0.2,0.4444444444444444
ESM,5jfz_1_A,181,long,1.0,0.4088397790055249
ESM,5jfz_1_A,181,long,0.5,0.5777777777777777
ESM,5jfz_1_A,181,long,0.2,0.8333333333333334
ESM,5jfz_1_A,181,all,1.0,0.3314917127071823
ESM,5jfz_1_A,181,all,0.5,0.4666666666666667
ESM,5jfz_1_A,181,all,0.2,0.6111111111111112
ESM,5jhe_1_B,388,short,1.0,0.17525773195876287
ESM,5jhe_1_B,388,short,0.5,0.25773195876288657
ESM,5jhe_1_B,388,short,0.2,0.42857142857142855
ESM,5jhe_1_B,388,medium,1.0,0.4484536082474227
ESM,5jhe_1_B,388,medium,0.5,0.7422680412371134
ESM,5jhe_1_B,388,medium,0.2,0.8961038961038961
ESM,5jhe_1_B,388,long,1.0,0.6597938144329897
ESM,5jhe_1_B,388,long,0.5,0.845360824742268
ESM,5jhe_1_B,388,long,0.2,0.8441558441558441
ESM,5jhe_1_B,388,all,1.0,0.7422680412371134
ESM,5jhe_1_B,388,all,0.5,0.8144329896907216
ESM,5jhe_1_B,388,all,0.2,0.922077922077922
ESM,5jjr_1_A,845,short,1.0,0.05680473372781065
ESM,5jjr_1_A,845,short,0.5,0.052132701421800945
ESM,5jjr_1_A,845,short,0.2,0.023668639053254437
ESM,5jjr_1_A,845,medium,1.0,0.10887573964497041
ESM,5jjr_1_A,845,medium,0.5,0.11848341232227488
ESM,5jjr_1_A,845,medium,0.2,0.1893491124260355
ESM,5jjr_1_A,845,long,1.0,0.32189349112426036
ESM,5jjr_1_A,845,long,0.5,0.45023696682464454
ESM,5jjr_1_A,845,long,0.2,0.5562130177514792
ESM,5jjr_1_A,845,all,1.0,0.1680473372781065
ESM,5jjr_1_A,845,all,0.5,0.1990521327014218
ESM,5jjr_1_A,845,all,0.2,0.27218934911242604
ESM,5jqc_1_A,248,short,1.0,0.3467741935483871
ESM,5jqc_1_A,248,short,0.5,0.41935483870967744
ESM,5jqc_1_A,248,short,0.2,0.7142857142857143
ESM,5jqc_1_A,248,medium,1.0,0.5887096774193549
ESM,5jqc_1_A,248,medium,0.5,0.8387096774193549
ESM,5jqc_1_A,248,medium,0.2,0.8775510204081632
ESM,5jqc_1_A,248,long,1.0,0.0
ESM,5jqc_1_A,248,long,0.5,0.0
ESM,5jqc_1_A,248,long,0.2,0.0
ESM,5jqc_1_A,248,all,1.0,0.08870967741935484
ESM,5jqc_1_A,248,all,0.5,0.0
ESM,5jqc_1_A,248,all,0.2,0.0
ESM,5keh_1_A,242,short,1.0,0.1652892561983471
ESM,5keh_1_A,242,short,0.5,0.1322314049586777
ESM,5keh_1_A,242,short,0.2,0.16666666666666666
ESM,5keh_1_A,242,medium,1.0,0.19834710743801653
ESM,5keh_1_A,242,medium,0.5,0.23140495867768596
ESM,5keh_1_A,242,medium,0.2,0.2916666666666667
ESM,5keh_1_A,242,long,1.0,0.21487603305785125
ESM,5keh_1_A,242,long,0.5,0.2727272727272727
ESM,5keh_1_A,242,long,0.2,0.4583333333333333
ESM,5keh_1_A,242,all,1.0,0.19008264462809918
ESM,5keh_1_A,242,all,0.5,0.18181818181818182
ESM,5keh_1_A,242,all,0.2,0.20833333333333334
ESM,5kod_1_A,573,short,1.0,0.11518324607329843
ESM,5kod_1_A,573,short,0.5,0.11188811188811189
ESM,5kod_1_A,573,short,0.2,0.15789473684210525
ESM,5kod_1_A,573,medium,1.0,0.18673647469458987
ESM,5kod_1_A,573,medium,0.5,0.26573426573426573
ESM,5kod_1_A,573,medium,0.2,0.40350877192982454
ESM,5kod_1_A,573,long,1.0,0.4013961605584642
ESM,5kod_1_A,573,long,0.5,0.4755244755244755
ESM,5kod_1_A,573,long,0.2,0.6491228070175439
ESM,5kod_1_A,573,all,1.0,0.27399650959860383
ESM,5kod_1_A,573,all,0.5,0.32167832167832167
ESM,5kod_1_A,573,all,0.2,0.2982456140350877
ESM,5lcy_1_B,89,short,1.0,0.0449438202247191
ESM,5lcy_1_B,89,short,0.5,0.09090909090909091
ESM,5lcy_1_B,89,short,0.2,0.11764705882352941
ESM,5lcy_1_B,89,medium,1.0,0.2247191011235955
ESM,5lcy_1_B,89,medium,0.5,0.36363636363636365
ESM,5lcy_1_B,89,medium,0.2,0.5294117647058824
ESM,5lcy_1_B,89,long,1.0,0.2696629213483146
ESM,5lcy_1_B,89,long,0.5,0.4090909090909091
ESM,5lcy_1_B,89,long,0.2,0.7647058823529411
ESM,5lcy_1_B,89,all,1.0,0.3595505617977528
ESM,5lcy_1_B,89,all,0.5,0.5454545454545454
ESM,5lcy_1_B,89,all,0.2,0.7647058823529411
ESM,5lhm_1_A,213,short,1.0,0.22535211267605634
ESM,5lhm_1_A,213,short,0.5,0.3584905660377358
ESM,5lhm_1_A,213,short,0.2,0.5714285714285714
ESM,5lhm_1_A,213,medium,1.0,0.5821596244131455
ESM,5lhm_1_A,213,medium,0.5,0.7735849056603774
ESM,5lhm_1_A,213,medium,0.2,0.9047619047619048
ESM,5lhm_1_A,213,long,1.0,0.7699530516431925
ESM,5lhm_1_A,213,long,0.5,0.8867924528301887
ESM,5lhm_1_A,213,long,0.2,0.8571428571428571
ESM,5lhm_1_A,213,all,1.0,0.8075117370892019
ESM,5lhm_1_A,213,all,0.5,0.9245283018867925
ESM,5lhm_1_A,213,all,0.2,0.8571428571428571
ESM,5loy_1_B,229,short,1.0,0.17467248908296942
ESM,5loy_1_B,229,short,0.5,0.19298245614035087
ESM,5loy_1_B,229,short,0.2,0.2222222222222222
ESM,5loy_1_B,229,medium,1.0,0.23580786026200873
ESM,5loy_1_B,229,medium,0.5,0.2631578947368421
ESM,5loy_1_B,229,medium,0.2,0.4
ESM,5loy_1_B,229,long,1.0,0.30131004366812225
ESM,5loy_1_B,229,long,0.5,0.42105263157894735
ESM,5loy_1_B,229,long,0.2,0.5333333333333333
ESM,5loy_1_B,229,all,1.0,0.3406113537117904
ESM,5loy_1_B,229,all,0.5,0.3684210526315789
ESM,5loy_1_B,229,all,0.2,0.4888888888888889
ESM,5m01_1_C,188,short,1.0,0.3829787234042553
ESM,5m01_1_C,188,short,0.5,0.5319148936170213
ESM,5m01_1_C,188,short,0.2,0.5675675675675675
ESM,5m01_1_C,188,medium,1.0,0.3404255319148936
ESM,5m01_1_C,188,medium,0.5,0.46808510638297873
ESM,5m01_1_C,188,medium,0.2,0.5675675675675675
ESM,5m01_1_C,188,long,1.0,0.5212765957446809
ESM,5m01_1_C,188,long,0.5,0.6595744680851063
ESM,5m01_1_C,188,long,0.2,0.9459459459459459
ESM,5m01_1_C,188,all,1.0,0.5957446808510638
ESM,5m01_1_C,188,all,0.5,0.6808510638297872
ESM,5m01_1_C,188,all,0.2,0.7837837837837838
ESM,5m58_1_A,230,short,1.0,0.19130434782608696
ESM,5m58_1_A,230,short,0.5,0.2608695652173913
ESM,5m58_1_A,230,short,0.2,0.34782608695652173
ESM,5m58_1_A,230,medium,1.0,0.3826086956521739
ESM,5m58_1_A,230,medium,0.5,0.5739130434782609
ESM,5m58_1_A,230,medium,0.2,0.8260869565217391
ESM,5m58_1_A,230,long,1.0,0.7739130434782608
ESM,5m58_1_A,230,long,0.5,0.7913043478260869
ESM,5m58_1_A,230,long,0.2,0.8260869565217391
ESM,5m58_1_A,230,all,1.0,0.6695652173913044
ESM,5m58_1_A,230,all,0.5,0.7304347826086957
ESM,5m58_1_A,230,all,0.2,0.8260869565217391
ESM,5m8c_1_A,353,short,1.0,0.46458923512747874
ESM,5m8c_1_A,353,short,0.5,0.5681818181818182
ESM,5m8c_1_A,353,short,0.2,0.7714285714285715
ESM,5m8c_1_A,353,medium,1.0,0.5892351274787535
ESM,5m8c_1_A,353,medium,0.5,0.7272727272727273
ESM,5m8c_1_A,353,medium,0.2,0.8571428571428571
ESM,5m8c_1_A,353,long,1.0,0.44192634560906513
ESM,5m8c_1_A,353,long,0.5,0.5454545454545454
ESM,5m8c_1_A,353,long,0.2,0.6857142857142857
ESM,5m8c_1_A,353,all,1.0,0.6345609065155807
ESM,5m8c_1_A,353,all,0.5,0.7727272727272727
ESM,5m8c_1_A,353,all,0.2,0.8857142857142857
ESM,5mlt_1_A,454,short,1.0,0.16299559471365638
ESM,5mlt_1_A,454,short,0.5,0.24669603524229075
ESM,5mlt_1_A,454,short,0.2,0.26666666666666666
ESM,5mlt_1_A,454,medium,1.0,0.18502202643171806
ESM,5mlt_1_A,454,medium,0.5,0.31718061674008813
ESM,5mlt_1_A,454,medium,0.2,0.4666666666666667
ESM,5mlt_1_A,454,long,1.0,0.5814977973568282
ESM,5mlt_1_A,454,long,0.5,0.7312775330396476
ESM,5mlt_1_A,454,long,0.2,0.8222222222222222
ESM,5mlt_1_A,454,all,1.0,0.5198237885462555
ESM,5mlt_1_A,454,all,0.5,0.5991189427312775
ESM,5mlt_1_A,454,all,0.2,0.7555555555555555
ESM,5mqi_1_A,345,short,1.0,0.04057971014492753
ESM,5mqi_1_A,345,short,0.5,0.046511627906976744
ESM,5mqi_1_A,345,short,0.2,0.028985507246376812
ESM,5mqi_1_A,345,medium,1.0,0.1681159420289855
ESM,5mqi_1_A,345,medium,0.5,0.20930232558139536
ESM,5mqi_1_A,345,medium,0.2,0.17391304347826086
ESM,5mqi_1_A,345,long,1.0,0.35942028985507246
ESM,5mqi_1_A,345,long,0.5,0.5
ESM,5mqi_1_A,345,long,0.2,0.5507246376811594
ESM,5mqi_1_A,345,all,1.0,0.13623188405797101
ESM,5mqi_1_A,345,all,0.5,0.11627906976744186
ESM,5mqi_1_A,345,all,0.2,0.028985507246376812
ESM,5n7z_1_A,357,short,1.0,0.23529411764705882
ESM,5n7z_1_A,357,short,0.5,0.38202247191011235
ESM,5n7z_1_A,357,short,0.2,0.5070422535211268
ESM,5n7z_1_A,357,medium,1.0,0.48179271708683474
ESM,5n7z_1_A,357,medium,0.5,0.7528089887640449
ESM,5n7z_1_A,357,medium,0.2,0.8591549295774648
ESM,5n7z_1_A,357,long,1.0,0.7843137254901961
ESM,5n7z_1_A,357,long,0.5,0.8314606741573034
ESM,5n7z_1_A,357,long,0.2,0.8873239436619719
ESM,5n7z_1_A,357,all,1.0,0.7619047619047619
ESM,5n7z_1_A,357,all,0.5,0.7640449438202247
ESM,5n7z_1_A,357,all,0.2,0.8450704225352113
ESM,5ngo_1_A,178,short,1.0,0.11235955056179775
ESM,5ngo_1_A,178,short,0.5,0.1348314606741573
ESM,5ngo_1_A,178,short,0.2,0.17142857142857143
ESM,5ngo_1_A,178,medium,1.0,0.0449438202247191
ESM,5ngo_1_A,178,medium,0.5,0.06741573033707865
ESM,5ngo_1_A,178,medium,0.2,0.08571428571428572
ESM,5ngo_1_A,178,long,1.0,0.011235955056179775
ESM,5ngo_1_A,178,long,0.5,0.0
ESM,5ngo_1_A,178,long,0.2,0.0
ESM,5ngo_1_A,178,all,1.0,0.11235955056179775
ESM,5ngo_1_A,178,all,0.5,0.15730337078651685
ESM,5ngo_1_A,178,all,0.2,0.17142857142857143
ESM,5nim_1_A,196,short,1.0,0.20408163265306123
ESM,5nim_1_A,196,short,0.5,0.32653061224489793
ESM,5nim_1_A,196,short,0.2,0.46153846153846156
ESM,5nim_1_A,196,medium,1.0,0.3877551020408163
ESM,5nim_1_A,196,medium,0.5,0.6530612244897959
ESM,5nim_1_A,196,medium,0.2,0.8717948717948718
ESM,5nim_1_A,196,long,1.0,0.5714285714285714
ESM,5nim_1_A,196,long,0.5,0.7142857142857143
ESM,5nim_1_A,196,long,0.2,0.6666666666666666
ESM,5nim_1_A,196,all,1.0,0.6938775510204082
ESM,5nim_1_A,196,all,0.5,0.7346938775510204
ESM,5nim_1_A,196,all,0.2,0.7692307692307693
ESM,5nji_1_A,266,short,1.0,0.2631578947368421
ESM,5nji_1_A,266,short,0.5,0.3308270676691729
ESM,5nji_1_A,266,short,0.2,0.37735849056603776
ESM,5nji_1_A,266,medium,1.0,0.45864661654135336
ESM,5nji_1_A,266,medium,0.5,0.6015037593984962
ESM,5nji_1_A,266,medium,0.2,0.7358490566037735
ESM,5nji_1_A,266,long,1.0,0.7142857142857143
ESM,5nji_1_A,266,long,0.5,0.7894736842105263
ESM,5nji_1_A,266,long,0.2,0.8490566037735849
ESM,5nji_1_A,266,all,1.0,0.6015037593984962
ESM,5nji_1_A,266,all,0.5,0.6390977443609023
ESM,5nji_1_A,266,all,0.2,0.49056603773584906
ESM,5nkq_1_C,86,short,1.0,0.4883720930232558
ESM,5nkq_1_C,86,short,0.5,0.7441860465116279
ESM,5nkq_1_C,86,short,0.2,0.7647058823529411
ESM,5nkq_1_C,86,medium,1.0,0.627906976744186
ESM,5nkq_1_C,86,medium,0.5,0.7441860465116279
ESM,5nkq_1_C,86,medium,0.2,0.8823529411764706
ESM,5nkq_1_C,86,long,1.0,0.8372093023255814
ESM,5nkq_1_C,86,long,0.5,0.9534883720930233
ESM,5nkq_1_C,86,long,0.2,0.9411764705882353
ESM,5nkq_1_C,86,all,1.0,0.9069767441860465
ESM,5nkq_1_C,86,all,0.5,0.9069767441860465
ESM,5nkq_1_C,86,all,0.2,1.0
ESM,5nl9_1_B,146,short,1.0,0.3150684931506849
ESM,5nl9_1_B,146,short,0.5,0.4931506849315068
ESM,5nl9_1_B,146,short,0.2,0.6896551724137931
ESM,5nl9_1_B,146,medium,1.0,0.3835616438356164
ESM,5nl9_1_B,146,medium,0.5,0.5205479452054794
ESM,5nl9_1_B,146,medium,0.2,0.6551724137931034
ESM,5nl9_1_B,146,long,1.0,0.5068493150684932
ESM,5nl9_1_B,146,long,0.5,0.6164383561643836
ESM,5nl9_1_B,146,long,0.2,0.7931034482758621
ESM,5nl9_1_B,146,all,1.0,0.6164383561643836
ESM,5nl9_1_B,146,all,0.5,0.726027397260274
ESM,5nl9_1_B,146,all,0.2,0.7586206896551724
ESM,5nm7_1_A,260,short,1.0,0.27692307692307694
ESM,5nm7_1_A,260,short,0.5,0.4461538461538462
ESM,5nm7_1_A,260,short,0.2,0.6923076923076923
ESM,5nm7_1_A,260,medium,1.0,0.4153846153846154
ESM,5nm7_1_A,260,medium,0.5,0.6153846153846154
ESM,5nm7_1_A,260,medium,0.2,0.7307692307692307
ESM,5nm7_1_A,260,long,1.0,0.36923076923076925
ESM,5nm7_1_A,260,long,0.5,0.5230769230769231
ESM,5nm7_1_A,260,long,0.2,0.5384615384615384
ESM,5nm7_1_A,260,all,1.0,0.5769230769230769
ESM,5nm7_1_A,260,all,0.5,0.6615384615384615
ESM,5nm7_1_A,260,all,0.2,0.7692307692307693
ESM,5o1n_1_A,442,short,1.0,0.19004524886877827
ESM,5o1n_1_A,442,short,0.5,0.26244343891402716
ESM,5o1n_1_A,442,short,0.2,0.36363636363636365
ESM,5o1n_1_A,442,medium,1.0,0.38009049773755654
ESM,5o1n_1_A,442,medium,0.5,0.5294117647058824
ESM,5o1n_1_A,442,medium,0.2,0.8409090909090909
ESM,5o1n_1_A,442,long,1.0,0.5475113122171946
ESM,5o1n_1_A,442,long,0.5,0.751131221719457
ESM,5o1n_1_A,442,long,0.2,0.9090909090909091
ESM,5o1n_1_A,442,all,1.0,0.5746606334841629
ESM,5o1n_1_A,442,all,0.5,0.7058823529411765
ESM,5o1n_1_A,442,all,0.2,0.8181818181818182
ESM,5o75_1_A,71,short,1.0,0.39436619718309857
ESM,5o75_1_A,71,short,0.5,0.5142857142857142
ESM,5o75_1_A,71,short,0.2,0.7142857142857143
ESM,5o75_1_A,71,medium,1.0,0.5352112676056338
ESM,5o75_1_A,71,medium,0.5,0.6571428571428571
ESM,5o75_1_A,71,medium,0.2,0.5714285714285714
ESM,5o75_1_A,71,long,1.0,0.5070422535211268
ESM,5o75_1_A,71,long,0.5,0.6571428571428571
ESM,5o75_1_A,71,long,0.2,0.7142857142857143
ESM,5o75_1_A,71,all,1.0,0.676056338028169
ESM,5o75_1_A,71,all,0.5,0.7428571428571429
ESM,5o75_1_A,71,all,0.2,0.8571428571428571
ESM,5oez_1_C,313,short,1.0,0.14057507987220447
ESM,5oez_1_C,313,short,0.5,0.1282051282051282
ESM,5oez_1_C,313,short,0.2,0.0967741935483871
ESM,5oez_1_C,313,medium,1.0,0.22364217252396165
ESM,5oez_1_C,313,medium,0.5,0.32051282051282054
ESM,5oez_1_C,313,medium,0.2,0.3225806451612903
ESM,5oez_1_C,313,long,1.0,0.33226837060702874
ESM,5oez_1_C,313,long,0.5,0.4358974358974359
ESM,5oez_1_C,313,long,0.2,0.45161290322580644
ESM,5oez_1_C,313,all,1.0,0.2364217252396166
ESM,5oez_1_C,313,all,0.5,0.2564102564102564
ESM,5oez_1_C,313,all,0.2,0.0967741935483871
ESM,5owg_1_A,181,short,1.0,0.06629834254143646
ESM,5owg_1_A,181,short,0.5,0.1111111111111111
ESM,5owg_1_A,181,short,0.2,0.2222222222222222
ESM,5owg_1_A,181,medium,1.0,0.12154696132596685
ESM,5owg_1_A,181,medium,0.5,0.17777777777777778
ESM,5owg_1_A,181,medium,0.2,0.16666666666666666
ESM,5owg_1_A,181,long,1.0,0.08839779005524862
ESM,5owg_1_A,181,long,0.5,0.13333333333333333
ESM,5owg_1_A,181,long,0.2,0.2222222222222222
ESM,5owg_1_A,181,all,1.0,0.09944751381215469
ESM,5owg_1_A,181,all,0.5,0.13333333333333333
ESM,5owg_1_A,181,all,0.2,0.2222222222222222
ESM,5t09_1_A,217,short,1.0,0.11059907834101383
ESM,5t09_1_A,217,short,0.5,0.12962962962962962
ESM,5t09_1_A,217,short,0.2,0.13953488372093023
ESM,5t09_1_A,217,medium,1.0,0.15207373271889402
ESM,5t09_1_A,217,medium,0.5,0.18518518518518517
ESM,5t09_1_A,217,medium,0.2,0.27906976744186046
ESM,5t09_1_A,217,long,1.0,0.6912442396313364
ESM,5t09_1_A,217,long,0.5,0.8148148148148148
ESM,5t09_1_A,217,long,0.2,0.9069767441860465
ESM,5t09_1_A,217,all,1.0,0.41013824884792627
ESM,5t09_1_A,217,all,0.5,0.5185185185185185
ESM,5t09_1_A,217,all,0.2,0.5116279069767442
ESM,5t87_1_A,114,short,1.0,0.2982456140350877
ESM,5t87_1_A,114,short,0.5,0.49122807017543857
ESM,5t87_1_A,114,short,0.2,0.5454545454545454
ESM,5t87_1_A,114,medium,1.0,0.47368421052631576
ESM,5t87_1_A,114,medium,0.5,0.7368421052631579
ESM,5t87_1_A,114,medium,0.2,0.9090909090909091
ESM,5t87_1_A,114,long,1.0,0.6491228070175439
ESM,5t87_1_A,114,long,0.5,0.6842105263157895
ESM,5t87_1_A,114,long,0.2,0.6363636363636364
ESM,5t87_1_A,114,all,1.0,0.7368421052631579
ESM,5t87_1_A,114,all,0.5,0.7543859649122807
ESM,5t87_1_A,114,all,0.2,0.7272727272727273
ESM,5tkw_1_B,236,short,1.0,0.17796610169491525
ESM,5tkw_1_B,236,short,0.5,0.23728813559322035
ESM,5tkw_1_B,236,short,0.2,0.2553191489361702
ESM,5tkw_1_B,236,medium,1.0,0.3559322033898305
ESM,5tkw_1_B,236,medium,0.5,0.5084745762711864
ESM,5tkw_1_B,236,medium,0.2,0.7446808510638298
ESM,5tkw_1_B,236,long,1.0,0.5847457627118644
ESM,5tkw_1_B,236,long,0.5,0.7457627118644068
ESM,5tkw_1_B,236,long,0.2,0.9361702127659575
ESM,5tkw_1_B,236,all,1.0,0.5084745762711864
ESM,5tkw_1_B,236,all,0.5,0.576271186440678
ESM,5tkw_1_B,236,all,0.2,0.6170212765957447
ESM,5tse_1_A,136,short,1.0,0.2647058823529412
ESM,5tse_1_A,136,short,0.5,0.38235294117647056
ESM,5tse_1_A,136,short,0.2,0.5555555555555556
ESM,5tse_1_A,136,medium,1.0,0.39705882352941174
ESM,5tse_1_A,136,medium,0.5,0.7058823529411765
ESM,5tse_1_A,136,medium,0.2,0.8148148148148148
ESM,5tse_1_A,136,long,1.0,0.6470588235294118
ESM,5tse_1_A,136,long,0.5,0.6470588235294118
ESM,5tse_1_A,136,long,0.2,0.7037037037037037
ESM,5tse_1_A,136,all,1.0,0.6029411764705882
ESM,5tse_1_A,136,all,0.5,0.6470588235294118
ESM,5tse_1_A,136,all,0.2,0.8148148148148148
ESM,5tuk_1_A,372,short,1.0,0.20967741935483872
ESM,5tuk_1_A,372,short,0.5,0.3225806451612903
ESM,5tuk_1_A,372,short,0.2,0.5675675675675675
ESM,5tuk_1_A,372,medium,1.0,0.3655913978494624
ESM,5tuk_1_A,372,medium,0.5,0.5053763440860215
ESM,5tuk_1_A,372,medium,0.2,0.7027027027027027
ESM,5tuk_1_A,372,long,1.0,0.6612903225806451
ESM,5tuk_1_A,372,long,0.5,0.7526881720430108
ESM,5tuk_1_A,372,long,0.2,0.8378378378378378
ESM,5tuk_1_A,372,all,1.0,0.5967741935483871
ESM,5tuk_1_A,372,all,0.5,0.7849462365591398
ESM,5tuk_1_A,372,all,0.2,0.8918918918918919
ESM,5u2l_1_A,150,short,1.0,0.21333333333333335
ESM,5u2l_1_A,150,short,0.5,0.29333333333333333
ESM,5u2l_1_A,150,short,0.2,0.4666666666666667
ESM,5u2l_1_A,150,medium,1.0,0.38666666666666666
ESM,5u2l_1_A,150,medium,0.5,0.5866666666666667
ESM,5u2l_1_A,150,medium,0.2,0.8666666666666667
ESM,5u2l_1_A,150,long,1.0,0.30666666666666664
ESM,5u2l_1_A,150,long,0.5,0.48
ESM,5u2l_1_A,150,long,0.2,0.6
ESM,5u2l_1_A,150,all,1.0,0.4666666666666667
ESM,5u2l_1_A,150,all,0.5,0.68
ESM,5u2l_1_A,150,all,0.2,0.6666666666666666
ESM,5u32_1_A,213,short,1.0,0.06572769953051644
ESM,5u32_1_A,213,short,0.5,0.09433962264150944
ESM,5u32_1_A,213,short,0.2,0.09523809523809523
ESM,5u32_1_A,213,medium,1.0,0.1596244131455399
ESM,5u32_1_A,213,medium,0.5,0.24528301886792453
ESM,5u32_1_A,213,medium,0.2,0.38095238095238093
ESM,5u32_1_A,213,long,1.0,0.5586854460093896
ESM,5u32_1_A,213,long,0.5,0.7547169811320755
ESM,5u32_1_A,213,long,0.2,0.9523809523809523
ESM,5u32_1_A,213,all,1.0,0.3380281690140845
ESM,5u32_1_A,213,all,0.5,0.39622641509433965
ESM,5u32_1_A,213,all,0.2,0.3333333333333333
ESM,5u77_1_A,117,short,1.0,0.41025641025641024
ESM,5u77_1_A,117,short,0.5,0.5862068965517241
ESM,5u77_1_A,117,short,0.2,0.8260869565217391
ESM,5u77_1_A,117,medium,1.0,0.47863247863247865
ESM,5u77_1_A,117,medium,0.5,0.6206896551724138
ESM,5u77_1_A,117,medium,0.2,0.9130434782608695
ESM,5u77_1_A,117,long,1.0,0.6837606837606838
ESM,5u77_1_A,117,long,0.5,0.7241379310344828
ESM,5u77_1_A,117,long,0.2,0.7391304347826086
ESM,5u77_1_A,117,all,1.0,0.7521367521367521
ESM,5u77_1_A,117,all,0.5,0.8275862068965517
ESM,5u77_1_A,117,all,0.2,1.0
ESM,5ua5_1_A,144,short,1.0,0.0
ESM,5ua5_1_A,144,short,0.5,0.0
ESM,5ua5_1_A,144,short,0.2,0.0
ESM,5ua5_1_A,144,medium,1.0,0.0
ESM,5ua5_1_A,144,medium,0.5,0.0
ESM,5ua5_1_A,144,medium,0.2,0.0
ESM,5ua5_1_A,144,long,1.0,0.027777777777777776
ESM,5ua5_1_A,144,long,0.5,0.027777777777777776
ESM,5ua5_1_A,144,long,0.2,0.0
ESM,5ua5_1_A,144,all,1.0,0.0
ESM,5ua5_1_A,144,all,0.5,0.0
ESM,5ua5_1_A,144,all,0.2,0.0
ESM,5ugw_1_A,158,short,1.0,0.012658227848101266
ESM,5ugw_1_A,158,short,0.5,0.02531645569620253
ESM,5ugw_1_A,158,short,0.2,0.06451612903225806
ESM,5ugw_1_A,158,medium,1.0,0.0
ESM,5ugw_1_A,158,medium,0.5,0.0
ESM,5ugw_1_A,158,medium,0.2,0.0
ESM,5ugw_1_A,158,long,1.0,0.012658227848101266
ESM,5ugw_1_A,158,long,0.5,0.0
ESM,5ugw_1_A,158,long,0.2,0.0
ESM,5ugw_1_A,158,all,1.0,0.012658227848101266
ESM,5ugw_1_A,158,all,0.5,0.02531645569620253
ESM,5ugw_1_A,158,all,0.2,0.06451612903225806
ESM,5upb_1_D,254,short,1.0,0.14960629921259844
ESM,5upb_1_D,254,short,0.5,0.1889763779527559
ESM,5upb_1_D,254,short,0.2,0.32
ESM,5upb_1_D,254,medium,1.0,0.12598425196850394
ESM,5upb_1_D,254,medium,0.5,0.1889763779527559
ESM,5upb_1_D,254,medium,0.2,0.36
ESM,5upb_1_D,254,long,1.0,0.33858267716535434
ESM,5upb_1_D,254,long,0.5,0.3937007874015748
ESM,5upb_1_D,254,long,0.2,0.56
ESM,5upb_1_D,254,all,1.0,0.2047244094488189
ESM,5upb_1_D,254,all,0.5,0.2047244094488189
ESM,5upb_1_D,254,all,0.2,0.4
ESM,5utk_1_B,282,short,1.0,0.46099290780141844
ESM,5utk_1_B,282,short,0.5,0.5957446808510638
ESM,5utk_1_B,282,short,0.2,0.6428571428571429
ESM,5utk_1_B,282,medium,1.0,0.6666666666666666
ESM,5utk_1_B,282,medium,0.5,0.7943262411347518
ESM,5utk_1_B,282,medium,0.2,0.9642857142857143
ESM,5utk_1_B,282,long,1.0,0.7659574468085106
ESM,5utk_1_B,282,long,0.5,0.8865248226950354
ESM,5utk_1_B,282,long,0.2,1.0
ESM,5utk_1_B,282,all,1.0,0.8581560283687943
ESM,5utk_1_B,282,all,0.5,0.8581560283687943
ESM,5utk_1_B,282,all,0.2,0.7857142857142857
ESM,5v2c_1_V,458,short,1.0,0.13100436681222707
ESM,5v2c_1_V,458,short,0.5,0.17467248908296942
ESM,5v2c_1_V,458,short,0.2,0.15384615384615385
ESM,5v2c_1_V,458,medium,1.0,0.03056768558951965
ESM,5v2c_1_V,458,medium,0.5,0.017467248908296942
ESM,5v2c_1_V,458,medium,0.2,0.0
ESM,5v2c_1_V,458,long,1.0,0.026200873362445413
ESM,5v2c_1_V,458,long,0.5,0.017467248908296942
ESM,5v2c_1_V,458,long,0.2,0.0
ESM,5v2c_1_V,458,all,1.0,0.09606986899563319
ESM,5v2c_1_V,458,all,0.5,0.09606986899563319
ESM,5v2c_1_V,458,all,0.2,0.08791208791208792
ESM,5v2o_1_A,60,short,1.0,0.0
ESM,5v2o_1_A,60,short,0.5,0.0
ESM,5v2o_1_A,60,short,0.2,0.0
ESM,5v2o_1_A,60,medium,1.0,0.1
ESM,5v2o_1_A,60,medium,0.5,0.13333333333333333
ESM,5v2o_1_A,60,medium,0.2,0.0
ESM,5v2o_1_A,60,long,1.0,0.0
ESM,5v2o_1_A,60,long,0.5,0.0
ESM,5v2o_1_A,60,long,0.2,0.0
ESM,5v2o_1_A,60,all,1.0,0.06666666666666667
ESM,5v2o_1_A,60,all,0.5,0.13333333333333333
ESM,5v2o_1_A,60,all,0.2,0.0
ESM,5v6i_1_A,111,short,1.0,0.036036036036036036
ESM,5v6i_1_A,111,short,0.5,0.03636363636363636
ESM,5v6i_1_A,111,short,0.2,0.0
ESM,5v6i_1_A,111,medium,1.0,0.09009009009009009
ESM,5v6i_1_A,111,medium,0.5,0.10909090909090909
ESM,5v6i_1_A,111,medium,0.2,0.0
ESM,5v6i_1_A,111,long,1.0,0.25225225225225223
ESM,5v6i_1_A,111,long,0.5,0.36363636363636365
ESM,5v6i_1_A,111,long,0.2,0.5454545454545454
ESM,5v6i_1_A,111,all,1.0,0.10810810810810811
ESM,5v6i_1_A,111,all,0.5,0.07272727272727272
ESM,5v6i_1_A,111,all,0.2,0.18181818181818182
ESM,5vxz_1_B,102,short,1.0,0.27450980392156865
ESM,5vxz_1_B,102,short,0.5,0.47058823529411764
ESM,5vxz_1_B,102,short,0.2,0.6
ESM,5vxz_1_B,102,medium,1.0,0.43137254901960786
ESM,5vxz_1_B,102,medium,0.5,0.5490196078431373
ESM,5vxz_1_B,102,medium,0.2,0.7
ESM,5vxz_1_B,102,long,1.0,0.8431372549019608
ESM,5vxz_1_B,102,long,0.5,0.9607843137254902
ESM,5vxz_1_B,102,long,0.2,0.9
ESM,5vxz_1_B,102,all,1.0,0.8627450980392157
ESM,5vxz_1_B,102,all,0.5,0.8823529411764706
ESM,5vxz_1_B,102,all,0.2,0.9
ESM,5wam_1_A,103,short,1.0,0.27184466019417475
ESM,5wam_1_A,103,short,0.5,0.43137254901960786
ESM,5wam_1_A,103,short,0.2,0.8
ESM,5wam_1_A,103,medium,1.0,0.4854368932038835
ESM,5wam_1_A,103,medium,0.5,0.7058823529411765
ESM,5wam_1_A,103,medium,0.2,0.8
ESM,5wam_1_A,103,long,1.0,0.3106796116504854
ESM,5wam_1_A,103,long,0.5,0.47058823529411764
ESM,5wam_1_A,103,long,0.2,0.7
ESM,5wam_1_A,103,all,1.0,0.5242718446601942
ESM,5wam_1_A,103,all,0.5,0.7647058823529411
ESM,5wam_1_A,103,all,0.2,0.8
ESM,5wwl_1_A,214,short,1.0,0.0
ESM,5wwl_1_A,214,short,0.5,0.0
ESM,5wwl_1_A,214,short,0.2,0.0
ESM,5wwl_1_A,214,medium,1.0,0.009345794392523364
ESM,5wwl_1_A,214,medium,0.5,0.0
ESM,5wwl_1_A,214,medium,0.2,0.0
ESM,5wwl_1_A,214,long,1.0,0.018691588785046728
ESM,5wwl_1_A,214,long,0.5,0.037383177570093455
ESM,5wwl_1_A,214,long,0.2,0.047619047619047616
ESM,5wwl_1_A,214,all,1.0,0.0
ESM,5wwl_1_A,214,all,0.5,0.0
ESM,5wwl_1_A,214,all,0.2,0.0
ESM,5x6s_1_B,274,short,1.0,0.25547445255474455
ESM,5x6s_1_B,274,short,0.5,0.3795620437956204
ESM,5x6s_1_B,274,short,0.2,0.5185185185185185
ESM,5x6s_1_B,274,medium,1.0,0.4233576642335766
ESM,5x6s_1_B,274,medium,0.5,0.5693430656934306
ESM,5x6s_1_B,274,medium,0.2,0.7407407407407407
ESM,5x6s_1_B,274,long,1.0,0.7372262773722628
ESM,5x6s_1_B,274,long,0.5,0.7883211678832117
ESM,5x6s_1_B,274,long,0.2,0.9259259259259259
ESM,5x6s_1_B,274,all,1.0,0.6861313868613139
ESM,5x6s_1_B,274,all,0.5,0.8467153284671532
ESM,5x6s_1_B,274,all,0.2,0.8518518518518519
ESM,5x9a_1_A,188,short,1.0,0.19148936170212766
ESM,5x9a_1_A,188,short,0.5,0.2765957446808511
ESM,5x9a_1_A,188,short,0.2,0.3783783783783784
ESM,5x9a_1_A,188,medium,1.0,0.3404255319148936
ESM,5x9a_1_A,188,medium,0.5,0.5531914893617021
ESM,5x9a_1_A,188,medium,0.2,0.8378378378378378
ESM,5x9a_1_A,188,long,1.0,0.3723404255319149
ESM,5x9a_1_A,188,long,0.5,0.5319148936170213
ESM,5x9a_1_A,188,long,0.2,0.6216216216216216
ESM,5x9a_1_A,188,all,1.0,0.4574468085106383
ESM,5x9a_1_A,188,all,0.5,0.5531914893617021
ESM,5x9a_1_A,188,all,0.2,0.5135135135135135
ESM,5xbf_1_B,119,short,1.0,0.15126050420168066
ESM,5xbf_1_B,119,short,0.5,0.1694915254237288
ESM,5xbf_1_B,119,short,0.2,0.13043478260869565
ESM,5xbf_1_B,119,medium,1.0,0.33613445378151263
ESM,5xbf_1_B,119,medium,0.5,0.576271186440678
ESM,5xbf_1_B,119,medium,0.2,0.782608695652174
ESM,5xbf_1_B,119,long,1.0,0.6302521008403361
ESM,5xbf_1_B,119,long,0.5,0.8983050847457628
ESM,5xbf_1_B,119,long,0.2,0.8695652173913043
ESM,5xbf_1_B,119,all,1.0,0.4369747899159664
ESM,5xbf_1_B,119,all,0.5,0.4406779661016949
ESM,5xbf_1_B,119,all,0.2,0.2608695652173913
ESM,5xkt_1_A,199,short,1.0,0.18090452261306533
ESM,5xkt_1_A,199,short,0.5,0.16161616161616163
ESM,5xkt_1_A,199,short,0.2,0.2564102564102564
ESM,5xkt_1_A,199,medium,1.0,0.2814070351758794
ESM,5xkt_1_A,199,medium,0.5,0.41414141414141414
ESM,5xkt_1_A,199,medium,0.2,0.717948717948718
ESM,5xkt_1_A,199,long,1.0,0.7437185929648241
ESM,5xkt_1_A,199,long,0.5,0.7575757575757576
ESM,5xkt_1_A,199,long,0.2,0.9743589743589743
ESM,5xkt_1_A,199,all,1.0,0.6180904522613065
ESM,5xkt_1_A,199,all,0.5,0.696969696969697
ESM,5xkt_1_A,199,all,0.2,0.8974358974358975
ESM,5y8t_1_B,162,short,1.0,0.08641975308641975
ESM,5y8t_1_B,162,short,0.5,0.12345679012345678
ESM,5y8t_1_B,162,short,0.2,0.1875
ESM,5y8t_1_B,162,medium,1.0,0.16049382716049382
ESM,5y8t_1_B,162,medium,0.5,0.2222222222222222
ESM,5y8t_1_B,162,medium,0.2,0.5
ESM,5y8t_1_B,162,long,1.0,0.4691358024691358
ESM,5y8t_1_B,162,long,0.5,0.691358024691358
ESM,5y8t_1_B,162,long,0.2,0.8125
ESM,5y8t_1_B,162,all,1.0,0.345679012345679
ESM,5y8t_1_B,162,all,0.5,0.4444444444444444
ESM,5y8t_1_B,162,all,0.2,0.4375
ESM,5ys3_1_A,188,short,1.0,0.14893617021276595
ESM,5ys3_1_A,188,short,0.5,0.1702127659574468
ESM,5ys3_1_A,188,short,0.2,0.1891891891891892
ESM,5ys3_1_A,188,medium,1.0,0.1276595744680851
ESM,5ys3_1_A,188,medium,0.5,0.1702127659574468
ESM,5ys3_1_A,188,medium,0.2,0.16216216216216217
ESM,5ys3_1_A,188,long,1.0,0.2978723404255319
ESM,5ys3_1_A,188,long,0.5,0.3617021276595745
ESM,5ys3_1_A,188,long,0.2,0.40540540540540543
ESM,5ys3_1_A,188,all,1.0,0.18085106382978725
ESM,5ys3_1_A,188,all,0.5,0.23404255319148937
ESM,5ys3_1_A,188,all,0.2,0.21621621621621623
ESM,6amb_1_B,79,short,1.0,0.3037974683544304
ESM,6amb_1_B,79,short,0.5,0.41025641025641024
ESM,6amb_1_B,79,short,0.2,0.3333333333333333
ESM,6amb_1_B,79,medium,1.0,0.16455696202531644
ESM,6amb_1_B,79,medium,0.5,0.15384615384615385
ESM,6amb_1_B,79,medium,0.2,0.26666666666666666
ESM,6amb_1_B,79,long,1.0,0.379746835443038
ESM,6amb_1_B,79,long,0.5,0.48717948717948717
ESM,6amb_1_B,79,long,0.2,0.6666666666666666
ESM,6amb_1_B,79,all,1.0,0.379746835443038
ESM,6amb_1_B,79,all,0.5,0.41025641025641024
ESM,6amb_1_B,79,all,0.2,0.3333333333333333
ESM,6avd_1_A,40,short,1.0,0.45
ESM,6avd_1_A,40,short,0.5,0.3
ESM,6avd_1_A,40,short,0.2,0.25
ESM,6avd_1_A,40,medium,1.0,0.7
ESM,6avd_1_A,40,medium,0.5,0.9
ESM,6avd_1_A,40,medium,0.2,1.0
ESM,6avd_1_A,40,long,1.0,0.2
ESM,6avd_1_A,40,long,0.5,0.4
ESM,6avd_1_A,40,long,0.2,0.25
ESM,6avd_1_A,40,all,1.0,0.6
ESM,6avd_1_A,40,all,0.5,0.7
ESM,6avd_1_A,40,all,0.2,1.0
ESM,6ei1_1_A,335,short,1.0,0.05373134328358209
ESM,6ei1_1_A,335,short,0.5,0.0718562874251497
ESM,6ei1_1_A,335,short,0.2,0.08955223880597014
ESM,6ei1_1_A,335,medium,1.0,0.11343283582089553
ESM,6ei1_1_A,335,medium,0.5,0.10778443113772455
ESM,6ei1_1_A,335,medium,0.2,0.23880597014925373
ESM,6ei1_1_A,335,long,1.0,0.29850746268656714
ESM,6ei1_1_A,335,long,0.5,0.39520958083832336
ESM,6ei1_1_A,335,long,0.2,0.7910447761194029
ESM,6ei1_1_A,335,all,1.0,0.1253731343283582
ESM,6ei1_1_A,335,all,0.5,0.19161676646706588
ESM,6ei1_1_A,335,all,0.2,0.2537313432835821
ESM,6emg_1_A,232,short,1.0,0.05172413793103448
ESM,6emg_1_A,232,short,0.5,0.05172413793103448
ESM,6emg_1_A,232,short,0.2,0.08695652173913043
ESM,6emg_1_A,232,medium,1.0,0.14655172413793102
ESM,6emg_1_A,232,medium,0.5,0.1206896551724138
ESM,6emg_1_A,232,medium,0.2,0.13043478260869565
ESM,6emg_1_A,232,long,1.0,0.4482758620689655
ESM,6emg_1_A,232,long,0.5,0.4827586206896552
ESM,6emg_1_A,232,long,0.2,0.4782608695652174
ESM,6emg_1_A,232,all,1.0,0.1896551724137931
ESM,6emg_1_A,232,all,0.5,0.15517241379310345
ESM,6emg_1_A,232,all,0.2,0.13043478260869565
ESM,6emy_1_A,315,short,1.0,0.31746031746031744
ESM,6emy_1_A,315,short,0.5,0.4713375796178344
ESM,6emy_1_A,315,short,0.2,0.5714285714285714
ESM,6emy_1_A,315,medium,1.0,0.3746031746031746
ESM,6emy_1_A,315,medium,0.5,0.5095541401273885
ESM,6emy_1_A,315,medium,0.2,0.6984126984126984
ESM,6emy_1_A,315,long,1.0,0.49523809523809526
ESM,6emy_1_A,315,long,0.5,0.5987261146496815
ESM,6emy_1_A,315,long,0.2,0.7142857142857143
ESM,6emy_1_A,315,all,1.0,0.5841269841269842
ESM,6emy_1_A,315,all,0.5,0.6624203821656051
ESM,6emy_1_A,315,all,0.2,0.6825396825396826
ESM,6fht_1_B,735,short,1.0,0.22857142857142856
ESM,6fht_1_B,735,short,0.5,0.2888283378746594
ESM,6fht_1_B,735,short,0.2,0.32653061224489793
ESM,6fht_1_B,735,medium,1.0,0.3401360544217687
ESM,6fht_1_B,735,medium,0.5,0.41689373297002724
ESM,6fht_1_B,735,medium,0.2,0.54421768707483
ESM,6fht_1_B,735,long,1.0,0.5877551020408164
ESM,6fht_1_B,735,long,0.5,0.7438692098092643
ESM,6fht_1_B,735,long,0.2,0.8775510204081632
ESM,6fht_1_B,735,all,1.0,0.5482993197278911
ESM,6fht_1_B,735,all,0.5,0.6457765667574932
ESM,6fht_1_B,735,all,0.2,0.6462585034013606
