f1_score,family,pid,num_gaps,seq_len,method,pid_bin
0.8506787330316743,10006,0.3445378151260504,7,119,classical,0.3
0.8125,10006,0.3445378151260504,7,119,peint,0.3
0.9285714285714286,10041,0.6166666666666667,4,60,classical,0.6
0.8672566371681416,10041,0.6166666666666667,4,60,peint,0.6
0.9958677685950413,10049,0.5185185185185185,1,243,classical,0.5
0.9896907216494846,10049,0.5185185185185185,1,243,peint,0.5
0.7955801104972375,10080,0.38144329896907214,5,97,classical,0.4
0.45255474452554745,10080,0.38144329896907214,5,97,peint,0.4
0.8727272727272727,10225,0.41346153846153844,23,104,classical,0.4
0.7977528089887641,10225,0.41346153846153844,23,104,peint,0.4
0.8361581920903955,10248,0.2676767676767677,24,198,classical,0.3
0.797752808988764,10248,0.2676767676767677,24,198,peint,0.3
0.7755102040816327,10269,0.17676767676767677,25,198,classical,0.2
0.577922077922078,10269,0.17676767676767677,25,198,peint,0.2
0.8389057750759878,1028,0.2653061224489796,29,196,classical,0.3
0.7747747747747747,1028,0.2653061224489796,29,196,peint,0.3
0.5970772442588727,10346,0.17054263565891473,12,258,classical,0.2
0.621923937360179,10346,0.17054263565891473,12,258,peint,0.2
0.7936507936507937,10376,0.47058823529411764,0,34,classical,0.5
0.696969696969697,10376,0.47058823529411764,0,34,peint,0.5
0.9306930693069307,10394,0.6857142857142857,4,105,classical,0.7
0.8910891089108911,10394,0.6857142857142857,4,105,peint,0.7
0.9349112426035503,10408,0.4186046511627907,1,86,classical,0.4
0.9239766081871345,10408,0.4186046511627907,1,86,peint,0.4
1.0,10430,0.5625,0,48,classical,0.6
0.9387755102040817,10430,0.5625,0,48,peint,0.6
0.7865168539325843,10452,0.25925925925925924,10,54,classical,0.3
0.6511627906976744,10452,0.25925925925925924,10,54,peint,0.3
1.0,10472,0.6344086021505376,0,93,classical,0.6
1.0,10472,0.6344086021505376,0,93,peint,0.6
1.0,10506,0.7956989247311828,0,93,classical,0.8
1.0,10506,0.7956989247311828,0,93,peint,0.8
0.7621621621621621,10507,0.43781094527363185,17,201,classical,0.4
0.721311475409836,10507,0.43781094527363185,17,201,peint,0.4
0.4,10554,0.15853658536585366,23,82,classical,0.2
0.416,10554,0.15853658536585366,23,82,peint,0.2
0.8195121951219512,10564,0.22033898305084745,11,118,classical,0.2
0.6952380952380953,10564,0.22033898305084745,11,118,peint,0.2
0.8132780082987551,10626,0.23703703703703705,12,135,classical,0.2
0.7470817120622568,10626,0.23703703703703705,12,135,peint,0.2
0.6274509803921567,10628,0.22727272727272727,17,66,classical,0.2
0.7083333333333333,10628,0.22727272727272727,17,66,peint,0.2
0.974025974025974,10674,0.28205128205128205,1,78,classical,0.3
0.794701986754967,10674,0.28205128205128205,1,78,peint,0.3
0.5384615384615385,10675,0.20833333333333334,0,120,classical,0.2
0.5809523809523809,10675,0.20833333333333334,0,120,peint,0.2
0.8014705882352942,10692,0.28289473684210525,16,152,classical,0.3
0.714828897338403,10692,0.28289473684210525,16,152,peint,0.3
0.705596107055961,107,0.12734082397003746,62,267,classical,0.1
0.45317220543806647,107,0.12734082397003746,62,267,peint,0.1
1.0,10758,0.46938775510204084,0,49,classical,0.5
0.9696969696969697,10758,0.46938775510204084,0,49,peint,0.5
0.8018867924528302,10765,0.4166666666666667,14,120,classical,0.4
0.7575757575757576,10765,0.4166666666666667,14,120,peint,0.4
1.0,10768,0.32116788321167883,37,274,classical,0.3
0.6545454545454547,10768,0.32116788321167883,37,274,peint,0.3
0.9652509652509652,10784,0.22302158273381295,11,139,classical,0.2
0.7313432835820896,10784,0.22302158273381295,11,139,peint,0.2
1.0,10796,0.5333333333333333,0,30,classical,0.5
0.9836065573770492,10796,0.5333333333333333,0,30,peint,0.5
0.8241912798874823,10833,0.3648293963254593,26,381,classical,0.4
0.8140556368960469,10833,0.3648293963254593,26,381,peint,0.4
0.9921259842519685,10866,0.59765625,2,256,classical,0.6
0.9626719056974459,10866,0.59765625,2,256,peint,0.6
0.9199372056514912,10880,0.5377643504531722,10,331,classical,0.5
0.884437596302003,10880,0.5377643504531722,10,331,peint,0.5
0.7640449438202248,10895,0.3333333333333333,10,99,classical,0.3
0.5325443786982248,10895,0.3333333333333333,10,99,peint,0.3
0.989247311827957,10933,0.7700534759358288,1,187,classical,0.8
0.9411764705882354,10933,0.7700534759358288,1,187,peint,0.8
0.7485714285714286,10967,0.3137254901960784,28,204,classical,0.3
0.7134831460674157,10967,0.3137254901960784,28,204,peint,0.3
0.6478454680534917,11006,0.18952618453865336,67,401,classical,0.2
0.30314232902033267,11006,0.18952618453865336,67,401,peint,0.2
1.0,11041,0.4666666666666667,0,15,classical,0.5
0.9032258064516129,11041,0.4666666666666667,0,15,peint,0.5
0.7305389221556886,11057,0.18556701030927836,11,97,classical,0.2
0.7037037037037037,11057,0.18556701030927836,11,97,peint,0.2
0.6736842105263158,11087,0.2641509433962264,4,53,classical,0.3
0.5048543689320388,11087,0.2641509433962264,4,53,peint,0.3
0.33333333333333337,11106,0.13829787234042554,27,94,classical,0.1
0.46031746031746035,11106,0.13829787234042554,27,94,peint,0.1
0.8173076923076923,11126,0.29508196721311475,36,244,classical,0.3
0.6855791962174941,11126,0.29508196721311475,36,244,peint,0.3
0.8949416342412451,11155,0.3310344827586207,15,145,classical,0.3
0.7200000000000001,11155,0.3310344827586207,15,145,peint,0.3
0.22545454545454544,11159,0.1393939393939394,27,165,classical,0.1
0.11374407582938388,11159,0.1393939393939394,27,165,peint,0.1
0.5421686746987951,11163,0.13953488372093023,48,129,classical,0.1
0.37583892617449666,11163,0.13953488372093023,48,129,peint,0.1
1.0,11179,0.4358974358974359,0,39,classical,0.4
1.0,11179,0.4358974358974359,0,39,peint,0.4
1.0,11201,0.45454545454545453,0,55,classical,0.5
1.0,11201,0.45454545454545453,0,55,peint,0.5
1.0,11204,0.4649122807017544,2,114,classical,0.5
0.9344978165938864,11204,0.4649122807017544,2,114,peint,0.5
0.9221556886227545,11209,0.21348314606741572,4,89,classical,0.2
0.6797385620915033,11209,0.21348314606741572,4,89,peint,0.2
0.9748427672955975,11230,0.41818181818181815,6,165,classical,0.4
0.9206349206349206,11230,0.41818181818181815,6,165,peint,0.4
0.7380952380952381,11260,0.33695652173913043,10,92,classical,0.3
0.6941176470588235,11260,0.33695652173913043,10,92,peint,0.3
1.0,11261,0.2826086956521739,0,46,classical,0.3
0.967741935483871,11261,0.2826086956521739,0,46,peint,0.3
1.0,11277,0.12962962962962962,5,108,classical,0.1
0.9569377990430622,11277,0.12962962962962962,5,108,peint,0.1
0.7605633802816902,11285,0.11392405063291139,9,79,classical,0.1
0.5584415584415584,11285,0.11392405063291139,9,79,peint,0.1
1.0,11314,0.845360824742268,0,97,classical,0.8
1.0,11314,0.845360824742268,0,97,peint,0.8
0.7613293051359517,11335,0.27751196172248804,46,209,classical,0.3
0.8090614886731391,11335,0.27751196172248804,46,209,peint,0.3
1.0,11348,0.6477272727272727,0,88,classical,0.6
1.0,11348,0.6477272727272727,0,88,peint,0.6
0.9326424870466321,11352,0.2815533980582524,7,103,classical,0.3
0.8121827411167514,11352,0.2815533980582524,7,103,peint,0.3
1.0,11380,0.6,0,40,classical,0.6
1.0,11380,0.6,0,40,peint,0.6
1.0,11397,0.5373831775700935,2,214,classical,0.5
1.0,11397,0.5373831775700935,2,214,peint,0.5
1.0,1142,0.4090909090909091,9,176,classical,0.4
0.9376854599406529,1142,0.4090909090909091,9,176,peint,0.4
0.5721153846153847,11439,0.23166023166023167,45,259,classical,0.2
0.33783783783783783,11439,0.23166023166023167,45,259,peint,0.2
0.9961089494163424,11442,0.9261992619926199,14,271,classical,0.9
0.9710982658959537,11442,0.9261992619926199,14,271,peint,0.9
0.7928994082840236,11499,0.2079207920792079,14,101,classical,0.2
0.6198830409356725,11499,0.2079207920792079,14,101,peint,0.2
0.6872525732383215,11516,0.1896551724137931,61,696,classical,0.2
0.6365914786967418,11516,0.1896551724137931,61,696,peint,0.2
1.0,11604,0.8407079646017699,2,113,classical,0.8
0.9596412556053813,11604,0.8407079646017699,2,113,peint,0.8
1.0,11647,0.5138888888888888,0,72,classical,0.5
0.993103448275862,11647,0.5138888888888888,0,72,peint,0.5
0.7564102564102564,11686,0.24468085106382978,18,94,classical,0.2
0.6845637583892618,11686,0.24468085106382978,18,94,peint,0.2
0.6934460887949261,11709,0.3310344827586207,54,290,classical,0.3
0.7761904761904763,11709,0.3310344827586207,54,290,peint,0.3
0.8913857677902621,11711,0.24041811846689895,20,287,classical,0.2
0.6124999999999999,11711,0.24041811846689895,20,287,peint,0.2
1.0,11719,0.6140350877192983,1,114,classical,0.6
0.9955947136563876,11719,0.6140350877192983,1,114,peint,0.6
1.0,1178,0.525974025974026,0,154,classical,0.5
1.0,1178,0.525974025974026,0,154,peint,0.5
0.5,11789,0.13026819923371646,63,261,classical,0.1
0.15028901734104047,11789,0.13026819923371646,63,261,peint,0.1
0.5483870967741935,118,0.21212121212121213,1,33,classical,0.2
0.7647058823529411,118,0.21212121212121213,1,33,peint,0.2
0.0,11809,0.10638297872340426,47,235,classical,0.1
0.19622641509433963,11809,0.10638297872340426,47,235,peint,0.1
0.9533011272141707,11821,0.7065868263473054,47,668,classical,0.7
0.8347386172006745,11821,0.7065868263473054,47,668,peint,0.7
0.5017182130584191,11858,0.1744186046511628,28,172,classical,0.2
0.3802281368821293,11858,0.1744186046511628,28,172,peint,0.2
0.9547738693467336,1186,0.5346534653465347,2,101,classical,0.5
0.9306930693069307,1186,0.5346534653465347,2,101,peint,0.5
0.8056872037914692,11863,0.336283185840708,8,113,classical,0.3
0.7945205479452055,11863,0.336283185840708,8,113,peint,0.3
0.9696969696969697,11872,0.27941176470588236,2,68,classical,0.3
0.9624060150375939,11872,0.27941176470588236,2,68,peint,0.3
0.8148148148148148,11880,0.28205128205128205,8,117,classical,0.3
0.48704663212435234,11880,0.28205128205128205,8,117,peint,0.3
0.978021978021978,119,0.20652173913043478,1,92,classical,0.2
0.6303030303030303,119,0.20652173913043478,1,92,peint,0.2
0.8869936034115138,11952,0.34509803921568627,19,255,classical,0.3
0.8615384615384616,11952,0.34509803921568627,19,255,peint,0.3
0.9770992366412213,12003,0.5235732009925558,10,403,classical,0.5
0.9333333333333333,12003,0.5235732009925558,10,403,peint,0.5
0.33712121212121215,12006,0.14150943396226415,41,318,classical,0.1
0.14565826330532214,12006,0.14150943396226415,41,318,peint,0.1
0.7818181818181819,12017,0.33707865168539325,12,178,classical,0.3
0.8253968253968254,12017,0.33707865168539325,12,178,peint,0.3
0.7798742138364779,12022,0.33707865168539325,8,89,classical,0.3
0.8192771084337349,12022,0.33707865168539325,8,89,peint,0.3
0.8814432989690721,12040,0.38317757009345793,18,214,classical,0.4
0.663013698630137,12040,0.38317757009345793,18,214,peint,0.4
0.6229508196721311,12042,0.18216318785578747,136,527,classical,0.2
0.5112781954887219,12042,0.18216318785578747,136,527,peint,0.2
0.7094339622641509,12136,0.2289156626506024,34,166,classical,0.2
0.6360153256704981,12136,0.2289156626506024,34,166,peint,0.2
0.8968609865470851,12164,0.3697916666666667,53,384,classical,0.4
0.8829953198127924,12164,0.3697916666666667,53,384,peint,0.4
0.8660508083140878,12201,0.2374727668845316,23,459,classical,0.2
0.834326579261025,12201,0.2374727668845316,23,459,peint,0.2
1.0,12280,0.6274509803921569,0,51,classical,0.6
0.9622641509433962,12280,0.6274509803921569,0,51,peint,0.6
0.9951456310679612,12310,0.4830917874396135,1,207,classical,0.5
0.9854368932038835,12310,0.4830917874396135,1,207,peint,0.5
1.0,1236,0.574468085106383,0,47,classical,0.6
1.0,1236,0.574468085106383,0,47,peint,0.6
0.9255319148936171,12407,0.4585365853658537,16,205,classical,0.5
0.8190954773869347,12407,0.4585365853658537,16,205,peint,0.5
0.7228915662650602,12426,0.23225806451612904,30,155,classical,0.2
0.5691699604743082,12426,0.23225806451612904,30,155,peint,0.2
0.9947089947089947,12441,0.5894736842105263,1,190,classical,0.6
0.9635416666666666,12441,0.5894736842105263,1,190,peint,0.6
0.9142857142857143,12443,0.24324324324324326,4,74,classical,0.2
0.738255033557047,12443,0.24324324324324326,4,74,peint,0.2
0.7414965986394558,12496,0.18562874251497005,22,167,classical,0.2
0.618421052631579,12496,0.18562874251497005,22,167,peint,0.2
1.0,12514,0.5882352941176471,1,17,classical,0.6
0.7647058823529411,12514,0.5882352941176471,1,17,peint,0.6
0.2206896551724138,12539,0.14339622641509434,35,265,classical,0.1
0.24938875305623473,12539,0.14339622641509434,35,265,peint,0.1
0.37160751565762007,12548,0.13688212927756654,13,263,classical,0.1
0.28640776699029125,12548,0.13688212927756654,13,263,peint,0.1
0.9135802469135802,12570,0.34146341463414637,1,82,classical,0.3
0.8554216867469879,12570,0.34146341463414637,1,82,peint,0.3
0.8645833333333334,12571,0.5785123966942148,26,121,classical,0.6
0.9152542372881356,12571,0.5785123966942148,26,121,peint,0.6
0.0,12578,0.21739130434782608,0,23,classical,0.2
0.9361702127659574,12578,0.21739130434782608,0,23,peint,0.2
0.9656160458452722,12582,0.43575418994413406,9,358,classical,0.4
0.9571428571428571,12582,0.43575418994413406,9,358,peint,0.4
0.9941860465116279,12593,0.6420454545454546,4,176,classical,0.6
0.9425981873111782,12593,0.6420454545454546,4,176,peint,0.6
0.4829857299670692,12603,0.1594488188976378,42,508,classical,0.2
0.606060606060606,12603,0.1594488188976378,42,508,peint,0.2
0.895397489539749,12654,0.31007751937984496,19,258,classical,0.3
0.7660455486542442,12654,0.31007751937984496,19,258,peint,0.3
0.0,1269,0.07883817427385892,165,482,classical,0.1
0.05025125628140703,1269,0.07883817427385892,165,482,peint,0.1
0.900990099009901,12696,0.3378995433789954,19,219,classical,0.3
0.7909319899244333,12696,0.3378995433789954,19,219,peint,0.3
0.7189728958630527,12742,0.20506329113924052,47,395,classical,0.2
0.3473861720067453,12742,0.20506329113924052,47,395,peint,0.2
1.0,12756,0.40963855421686746,4,166,classical,0.4
0.9079754601226994,12756,0.40963855421686746,4,166,peint,0.4
0.8671472708547889,12777,0.2895204262877442,80,563,classical,0.3
0.5509761388286334,12777,0.2895204262877442,80,563,peint,0.3
1.0,12780,0.6592592592592592,2,135,classical,0.7
0.9090909090909091,12780,0.6592592592592592,2,135,peint,0.7
0.5195729537366549,12818,0.21637426900584794,38,171,classical,0.2
0.32098765432098764,12818,0.21637426900584794,38,171,peint,0.2
0.9227941176470589,1284,0.2043956043956044,183,455,classical,0.2
0.6703096539162114,1284,0.2043956043956044,183,455,peint,0.2
1.0,12849,0.7254901960784313,0,153,classical,0.7
0.9869281045751634,12849,0.7254901960784313,0,153,peint,0.7
0.3246753246753247,1286,0.2,4,90,classical,0.2
0.5680473372781065,1286,0.2,4,90,peint,0.2
0.7825059101654845,12871,0.30484988452655887,8,433,classical,0.3
0.7793427230046948,12871,0.30484988452655887,8,433,peint,0.3
0.7665198237885462,12891,0.2097902097902098,31,143,classical,0.2
0.6333333333333334,12891,0.2097902097902098,31,143,peint,0.2
0.2871536523929471,12916,0.14347826086956522,13,230,classical,0.1
0.4690265486725663,12916,0.14347826086956522,13,230,peint,0.1
1.0,12918,0.3178294573643411,2,129,classical,0.3
0.984251968503937,12918,0.3178294573643411,2,129,peint,0.3
0.7479674796747967,12919,0.16030534351145037,7,131,classical,0.2
0.4048582995951417,12919,0.16030534351145037,7,131,peint,0.2
0.921875,12991,0.3284313725490196,10,204,classical,0.3
0.7848101265822786,12991,0.3284313725490196,10,204,peint,0.3
0.9711934156378601,13075,0.2682926829268293,1,123,classical,0.3
0.9322709163346613,13075,0.2682926829268293,1,123,peint,0.3
0.9019607843137255,13086,0.24528301886792453,2,53,classical,0.2
0.3181818181818182,13086,0.24528301886792453,2,53,peint,0.2
0.4553571428571429,13087,0.15789473684210525,131,342,classical,0.2
0.27748691099476436,13087,0.15789473684210525,131,342,peint,0.2
0.8679245283018867,13127,0.3974121996303142,39,541,classical,0.4
0.8551165146909827,13127,0.3974121996303142,39,541,peint,0.4
1.0,13138,0.5540540540540541,1,74,classical,0.6
0.9315068493150684,13138,0.5540540540540541,1,74,peint,0.6
0.9692307692307692,13139,0.2727272727272727,1,66,classical,0.3
0.9465648854961831,13139,0.2727272727272727,1,66,peint,0.3
0.5454545454545454,13146,0.1,5,50,classical,0.1
0.3595505617977528,13146,0.1,5,50,peint,0.1
1.0,13169,0.5588235294117647,0,68,classical,0.6
1.0,13169,0.5588235294117647,0,68,peint,0.6
1.0,13201,0.2857142857142857,3,42,classical,0.3
0.7848101265822786,13201,0.2857142857142857,3,42,peint,0.3
0.8299319727891157,13214,0.3026315789473684,2,76,classical,0.3
0.9027777777777779,13214,0.3026315789473684,2,76,peint,0.3
0.9433962264150944,13239,0.2777777777777778,1,54,classical,0.3
0.9357798165137615,13239,0.2777777777777778,1,54,peint,0.3
0.717948717948718,13248,0.16666666666666666,6,66,classical,0.2
0.5739130434782609,13248,0.16666666666666666,6,66,peint,0.2
0.7666666666666666,1328,0.3244444444444444,14,225,classical,0.3
0.7092198581560283,1328,0.3244444444444444,14,225,peint,0.3
0.6538461538461539,13289,0.25287356321839083,6,87,classical,0.3
0.7590361445783134,13289,0.25287356321839083,6,87,peint,0.3
1.0,13292,0.5263157894736842,0,38,classical,0.5
1.0,13292,0.5263157894736842,0,38,peint,0.5
0.9026548672566371,13386,0.46153846153846156,4,117,classical,0.5
0.8240343347639485,13386,0.46153846153846156,4,117,peint,0.5
1.0,13391,0.36046511627906974,1,86,classical,0.4
1.0,13391,0.36046511627906974,1,86,peint,0.4
1.0,13435,0.4097222222222222,0,144,classical,0.4
0.9722222222222222,13435,0.4097222222222222,0,144,peint,0.4
0.7341040462427747,13452,0.22,32,200,classical,0.2
0.6470588235294118,13452,0.22,32,200,peint,0.2
1.0,13457,0.8952380952380953,0,105,classical,0.9
0.9904761904761905,13457,0.8952380952380953,0,105,peint,0.9
0.4223107569721115,13486,0.25,12,144,classical,0.2
0.42585551330798477,13486,0.25,12,144,peint,0.2
0.9940828402366864,13492,0.5930232558139535,2,86,classical,0.6
0.9940828402366864,13492,0.5930232558139535,2,86,peint,0.6
0.5705229793977813,13524,0.21621621621621623,52,370,classical,0.2
0.32721712538226294,13524,0.21621621621621623,52,370,peint,0.2
0.9710982658959537,13641,0.21875,10,96,classical,0.2
0.8268156424581005,13641,0.21875,10,96,peint,0.2
0.642781875658588,1368,0.3793103448275862,145,609,classical,0.4
0.5653153153153153,1368,0.3793103448275862,145,609,peint,0.4
0.7421875,13740,0.22929936305732485,26,157,classical,0.2
0.6743295019157088,13740,0.22929936305732485,26,157,peint,0.2
1.0,13758,0.49295774647887325,0,71,classical,0.5
1.0,13758,0.49295774647887325,0,71,peint,0.5
0.7142857142857143,13806,0.2760416666666667,14,192,classical,0.3
0.6465256797583081,13806,0.2760416666666667,14,192,peint,0.3
0.9411764705882353,13880,0.3142857142857143,1,35,classical,0.3
0.8285714285714286,13880,0.3142857142857143,1,35,peint,0.3
1.0,13892,0.5070422535211268,2,71,classical,0.5
0.8652482269503546,13892,0.5070422535211268,2,71,peint,0.5
1.0,13898,0.7652173913043478,2,115,classical,0.8
0.9464285714285714,13898,0.7652173913043478,2,115,peint,0.8
0.9695121951219512,13910,0.4311377245508982,3,167,classical,0.4
0.9211356466876972,13910,0.4311377245508982,3,167,peint,0.4
1.0,14016,0.27941176470588236,1,68,classical,0.3
0.8175182481751825,14016,0.27941176470588236,1,68,peint,0.3
0.7730496453900709,1404,0.2974683544303797,20,158,classical,0.3
0.7034482758620689,1404,0.2974683544303797,20,158,peint,0.3
0.717948717948718,14061,0.34782608695652173,7,46,classical,0.3
0.5277777777777778,14061,0.34782608695652173,7,46,peint,0.3
1.0,14089,0.5512820512820513,0,78,classical,0.6
0.9668874172185431,14089,0.5512820512820513,0,78,peint,0.6
0.9435897435897436,14107,0.7475247524752475,7,202,classical,0.7
0.8934010152284264,14107,0.7475247524752475,7,202,peint,0.7
0.7605633802816901,14154,0.23469387755102042,30,98,classical,0.2
0.5390070921985816,14154,0.23469387755102042,30,98,peint,0.2
1.0,1418,0.4594594594594595,6,37,classical,0.5
0.71875,1418,0.4594594594594595,6,37,peint,0.5
0.675,14241,0.16666666666666666,2,42,classical,0.2
0.5060240963855422,14241,0.16666666666666666,2,42,peint,0.2
1.0,14253,0.7532467532467533,0,77,classical,0.8
0.987012987012987,14253,0.7532467532467533,0,77,peint,0.8
0.833592534992224,1426,0.2420749279538905,22,347,classical,0.2
0.6622296173044925,1426,0.2420749279538905,22,347,peint,0.2
0.791578947368421,14266,0.2825278810408922,34,269,classical,0.3
0.6723044397463003,14266,0.2825278810408922,34,269,peint,0.3
1.0,14280,0.4,0,40,classical,0.4
0.9873417721518987,14280,0.4,0,40,peint,0.4
0.9875,14290,0.3448275862068966,7,87,classical,0.3
0.8143712574850299,14290,0.3448275862068966,7,87,peint,0.3
0.7615384615384615,14297,0.21656050955414013,27,157,classical,0.2
0.6196078431372549,14297,0.21656050955414013,27,157,peint,0.2
0.8405797101449275,1432,0.3013698630136986,4,73,classical,0.3
0.7114093959731543,1432,0.3013698630136986,4,73,peint,0.3
0.4755700325732899,14357,0.1903485254691689,67,373,classical,0.2
0.3578154425612053,14357,0.1903485254691689,67,373,peint,0.2
0.9970238095238095,14363,0.6528189910979229,1,337,classical,0.7
0.9717682020802377,14363,0.6528189910979229,1,337,peint,0.7
0.8241758241758242,14368,0.29896907216494845,5,97,classical,0.3
0.7812500000000001,14368,0.29896907216494845,5,97,peint,0.3
0.793002915451895,14372,0.2596685082872928,5,181,classical,0.3
0.764367816091954,14372,0.2596685082872928,5,181,peint,0.3
0.7373737373737373,14378,0.3669724770642202,11,109,classical,0.4
0.6808510638297872,14378,0.3669724770642202,11,109,peint,0.4
0.8812260536398466,14387,0.35251798561151076,7,139,classical,0.4
0.8175182481751825,14387,0.35251798561151076,7,139,peint,0.4
0.6180193596425912,14410,0.19337606837606838,244,936,classical,0.2
0.45116681071737247,14410,0.19337606837606838,244,936,peint,0.2
0.7973856209150327,14471,0.46464646464646464,30,99,classical,0.5
0.7973856209150327,14471,0.46464646464646464,30,99,peint,0.5
0.44031007751937984,14515,0.14600550964187328,34,363,classical,0.1
0.530214424951267,14515,0.14600550964187328,34,363,peint,0.1
0.9592592592592593,14518,0.427536231884058,6,276,classical,0.4
0.9393939393939394,14518,0.427536231884058,6,276,peint,0.4
0.9375,1452,0.5882352941176471,3,51,classical,0.6
0.8988764044943819,1452,0.5882352941176471,3,51,peint,0.6
1.0,14541,0.6333333333333333,0,30,classical,0.6
1.0,14541,0.6333333333333333,0,30,peint,0.6
0.5559105431309904,1456,0.1893491124260355,10,169,classical,0.2
0.35,1456,0.1893491124260355,10,169,peint,0.2
0.0,14571,0.17142857142857143,4,70,classical,0.2
0.5254237288135593,14571,0.17142857142857143,4,70,peint,0.2
1.0,14605,0.7905405405405406,0,296,classical,0.8
0.9949066213921902,14605,0.7905405405405406,0,296,peint,0.8
0.975,14612,0.46511627906976744,4,43,classical,0.5
0.962962962962963,14612,0.46511627906976744,4,43,peint,0.5
0.4005641748942172,14636,0.17349397590361446,55,415,classical,0.2
0.2807017543859649,14636,0.17349397590361446,55,415,peint,0.2
1.0,14641,0.625,0,120,classical,0.6
0.995850622406639,14641,0.625,0,120,peint,0.6
0.7976539589442816,14675,0.19796954314720813,27,197,classical,0.2
0.6006389776357828,14675,0.19796954314720813,27,197,peint,0.2
1.0,14695,0.45714285714285713,0,105,classical,0.5
0.9952606635071091,14695,0.45714285714285713,0,105,peint,0.5
0.9814814814814815,14700,0.4666666666666667,6,60,classical,0.5
0.9814814814814815,14700,0.4666666666666667,6,60,peint,0.5
1.0,14741,0.7253521126760564,0,142,classical,0.7
0.9964912280701755,14741,0.7253521126760564,0,142,peint,0.7
0.6983050847457627,14790,0.37735849056603776,12,159,classical,0.4
0.45021645021645024,14790,0.37735849056603776,12,159,peint,0.4
0.8399999999999999,14797,0.4864864864864865,12,37,classical,0.5
0.7457627118644068,14797,0.4864864864864865,12,37,peint,0.5
0.845360824742268,1482,0.22178988326848248,16,257,classical,0.2
0.606425702811245,1482,0.22178988326848248,16,257,peint,0.2
1.0,14837,0.5476190476190477,0,84,classical,0.5
0.9940828402366864,14837,0.5476190476190477,0,84,peint,0.5
1.0,14844,0.39316239316239315,0,117,classical,0.4
0.9914529914529915,14844,0.39316239316239315,0,117,peint,0.4
0.7104111986001751,1486,0.22340425531914893,83,658,classical,0.2
0.614821591948765,1486,0.22340425531914893,83,658,peint,0.2
0.0,14922,0.07692307692307693,35,130,classical,0.1
0.09722222222222221,14922,0.07692307692307693,35,130,peint,0.1
1.0,1493,0.323943661971831,1,71,classical,0.3
0.7534246575342466,1493,0.323943661971831,1,71,peint,0.3
0.889589905362776,14936,0.3125,36,512,classical,0.3
0.8070175438596491,14936,0.3125,36,512,peint,0.3
0.9302544769085768,15013,0.49178832116788324,40,1096,classical,0.5
0.9120982986767486,15013,0.49178832116788324,40,1096,peint,0.5
0.5796178343949044,15100,0.20765027322404372,26,183,classical,0.2
0.7242524916943521,15100,0.20765027322404372,26,183,peint,0.2
0.408,15143,0.13013698630136986,19,146,classical,0.1
0.4999999999999999,15143,0.13013698630136986,19,146,peint,0.1
0.9985855728429986,15165,0.4507042253521127,2,355,classical,0.5
0.9871977240398293,15165,0.4507042253521127,2,355,peint,0.5
0.961038961038961,15216,0.358974358974359,1,78,classical,0.4
0.8701298701298701,15216,0.358974358974359,1,78,peint,0.4
0.854014598540146,1526,0.31125827814569534,15,151,classical,0.3
0.8181818181818182,1526,0.31125827814569534,15,151,peint,0.3
0.9864864864864865,15302,0.4132231404958678,20,242,classical,0.4
0.8245614035087719,15302,0.4132231404958678,20,242,peint,0.4
0.8170731707317073,15320,0.3655913978494624,11,93,classical,0.4
0.7701149425287357,15320,0.3655913978494624,11,93,peint,0.4
0.6923076923076923,15327,0.23958333333333334,2,96,classical,0.2
0.6783625730994152,15327,0.23958333333333334,2,96,peint,0.2
0.9616580310880829,15364,0.6428571428571429,22,504,classical,0.6
0.9486652977412731,15364,0.6428571428571429,22,504,peint,0.6
0.6875,15391,0.2887323943661972,67,284,classical,0.3
0.5206812652068127,15391,0.2887323943661972,67,284,peint,0.3
0.619514713474445,15453,0.1480865224625624,252,1202,classical,0.1
0.18739635157545603,15453,0.1480865224625624,252,1202,peint,0.1
0.5972222222222222,15552,0.18404907975460122,16,163,classical,0.2
0.2608695652173913,15552,0.18404907975460122,16,163,peint,0.2
0.8017621145374448,15591,0.38686131386861317,24,137,classical,0.4
0.748936170212766,15591,0.38686131386861317,24,137,peint,0.4
0.8623326959847036,15609,0.3732876712328767,60,584,classical,0.4
0.8201581027667985,15609,0.3732876712328767,60,584,peint,0.4
0.9083333333333333,15621,0.6532258064516129,4,124,classical,0.7
0.9629629629629629,15621,0.6532258064516129,4,124,peint,0.7
0.9090909090909091,15681,0.38537549407114624,8,506,classical,0.4
0.859538784067086,15681,0.38537549407114624,8,506,peint,0.4
0.9150326797385621,15685,0.3006134969325153,10,163,classical,0.3
0.7476635514018691,15685,0.3006134969325153,10,163,peint,0.3
0.9500000000000001,157,0.4065934065934066,1,182,classical,0.4
0.9126760563380282,157,0.4065934065934066,1,182,peint,0.4
0.7397260273972601,15708,0.2159090909090909,14,88,classical,0.2
0.5694444444444445,15708,0.2159090909090909,14,88,peint,0.2
0.4132231404958677,15719,0.10526315789473684,12,76,classical,0.1
0.4067796610169491,15719,0.10526315789473684,12,76,peint,0.1
0.34934497816593885,15733,0.12318840579710146,250,828,classical,0.1
0.27400468384074944,15733,0.12318840579710146,250,828,peint,0.1
0.2456896551724138,1579,0.1684981684981685,34,273,classical,0.2
0.22875816993464052,1579,0.1684981684981685,34,273,peint,0.2
0.7228464419475654,15825,0.20249221183800623,56,321,classical,0.2
0.6114180478821362,15825,0.20249221183800623,56,321,peint,0.2
1.0,15840,0.5714285714285714,1,21,classical,0.6
0.9743589743589743,15840,0.5714285714285714,1,21,peint,0.6
1.0,15845,0.4745762711864407,3,59,classical,0.5
0.9298245614035087,15845,0.4745762711864407,3,59,peint,0.5
1.0,15866,0.7307692307692307,0,78,classical,0.7
1.0,15866,0.7307692307692307,0,78,peint,0.7
0.7480916030534351,15886,0.19718309859154928,6,71,classical,0.2
0.4754098360655738,15886,0.19718309859154928,6,71,peint,0.2
0.8681672025723471,15889,0.2640449438202247,23,178,classical,0.3
0.6416382252559727,15889,0.2640449438202247,23,178,peint,0.3
0.6477272727272727,15936,0.1976190476190476,77,420,classical,0.2
0.5584415584415585,15936,0.1976190476190476,77,420,peint,0.2
0.26119402985074625,15941,0.13253012048192772,52,332,classical,0.1
0.029325513196480937,15941,0.13253012048192772,52,332,peint,0.1
0.7058823529411765,16000,0.14285714285714285,41,126,classical,0.1
0.4605263157894737,16000,0.14285714285714285,41,126,peint,0.1
0.8860759493670887,161,0.36585365853658536,2,82,classical,0.4
0.7549668874172185,161,0.36585365853658536,2,82,peint,0.4
0.5377107364685004,16183,0.20405576679340937,249,789,classical,0.2
0.3573200992555831,16183,0.20405576679340937,249,789,peint,0.2
0.8396226415094339,16189,0.25225225225225223,9,222,classical,0.3
0.8411214953271028,16189,0.25225225225225223,9,222,peint,0.3
1.0,162,0.33613445378151263,0,119,classical,0.3
0.9626556016597511,162,0.33613445378151263,0,119,peint,0.3
0.6055045871559633,16211,0.26229508196721313,4,61,classical,0.3
0.6727272727272728,16211,0.26229508196721313,4,61,peint,0.3
0.888888888888889,16234,0.40229885057471265,5,87,classical,0.4
0.7380952380952381,16234,0.40229885057471265,5,87,peint,0.4
0.8314606741573033,16250,0.23214285714285715,61,280,classical,0.2
0.7586206896551723,16250,0.23214285714285715,61,280,peint,0.2
1.0,16259,0.225,0,40,classical,0.2
1.0,16259,0.225,0,40,peint,0.2
0.5317919075144507,16271,0.14414414414414414,25,111,classical,0.1
0.5526315789473685,16271,0.14414414414414414,25,111,peint,0.1
0.7136563876651983,16275,0.20967741935483872,11,124,classical,0.2
0.5630252100840336,16275,0.20967741935483872,11,124,peint,0.2
0.9514866979655712,16285,0.6988636363636364,38,352,classical,0.7
0.8789808917197452,16285,0.6988636363636364,38,352,peint,0.7
0.9813084112149533,16287,0.6403508771929824,7,114,classical,0.6
0.847926267281106,16287,0.6403508771929824,7,114,peint,0.6
0.9767441860465116,16315,0.3404255319148936,4,47,classical,0.3
0.4615384615384615,16315,0.3404255319148936,4,47,peint,0.3
0.3109404990403071,16334,0.18507462686567164,76,335,classical,0.2
0.28368794326241137,16334,0.18507462686567164,76,335,peint,0.2
0.6930693069306931,16339,0.33236994219653176,48,346,classical,0.3
0.6429840142095914,16339,0.33236994219653176,48,346,peint,0.3
0.8774834437086092,16341,0.43312101910828027,11,314,classical,0.4
0.7999999999999999,16341,0.43312101910828027,11,314,peint,0.4
0.7537091988130563,16368,0.6263157894736842,21,190,classical,0.6
0.6983050847457627,16368,0.6263157894736842,21,190,peint,0.6
0.7730220492866406,16375,0.25,27,412,classical,0.2
0.6458333333333334,16375,0.25,27,412,peint,0.2
0.7458563535911601,16395,0.4166666666666667,17,204,classical,0.4
0.6363636363636364,16395,0.4166666666666667,17,204,peint,0.4
0.9389067524115756,16480,0.331306990881459,18,329,classical,0.3
0.8870703764320785,16480,0.331306990881459,18,329,peint,0.3
1.0,16488,0.6949152542372882,1,177,classical,0.7
0.9801699716713881,16488,0.6949152542372882,1,177,peint,0.7
0.42290748898678404,16493,0.1282051282051282,0,117,classical,0.1
0.5855855855855856,16493,0.1282051282051282,0,117,peint,0.1
0.4956521739130435,16530,0.1323529411764706,21,136,classical,0.1
0.6074766355140188,16530,0.1323529411764706,21,136,peint,0.1
0.9139551699204627,16534,0.4325032765399738,68,763,classical,0.4
0.7842543527630582,16534,0.4325032765399738,68,763,peint,0.4
0.7344632768361581,16552,0.37254901960784315,10,102,classical,0.4
0.5508982035928144,16552,0.37254901960784315,10,102,peint,0.4
0.9576642335766422,16556,0.4918032786885246,27,366,classical,0.5
0.8851063829787233,16556,0.4918032786885246,27,366,peint,0.5
0.8579088471849866,16609,0.32038834951456313,21,206,classical,0.3
0.7238605898123324,16609,0.32038834951456313,21,206,peint,0.3
0.8184523809523809,1661,0.32320441988950277,28,362,classical,0.3
0.7667161961367013,1661,0.32320441988950277,28,362,peint,0.3
0.8965517241379312,16628,0.3582089552238806,3,134,classical,0.4
0.9358490566037737,16628,0.3582089552238806,3,134,peint,0.4
0.5641025641025641,16629,0.16666666666666666,21,120,classical,0.2
0.45833333333333337,16629,0.16666666666666666,21,120,peint,0.2
0.9402173913043478,16672,0.45263157894736844,6,190,classical,0.5
0.8579088471849866,16672,0.45263157894736844,6,190,peint,0.5
0.8159203980099502,16679,0.19848771266540643,17,529,classical,0.2
0.5928270042194093,16679,0.19848771266540643,17,529,peint,0.2
0.9863636363636363,1668,0.6468085106382979,15,235,classical,0.6
0.9119638826185101,1668,0.6468085106382979,15,235,peint,0.6
0.8651685393258428,16714,0.1368421052631579,6,95,classical,0.1
0.30864197530864196,16714,0.1368421052631579,6,95,peint,0.1
1.0,16739,0.3548387096774194,2,93,classical,0.4
0.967391304347826,16739,0.3548387096774194,2,93,peint,0.4
0.5989304812834224,16744,0.1694915254237288,26,118,classical,0.2
0.6054054054054054,16744,0.1694915254237288,26,118,peint,0.2
0.9655172413793104,16758,0.488,9,125,classical,0.5
0.8270042194092827,16758,0.488,9,125,peint,0.5
0.989010989010989,16843,0.5108695652173914,1,92,classical,0.5
0.989010989010989,16843,0.5108695652173914,1,92,peint,0.5
0.7782805429864253,16896,0.25753424657534246,29,365,classical,0.3
0.6834319526627219,16896,0.25753424657534246,29,365,peint,0.3
0.8444444444444444,16902,0.25,19,64,classical,0.2
0.723404255319149,16902,0.25,19,64,peint,0.2
0.0,16936,0.11330049261083744,66,203,classical,0.1
0.03571428571428571,16936,0.11330049261083744,66,203,peint,0.1
0.8663594470046083,17009,0.17117117117117117,1,111,classical,0.2
0.7326732673267325,17009,0.17117117117117117,1,111,peint,0.2
0.8504983388704319,17025,0.36875,10,160,classical,0.4
0.8494983277591973,17025,0.36875,10,160,peint,0.4
1.0,17030,0.4666666666666667,0,30,classical,0.5
0.9666666666666667,17030,0.4666666666666667,0,30,peint,0.5
0.8962472406181016,1708,0.3879003558718861,53,281,classical,0.4
0.6497890295358649,1708,0.3879003558718861,53,281,peint,0.4
0.7887323943661971,17086,0.21929824561403508,4,114,classical,0.2
0.8672566371681416,17086,0.21929824561403508,4,114,peint,0.2
0.35999999999999993,17174,0.1511627906976744,8,86,classical,0.2
0.47482014388489213,17174,0.1511627906976744,8,86,peint,0.2
0.8936170212765958,17188,0.41729323308270677,55,266,classical,0.4
0.9121140142517814,17188,0.41729323308270677,55,266,peint,0.4
0.8964803312629399,17193,0.3659491193737769,28,511,classical,0.4
0.7959390862944162,17193,0.3659491193737769,28,511,peint,0.4
0.9803921568627451,17198,0.3220338983050847,8,59,classical,0.3
0.8712871287128714,17198,0.3220338983050847,8,59,peint,0.3
0.9642857142857144,17215,0.23076923076923078,6,117,classical,0.2
0.9196428571428571,17215,0.23076923076923078,6,117,peint,0.2
1.0,17218,0.45,1,40,classical,0.4
0.4918032786885246,17218,0.45,1,40,peint,0.4
0.7183098591549296,17351,0.3475609756097561,22,164,classical,0.3
0.6268656716417911,17351,0.3475609756097561,22,164,peint,0.3
1.0,17410,0.5100671140939598,0,149,classical,0.5
1.0,17410,0.5100671140939598,0,149,peint,0.5
0.5229591836734693,17431,0.14221218961625282,37,443,classical,0.1
0.15841584158415842,17431,0.14221218961625282,37,443,peint,0.1
0.3876923076923077,17471,0.1417624521072797,100,261,classical,0.1
0.2827586206896551,17471,0.1417624521072797,100,261,peint,0.1
0.8399999999999999,17514,0.28846153846153844,2,52,classical,0.3
0.6728971962616822,17514,0.28846153846153844,2,52,peint,0.3
1.0,17585,0.3384615384615385,0,130,classical,0.3
0.9389312977099236,17585,0.3384615384615385,0,130,peint,0.3
0.9937888198757764,17592,0.41839762611275966,15,337,classical,0.4
0.902627511591963,17592,0.41839762611275966,15,337,peint,0.4
0.6493506493506495,17604,0.42857142857142855,4,42,classical,0.4
0.5384615384615385,17604,0.42857142857142855,4,42,peint,0.4
1.0,17609,0.24561403508771928,6,57,classical,0.2
0.92,17609,0.24561403508771928,6,57,peint,0.2
0.24528301886792453,17694,0.19834710743801653,15,121,classical,0.2
0.8071748878923767,17694,0.19834710743801653,15,121,peint,0.2
0.8391608391608392,1778,0.2988505747126437,17,87,classical,0.3
0.6875000000000001,1778,0.2988505747126437,17,87,peint,0.3
0.7980769230769231,17792,0.28688524590163933,18,122,classical,0.3
0.6440677966101696,17792,0.28688524590163933,18,122,peint,0.3
0.0,17815,0.11851851851851852,27,135,classical,0.1
0.16352201257861634,17815,0.11851851851851852,27,135,peint,0.1
1.0,17863,0.36065573770491804,1,61,classical,0.4
1.0,17863,0.36065573770491804,1,61,peint,0.4
0.9375,17888,0.3333333333333333,1,33,classical,0.3
0.7352941176470588,17888,0.3333333333333333,1,33,peint,0.3
0.8928571428571429,17906,0.33146067415730335,10,178,classical,0.3
0.8470588235294119,17906,0.33146067415730335,10,178,peint,0.3
0.9595588235294118,17927,0.4875444839857651,9,281,classical,0.5
0.9560439560439561,17927,0.4875444839857651,9,281,peint,0.5
0.2555282555282555,17973,0.09824561403508772,84,285,classical,0.1
0.009174311926605503,17973,0.09824561403508772,84,285,peint,0.1
0.9221556886227544,17981,0.5291828793774319,8,257,classical,0.5
0.8663967611336032,17981,0.5291828793774319,8,257,peint,0.5
0.9629629629629629,18023,0.43636363636363634,2,110,classical,0.4
0.9289099526066351,18023,0.43636363636363634,2,110,peint,0.4
0.673773987206823,1803,0.16621253405994552,157,367,classical,0.2
0.5749486652977412,1803,0.16621253405994552,157,367,peint,0.2
0.861111111111111,18031,0.3951612903225806,17,124,classical,0.4
0.7657657657657658,18031,0.3951612903225806,17,124,peint,0.4
0.6419753086419753,18054,0.24161073825503357,27,149,classical,0.2
0.5799256505576208,18054,0.24161073825503357,27,149,peint,0.2
0.7692307692307693,18111,0.3010752688172043,15,93,classical,0.3
0.5874999999999999,18111,0.3010752688172043,15,93,peint,0.3
1.0,18144,0.16822429906542055,3,107,classical,0.2
0.7777777777777779,18144,0.16822429906542055,3,107,peint,0.2
0.7209612817089452,18206,0.24425887265135698,115,479,classical,0.2
0.6263237518910741,18206,0.24425887265135698,115,479,peint,0.2
0.8571428571428571,18260,0.5,9,44,classical,0.5
0.6585365853658536,18260,0.5,9,44,peint,0.5
0.6853582554517134,18283,0.21578947368421053,31,190,classical,0.2
0.20087336244541484,18283,0.21578947368421053,31,190,peint,0.2
0.8926553672316383,18308,0.4157303370786517,0,89,classical,0.4
0.945054945054945,18308,0.4157303370786517,0,89,peint,0.4
0.9363057324840764,18319,0.39263803680981596,5,163,classical,0.4
0.9153605015673981,18319,0.39263803680981596,5,163,peint,0.4
0.9832214765100671,18343,0.5666666666666667,2,300,classical,0.6
0.9644670050761421,18343,0.5666666666666667,2,300,peint,0.6
0.9733333333333334,18429,0.46405228758169936,3,153,classical,0.5
0.8469055374592834,18429,0.46405228758169936,3,153,peint,0.5
0.8524590163934426,18522,0.5645161290322581,0,62,classical,0.6
0.7580645161290323,18522,0.5645161290322581,0,62,peint,0.6
0.9344870210135969,18557,0.3840749414519906,21,427,classical,0.4
0.7750611246943765,18557,0.3840749414519906,21,427,peint,0.4
0.9814126394052044,18573,0.3900709219858156,6,141,classical,0.4
0.9010989010989011,18573,0.3900709219858156,6,141,peint,0.4
0.8989247311827957,18594,0.2231404958677686,9,242,classical,0.2
0.528,18594,0.2231404958677686,9,242,peint,0.2
0.9852941176470589,18603,0.27906976744186046,18,86,classical,0.3
0.8489208633093526,18603,0.27906976744186046,18,86,peint,0.3
0.8382352941176471,18610,0.2808988764044944,21,89,classical,0.3
0.5503355704697986,18610,0.2808988764044944,21,89,peint,0.3
0.9852941176470589,1868,0.38666666666666666,7,75,classical,0.4
0.8175182481751825,1868,0.38666666666666666,7,75,peint,0.4
1.0,18692,0.5641025641025641,0,39,classical,0.6
0.9743589743589743,18692,0.5641025641025641,0,39,peint,0.6
0.5962732919254657,18728,0.41237113402061853,15,97,classical,0.4
0.6436781609195402,18728,0.41237113402061853,15,97,peint,0.4
1.0,18762,0.6565217391304348,0,230,classical,0.7
1.0,18762,0.6565217391304348,0,230,peint,0.7
0.46808510638297873,18794,0.125,13,64,classical,0.1
0.24742268041237112,18794,0.125,13,64,peint,0.1
1.0,18801,0.4838709677419355,2,31,classical,0.5
0.9666666666666666,18801,0.4838709677419355,2,31,peint,0.5
0.32280701754385965,18805,0.1201923076923077,68,208,classical,0.1
0.23236514522821577,18805,0.1201923076923077,68,208,peint,0.1
0.9482758620689655,18864,0.4,2,60,classical,0.4
0.8739495798319327,18864,0.4,2,60,peint,0.4
1.0,18879,0.5,1,52,classical,0.5
0.96,18879,0.5,1,52,peint,0.5
1.0,18882,0.6301369863013698,0,73,classical,0.6
1.0,18882,0.6301369863013698,0,73,peint,0.6
1.0,1890,0.6857142857142857,0,70,classical,0.7
1.0,1890,0.6857142857142857,0,70,peint,0.7
0.0,18966,0.10833333333333334,23,120,classical,0.1
0.3602484472049689,18966,0.10833333333333334,23,120,peint,0.1
0.8936170212765957,19018,0.36486486486486486,2,74,classical,0.4
0.9115646258503401,19018,0.36486486486486486,2,74,peint,0.4
1.0,19041,0.47701149425287354,3,174,classical,0.5
0.9546827794561935,19041,0.47701149425287354,3,174,peint,0.5
0.7615658362989324,19064,0.1875,19,160,classical,0.2
0.5827338129496403,19064,0.1875,19,160,peint,0.2
0.6871310507674143,19123,0.3029045643153527,63,482,classical,0.3
0.7077326343381389,19123,0.3029045643153527,63,482,peint,0.3
1.0,19145,0.5819672131147541,0,122,classical,0.6
0.9090909090909091,19145,0.5819672131147541,0,122,peint,0.6
0.8867924528301887,19146,0.28125,11,64,classical,0.3
0.6016260162601625,19146,0.28125,11,64,peint,0.3
0.9323308270676692,19149,0.39848675914249687,64,793,classical,0.4
0.7720364741641337,19149,0.39848675914249687,64,793,peint,0.4
1.0,19153,0.65,0,40,classical,0.6
1.0,19153,0.65,0,40,peint,0.6
0.5900216919739697,19174,0.1872791519434629,56,283,classical,0.2
0.437956204379562,19174,0.1872791519434629,56,283,peint,0.2
0.537037037037037,1918,0.16101694915254236,6,118,classical,0.2
0.5454545454545455,1918,0.16101694915254236,6,118,peint,0.2
0.6948356807511737,19217,0.2711864406779661,10,118,classical,0.3
0.6666666666666666,19217,0.2711864406779661,10,118,peint,0.3
0.8326530612244898,1925,0.3546099290780142,19,141,classical,0.4
0.6848249027237355,1925,0.3546099290780142,19,141,peint,0.4
0.8338192419825073,19300,0.49206349206349204,18,189,classical,0.5
0.8048048048048049,19300,0.49206349206349204,18,189,peint,0.5
0.8601036269430052,19334,0.26851851851851855,11,108,classical,0.3
0.8080808080808082,19334,0.26851851851851855,11,108,peint,0.3
0.6731391585760518,19350,0.1504424778761062,83,226,classical,0.2
0.4981949458483755,19350,0.1504424778761062,83,226,peint,0.2
1.0,1942,0.7730496453900709,0,141,classical,0.8
0.9822064056939502,1942,0.7730496453900709,0,141,peint,0.8
0.3374340949033392,19479,0.09069212410501193,132,419,classical,0.1
0.17754569190600525,19479,0.09069212410501193,132,419,peint,0.1
0.49473684210526314,19482,0.20353982300884957,18,113,classical,0.2
0.5654450261780105,19482,0.20353982300884957,18,113,peint,0.2
0.7894736842105263,19493,0.15,2,40,classical,0.2
0.825,19493,0.15,2,40,peint,0.2
1.0,19495,0.29545454545454547,0,44,classical,0.3
1.0,19495,0.29545454545454547,0,44,peint,0.3
0.9478908188585607,19535,0.39712918660287083,7,209,classical,0.4
0.8446866485013624,19535,0.39712918660287083,7,209,peint,0.4
0.7486631016042781,1954,0.26,6,100,classical,0.3
0.7461139896373057,1954,0.26,6,100,peint,0.3
0.4457831325301205,19547,0.24786324786324787,31,117,classical,0.2
0.4432432432432433,19547,0.24786324786324787,31,117,peint,0.2
0.9893048128342246,19618,0.39378238341968913,6,193,classical,0.4
0.9487870619946093,19618,0.39378238341968913,6,193,peint,0.4
0.804270462633452,1962,0.17679558011049723,44,181,classical,0.2
0.5605095541401275,1962,0.17679558011049723,44,181,peint,0.2
0.608187134502924,19629,0.14285714285714285,9,98,classical,0.1
0.4216867469879518,19629,0.14285714285714285,9,98,peint,0.1
0.832258064516129,1964,0.6058823529411764,17,170,classical,0.6
0.8278145695364238,1964,0.6058823529411764,17,170,peint,0.6
1.0,19663,0.30985915492957744,0,71,classical,0.3
0.8873239436619719,19663,0.30985915492957744,0,71,peint,0.3
1.0,19675,0.6140350877192983,0,57,classical,0.6
1.0,19675,0.6140350877192983,0,57,peint,0.6
1.0,19709,0.41025641025641024,0,39,classical,0.4
0.5526315789473685,19709,0.41025641025641024,0,39,peint,0.4
0.9763779527559056,19766,0.6335877862595419,4,131,classical,0.6
0.9140625,19766,0.6335877862595419,4,131,peint,0.6
0.65,19768,0.18461538461538463,4,65,classical,0.2
0.6290322580645161,19768,0.18461538461538463,4,65,peint,0.2
0.2909090909090909,19817,0.10077519379844961,65,258,classical,0.1
0.24664879356568364,19817,0.10077519379844961,65,258,peint,0.1
0.8983050847457628,19820,0.44881889763779526,8,127,classical,0.4
0.8444444444444444,19820,0.44881889763779526,8,127,peint,0.4
0.47659574468085103,1983,0.17218543046357615,28,151,classical,0.2
0.32,1983,0.17218543046357615,28,151,peint,0.2
0.5748031496062992,19845,0.13333333333333333,75,195,classical,0.1
0.4736842105263159,19845,0.13333333333333333,75,195,peint,0.1
0.6208955223880597,19850,0.1971153846153846,38,208,classical,0.2
0.4712990936555892,19850,0.1971153846153846,38,208,peint,0.2
0.8690476190476191,19861,0.1590909090909091,5,88,classical,0.2
0.5405405405405406,19861,0.1590909090909091,5,88,peint,0.2
1.0,19874,0.7962962962962963,0,54,classical,0.8
1.0,19874,0.7962962962962963,0,54,peint,0.8
0.9741100323624595,19901,0.41904761904761906,6,315,classical,0.4
0.8666666666666667,19901,0.41904761904761906,6,315,peint,0.4
0.5234375,20013,0.17647058823529413,26,153,classical,0.2
0.4521739130434783,20013,0.17647058823529413,26,153,peint,0.2
0.7906976744186046,20047,0.5970149253731343,3,67,classical,0.6
0.7555555555555555,20047,0.5970149253731343,3,67,peint,0.6
0.78125,20050,0.6224489795918368,2,98,classical,0.6
0.751269035532995,20050,0.6224489795918368,2,98,peint,0.6
0.8636363636363636,20076,0.25547445255474455,27,137,classical,0.3
0.6861924686192469,20076,0.25547445255474455,27,137,peint,0.3
1.0,20087,0.2777777777777778,0,18,classical,0.3
0.65,20087,0.2777777777777778,0,18,peint,0.3
0.704119850187266,20098,0.2389937106918239,28,159,classical,0.2
0.5201465201465201,20098,0.2389937106918239,28,159,peint,0.2
0.7014925373134329,20104,0.2318840579710145,1,69,classical,0.2
0.7692307692307693,20104,0.2318840579710145,1,69,peint,0.2
1.0,20126,0.42105263157894735,0,57,classical,0.4
1.0,20126,0.42105263157894735,0,57,peint,0.4
0.5929648241206029,20143,0.22413793103448276,16,116,classical,0.2
0.48598130841121495,20143,0.22413793103448276,16,116,peint,0.2
0.7238605898123325,20161,0.17370892018779344,24,213,classical,0.2
0.3768844221105528,20161,0.17370892018779344,24,213,peint,0.2
0.5396825396825398,20177,0.18421052631578946,9,76,classical,0.2
0.45925925925925926,20177,0.18421052631578946,9,76,peint,0.2
1.0,20252,0.3076923076923077,0,65,classical,0.3
0.9037037037037037,20252,0.3076923076923077,0,65,peint,0.3
0.7904191616766467,20257,0.18478260869565216,9,92,classical,0.2
0.6225165562913907,20257,0.18478260869565216,9,92,peint,0.2
0.9418282548476455,20263,0.6019900497512438,21,201,classical,0.6
0.8760330578512396,20263,0.6019900497512438,21,201,peint,0.6
1.0,20267,0.23529411764705882,0,34,classical,0.2
0.7428571428571428,20267,0.23529411764705882,0,34,peint,0.2
1.0,20275,0.58,0,50,classical,0.6
1.0,20275,0.58,0,50,peint,0.6
1.0,20323,0.23469387755102042,36,98,classical,0.2
0.6956521739130435,20323,0.23469387755102042,36,98,peint,0.2
0.6926229508196722,20416,0.28222996515679444,48,287,classical,0.3
0.7123893805309736,20416,0.28222996515679444,48,287,peint,0.3
0.9553571428571429,20427,0.4473684210526316,2,114,classical,0.4
0.8465116279069768,20427,0.4473684210526316,2,114,peint,0.4
0.3921568627450981,20429,0.11006289308176101,125,318,classical,0.1
0.3368421052631579,20429,0.11006289308176101,125,318,peint,0.1
0.6835443037974683,2044,0.15517241379310345,43,116,classical,0.2
0.5733333333333333,2044,0.15517241379310345,43,116,peint,0.2
0.9087048832271761,20453,0.3770491803278688,8,244,classical,0.4
0.8771186440677965,20453,0.3770491803278688,8,244,peint,0.4
0.3866666666666667,20457,0.11361079865016872,309,889,classical,0.1
0.2992125984251969,20457,0.11361079865016872,309,889,peint,0.1
1.0,20460,0.29069767441860467,0,86,classical,0.3
0.6265060240963854,20460,0.29069767441860467,0,86,peint,0.3
0.9819494584837545,20536,0.5463917525773195,16,291,classical,0.5
0.909090909090909,20536,0.5463917525773195,16,291,peint,0.5
0.9482071713147411,20598,0.41353383458646614,8,133,classical,0.4
0.8399999999999999,20598,0.41353383458646614,8,133,peint,0.4
0.9206349206349206,20599,0.7365145228215768,47,482,classical,0.7
0.8858447488584476,20599,0.7365145228215768,47,482,peint,0.7
1.0,20635,0.6792452830188679,0,53,classical,0.7
0.9906542056074767,20635,0.6792452830188679,0,53,peint,0.7
1.0,2066,0.34285714285714286,4,70,classical,0.3
0.6615384615384616,2066,0.34285714285714286,4,70,peint,0.3
0.7728613569321534,20767,0.33695652173913043,15,184,classical,0.3
0.7522935779816514,20767,0.33695652173913043,15,184,peint,0.3
0.9315068493150684,20791,0.5877192982456141,4,114,classical,0.6
0.8365384615384617,20791,0.5877192982456141,4,114,peint,0.6
0.964346349745331,20813,0.34551495016611294,5,301,classical,0.3
0.9393939393939394,20813,0.34551495016611294,5,301,peint,0.3
0.763855421686747,20815,0.32964601769911506,37,452,classical,0.3
0.8352490421455939,20815,0.32964601769911506,37,452,peint,0.3
0.9416666666666667,2086,0.32575757575757575,12,132,classical,0.3
0.8524590163934426,2086,0.32575757575757575,12,132,peint,0.3
0.9287020109689215,20913,0.3286219081272085,7,283,classical,0.3
0.9250457038391225,20913,0.3286219081272085,7,283,peint,0.3
0.7208121827411167,20957,0.34579439252336447,7,107,classical,0.3
0.8415841584158417,20957,0.34579439252336447,7,107,peint,0.3
1.0,20961,0.618421052631579,0,76,classical,0.6
1.0,20961,0.618421052631579,0,76,peint,0.6
0.9282511210762332,20967,0.35344827586206895,9,232,classical,0.4
0.8318584070796461,20967,0.35344827586206895,9,232,peint,0.4
0.6515837104072398,2097,0.18382352941176472,18,136,classical,0.2
0.48717948717948717,2097,0.18382352941176472,18,136,peint,0.2
0.7428571428571428,20986,0.3953488372093023,17,86,classical,0.4
0.6842105263157895,20986,0.3953488372093023,17,86,peint,0.4
0.5602836879432624,210,0.17034700315457413,28,317,classical,0.2
0.5468750000000001,210,0.17034700315457413,28,317,peint,0.2
1.0,21031,0.7538461538461538,0,130,classical,0.8
0.9803921568627451,21031,0.7538461538461538,0,130,peint,0.8
0.9667896678966789,21038,0.3945578231292517,12,147,classical,0.4
0.8613138686131386,21038,0.3945578231292517,12,147,peint,0.4
0.8609271523178809,21048,0.2711864406779661,28,177,classical,0.3
0.760655737704918,21048,0.2711864406779661,28,177,peint,0.3
1.0,21058,0.24731182795698925,0,93,classical,0.2
0.6000000000000001,21058,0.24731182795698925,0,93,peint,0.2
0.92,21096,0.23529411764705882,1,51,classical,0.2
0.819047619047619,21096,0.23529411764705882,1,51,peint,0.2
0.8904847396768402,21107,0.2916666666666667,31,312,classical,0.3
0.667931688804554,21107,0.2916666666666667,31,312,peint,0.3
0.8743718592964824,21122,0.4847328244274809,63,262,classical,0.5
0.8818897637795277,21122,0.4847328244274809,63,262,peint,0.5
0.8778625954198472,21127,0.2857142857142857,0,133,classical,0.3
0.8787878787878788,21127,0.2857142857142857,0,133,peint,0.3
0.9781659388646288,21167,0.5550891920251836,266,953,classical,0.6
0.7466863033873343,21167,0.5550891920251836,266,953,peint,0.6
0.6988847583643123,2117,0.2616279069767442,38,172,classical,0.3
0.4200913242009132,2117,0.2616279069767442,38,172,peint,0.3
0.611111111111111,21195,0.2631578947368421,1,38,classical,0.3
0.6582278481012659,21195,0.2631578947368421,1,38,peint,0.3
0.8598484848484849,21220,0.36423841059602646,38,302,classical,0.4
0.7923809523809524,21220,0.36423841059602646,38,302,peint,0.4
1.0,21243,0.4246575342465753,0,73,classical,0.4
0.9931972789115647,21243,0.4246575342465753,0,73,peint,0.4
0.6357615894039734,21249,0.20754716981132076,24,106,classical,0.2
0.5802469135802469,21249,0.20754716981132076,24,106,peint,0.2
0.8478260869565218,21259,0.18471337579617833,70,157,classical,0.2
0.6519337016574586,21259,0.18471337579617833,70,157,peint,0.2
0.19417475728155337,21278,0.1506849315068493,47,146,classical,0.2
0.3384615384615385,21278,0.1506849315068493,47,146,peint,0.2
0.6122448979591837,21279,0.16666666666666666,17,114,classical,0.2
0.35802469135802467,21279,0.16666666666666666,17,114,peint,0.2
1.0,21290,0.6440677966101694,0,59,classical,0.6
1.0,21290,0.6440677966101694,0,59,peint,0.6
1.0,21308,0.7096774193548387,0,31,classical,0.7
1.0,21308,0.7096774193548387,0,31,peint,0.7
0.8467153284671534,21346,0.2631578947368421,7,76,classical,0.3
0.5571428571428572,21346,0.2631578947368421,7,76,peint,0.3
1.0,21409,0.782608695652174,0,23,classical,0.8
0.9361702127659574,21409,0.782608695652174,0,23,peint,0.8
1.0,21460,0.35365853658536583,0,82,classical,0.4
0.9202453987730062,21460,0.35365853658536583,0,82,peint,0.4
0.9055555555555556,21466,0.36097560975609755,33,205,classical,0.4
0.8920454545454546,21466,0.36097560975609755,33,205,peint,0.4
0.9721362229102167,21498,0.5449101796407185,6,167,classical,0.5
0.9069069069069069,21498,0.5449101796407185,6,167,peint,0.5
0.512396694214876,21499,0.16666666666666666,3,66,classical,0.2
0.3669724770642202,21499,0.16666666666666666,3,66,peint,0.2
0.860655737704918,21527,0.5572519083969466,9,131,classical,0.6
0.8398268398268398,21527,0.5572519083969466,9,131,peint,0.6
0.8467153284671534,21561,0.3911917098445596,45,386,classical,0.4
0.7855072463768116,21561,0.3911917098445596,45,386,peint,0.4
1.0,216,0.5818181818181818,0,55,classical,0.6
1.0,216,0.5818181818181818,0,55,peint,0.6
0.9278350515463918,21618,0.3211009174311927,13,109,classical,0.3
0.7058823529411765,21618,0.3211009174311927,13,109,peint,0.3
1.0,21624,0.47761194029850745,0,67,classical,0.5
1.0,21624,0.47761194029850745,0,67,peint,0.5
0.8898426323319027,21628,0.5702479338842975,10,363,classical,0.6
0.8079096045197739,21628,0.5702479338842975,10,363,peint,0.6
0.5984251968503937,21632,0.24050632911392406,11,79,classical,0.2
0.43548387096774194,21632,0.24050632911392406,11,79,peint,0.2
1.0,21667,0.45454545454545453,1,110,classical,0.5
0.9321266968325792,21667,0.45454545454545453,1,110,peint,0.5
1.0,21676,0.9772727272727273,0,44,classical,1.0
1.0,21676,0.9772727272727273,0,44,peint,1.0
0.6864406779661016,21686,0.2857142857142857,12,133,classical,0.3
0.7611336032388664,21686,0.2857142857142857,12,133,peint,0.3
0.897196261682243,21720,0.16521739130434782,8,115,classical,0.2
0.6384976525821596,21720,0.16521739130434782,8,115,peint,0.2
0.5633802816901408,21725,0.18253968253968253,17,126,classical,0.2
0.6126126126126127,21725,0.18253968253968253,17,126,peint,0.2
0.7455357142857142,21745,0.24045801526717558,84,524,classical,0.2
0.6766169154228855,21745,0.24045801526717558,84,524,peint,0.2
0.9594594594594594,21750,0.38666666666666666,1,75,classical,0.4
0.8251748251748252,21750,0.38666666666666666,1,75,peint,0.4
0.6157205240174672,21751,0.32608695652173914,50,276,classical,0.3
0.5213270142180095,21751,0.32608695652173914,50,276,peint,0.3
0.899135446685879,21756,0.2542372881355932,3,177,classical,0.3
0.9137931034482759,21756,0.2542372881355932,3,177,peint,0.3
1.0,2176,0.96,0,25,classical,1.0
0.9803921568627451,2176,0.96,0,25,peint,1.0
0.8052930056710775,21851,0.2909090909090909,6,275,classical,0.3
0.8364312267657993,21851,0.2909090909090909,6,275,peint,0.3
0.9090909090909091,21868,0.27884615384615385,5,104,classical,0.3
0.7899999999999999,21868,0.27884615384615385,5,104,peint,0.3
0.920754716981132,21885,0.22377622377622378,10,143,classical,0.2
0.6765799256505576,21885,0.22377622377622378,10,143,peint,0.2
0.972972972972973,21886,0.4482758620689655,5,116,classical,0.4
0.8918918918918919,21886,0.4482758620689655,5,116,peint,0.4
1.0,21959,0.2358490566037736,0,106,classical,0.2
0.8857142857142858,21959,0.2358490566037736,0,106,peint,0.2
0.9432314410480349,21974,0.39316239316239315,2,117,classical,0.4
0.9276595744680851,21974,0.39316239316239315,2,117,peint,0.4
1.0,21979,0.6347826086956522,0,115,classical,0.6
1.0,21979,0.6347826086956522,0,115,peint,0.6
0.7415730337078651,22090,0.23444976076555024,30,209,classical,0.2
0.7570621468926555,22090,0.23444976076555024,30,209,peint,0.2
0.9570552147239264,22117,0.5818181818181818,2,165,classical,0.6
0.9085365853658537,22117,0.5818181818181818,2,165,peint,0.6
0.9921875,22133,0.27692307692307694,2,130,classical,0.3
0.9453125,22133,0.27692307692307694,2,130,peint,0.3
0.9387755102040816,22140,0.37,1,100,classical,0.4
0.8743718592964824,22140,0.37,1,100,peint,0.4
0.7918781725888324,22141,0.5148514851485149,2,101,classical,0.5
0.7839195979899497,22141,0.5148514851485149,2,101,peint,0.5
0.8953488372093024,2222,0.2631578947368421,11,95,classical,0.3
0.632768361581921,2222,0.2631578947368421,11,95,peint,0.3
1.0,22227,0.7878787878787878,0,33,classical,0.8
1.0,22227,0.7878787878787878,0,33,peint,0.8
0.9114583333333334,22241,0.38974358974358975,2,195,classical,0.4
0.9017632241813602,22241,0.38974358974358975,2,195,peint,0.4
0.8256880733944955,22267,0.25770308123249297,31,357,classical,0.3
0.8223684210526316,22267,0.25770308123249297,31,357,peint,0.3
1.0,22273,0.7099236641221374,1,131,classical,0.7
0.9731800766283524,22273,0.7099236641221374,1,131,peint,0.7
0.9704433497536946,22298,0.7174887892376681,20,223,classical,0.7
0.9086651053864168,22298,0.7174887892376681,20,223,peint,0.7
0.8324873096446701,2230,0.40186915887850466,9,107,classical,0.4
0.8275862068965518,2230,0.40186915887850466,9,107,peint,0.4
0.9642857142857143,22357,0.4540540540540541,17,185,classical,0.5
0.7896253602305476,22357,0.4540540540540541,17,185,peint,0.5
1.0,22360,0.5365853658536586,1,41,classical,0.5
0.875,22360,0.5365853658536586,1,41,peint,0.5
0.9078947368421053,22410,0.20253164556962025,3,79,classical,0.2
0.8571428571428572,22410,0.20253164556962025,3,79,peint,0.2
0.7482419127988748,2242,0.21809744779582366,74,431,classical,0.2
0.6824224519940916,2242,0.21809744779582366,74,431,peint,0.2
0.6721311475409835,22438,0.38461538461538464,5,65,classical,0.4
0.7027027027027027,22438,0.38461538461538464,5,65,peint,0.4
0.9559412550066756,22459,0.4416243654822335,18,394,classical,0.4
0.7973856209150326,22459,0.4416243654822335,18,394,peint,0.4
0.7790697674418605,22466,0.22340425531914893,8,94,classical,0.2
0.44303797468354433,22466,0.22340425531914893,8,94,peint,0.2
0.6791666666666667,22482,0.22758620689655173,43,290,classical,0.2
0.5010799136069114,22482,0.22758620689655173,43,290,peint,0.2
1.0,22513,0.6739130434782609,1,276,classical,0.7
0.9818181818181818,22513,0.6739130434782609,1,276,peint,0.7
0.36657681940700804,2255,0.15458937198067632,10,207,classical,0.2
0.27607361963190186,2255,0.15458937198067632,10,207,peint,0.2
1.0,22578,0.5210084033613446,0,119,classical,0.5
1.0,22578,0.5210084033613446,0,119,peint,0.5
1.0,226,0.5569620253164557,0,237,classical,0.6
0.9957805907172996,226,0.5569620253164557,0,237,peint,0.6
1.0,22642,0.7333333333333333,0,105,classical,0.7
1.0,22642,0.7333333333333333,0,105,peint,0.7
0.8078602620087336,22646,0.23178807947019867,81,302,classical,0.2
0.6773455377574371,22646,0.23178807947019867,81,302,peint,0.2
0.8049414824447334,22667,0.23545114789108382,345,1873,classical,0.2
0.4445467096180396,22667,0.23545114789108382,345,1873,peint,0.2
0.9553072625698324,22677,0.1813186813186813,3,182,classical,0.2
0.8876712328767123,22677,0.1813186813186813,3,182,peint,0.2
0.7006802721088436,22686,0.2023121387283237,21,173,classical,0.2
0.3042071197411003,22686,0.2023121387283237,21,173,peint,0.2
0.983739837398374,22695,0.544,2,125,classical,0.5
0.923076923076923,22695,0.544,2,125,peint,0.5
0.9300699300699301,22715,0.36075949367088606,16,158,classical,0.4
0.8203389830508475,22715,0.36075949367088606,16,158,peint,0.4
0.7749419953596287,2273,0.33617021276595743,18,235,classical,0.3
0.7681818181818182,2273,0.33617021276595743,18,235,peint,0.3
0.8869565217391304,22753,0.22748815165876776,41,211,classical,0.2
0.7315634218289085,22753,0.22748815165876776,41,211,peint,0.2
0.9125000000000001,22754,0.2962962962962963,1,162,classical,0.3
0.91131498470948,22754,0.2962962962962963,1,162,peint,0.3
0.49148418491484186,22789,0.1688888888888889,18,225,classical,0.2
0.5673758865248227,22789,0.1688888888888889,18,225,peint,0.2
0.9810426540284362,22804,0.5253456221198156,6,217,classical,0.5
0.9624413145539906,22804,0.5253456221198156,6,217,peint,0.5
0.9661016949152542,22845,0.3949579831932773,1,119,classical,0.4
0.9367088607594938,22845,0.3949579831932773,1,119,peint,0.4
0.8454810495626822,22860,0.256857855361596,52,401,classical,0.3
0.7767857142857142,22860,0.256857855361596,52,401,peint,0.3
1.0,22881,0.3563218390804598,3,87,classical,0.4
0.9017341040462428,22881,0.3563218390804598,3,87,peint,0.4
0.9076923076923076,22882,0.2077922077922078,12,77,classical,0.2
0.6559999999999999,22882,0.2077922077922078,12,77,peint,0.2
0.8452579034941763,2293,0.2319277108433735,30,332,classical,0.2
0.7027027027027026,2293,0.2319277108433735,30,332,peint,0.2
1.0,22949,0.5384615384615384,0,78,classical,0.5
0.9367088607594937,22949,0.5384615384615384,0,78,peint,0.5
0.9486404833836858,22952,0.32934131736526945,1,167,classical,0.3
0.9020771513353115,22952,0.32934131736526945,1,167,peint,0.3
0.5322896281800391,22961,0.18092105263157895,45,304,classical,0.2
0.26573426573426573,22961,0.18092105263157895,45,304,peint,0.2
1.0,22971,0.8,0,90,classical,0.8
1.0,22971,0.8,0,90,peint,0.8
1.0,22974,0.717948717948718,0,78,classical,0.7
1.0,22974,0.717948717948718,0,78,peint,0.7
1.0,22981,0.5454545454545454,0,198,classical,0.5
1.0,22981,0.5454545454545454,0,198,peint,0.5
0.43703703703703706,22993,0.1388888888888889,5,144,classical,0.1
0.4940239043824701,22993,0.1388888888888889,5,144,peint,0.1
1.0,23029,0.640625,0,64,classical,0.6
0.9921259842519685,23029,0.640625,0,64,peint,0.6
1.0,23054,0.5945945945945946,1,74,classical,0.6
0.9931972789115647,23054,0.5945945945945946,1,74,peint,0.6
1.0,23087,0.4965034965034965,0,143,classical,0.5
1.0,23087,0.4965034965034965,0,143,peint,0.5
1.0,23140,0.6666666666666666,0,45,classical,0.7
0.9777777777777777,23140,0.6666666666666666,0,45,peint,0.7
1.0,23142,0.4,0,40,classical,0.4
0.891566265060241,23142,0.4,0,40,peint,0.4
0.818565400843882,23147,0.2366412213740458,14,131,classical,0.2
0.5821596244131456,23147,0.2366412213740458,14,131,peint,0.2
0.941747572815534,23200,0.288,22,125,classical,0.3
0.7192118226600985,23200,0.288,22,125,peint,0.3
0.9655172413793104,2329,0.2777777777777778,3,90,classical,0.3
0.9378531073446328,2329,0.2777777777777778,3,90,peint,0.3
0.9170506912442395,23308,0.39453125,40,256,classical,0.4
0.8506787330316742,23308,0.39453125,40,256,peint,0.4
0.9651741293532338,23342,0.3333333333333333,4,105,classical,0.3
0.8421052631578947,23342,0.3333333333333333,4,105,peint,0.3
0.9398663697104678,23387,0.711864406779661,10,236,classical,0.7
0.9192825112107623,23387,0.711864406779661,10,236,peint,0.7
1.0,23420,0.47706422018348627,0,109,classical,0.5
1.0,23420,0.47706422018348627,0,109,peint,0.5
0.6611570247933886,23441,0.1726027397260274,61,365,classical,0.2
0.4377224199288256,23441,0.1726027397260274,61,365,peint,0.2
0.8811881188118812,23525,0.3607305936073059,17,219,classical,0.4
0.8731707317073171,23525,0.3607305936073059,17,219,peint,0.4
0.9777777777777777,23531,0.5098039215686274,6,51,classical,0.5
0.7499999999999999,23531,0.5098039215686274,6,51,peint,0.5
0.8311688311688312,23559,0.23255813953488372,7,86,classical,0.2
0.573248407643312,23559,0.23255813953488372,7,86,peint,0.2
0.5241090146750524,23589,0.40714285714285714,40,280,classical,0.4
0.539906103286385,23589,0.40714285714285714,40,280,peint,0.4
1.0,23686,0.39285714285714285,0,28,classical,0.4
0.793103448275862,23686,0.39285714285714285,0,28,peint,0.4
1.0,23726,0.6071428571428571,0,28,classical,0.6
0.9642857142857143,23726,0.6071428571428571,0,28,peint,0.6
0.9594594594594594,23828,0.24,0,75,classical,0.2
0.9411764705882353,23828,0.24,0,75,peint,0.2
0.8070175438596491,23895,0.5,0,30,classical,0.5
1.0,23895,0.5,0,30,peint,0.5
1.0,23938,0.7714285714285715,0,105,classical,0.8
1.0,23938,0.7714285714285715,0,105,peint,0.8
1.0,23940,0.3333333333333333,0,57,classical,0.3
0.7899159663865545,23940,0.3333333333333333,0,57,peint,0.3
1.0,23987,0.5789473684210527,1,57,classical,0.6
0.9473684210526316,23987,0.5789473684210527,1,57,peint,0.6
0.8122743682310468,24008,0.44694533762057875,40,311,classical,0.4
0.6909090909090909,24008,0.44694533762057875,40,311,peint,0.4
0.790909090909091,2404,0.21897810218978103,58,274,classical,0.2
0.7024128686327079,2404,0.21897810218978103,58,274,peint,0.2
0.7125,24066,0.2676767676767677,37,198,classical,0.3
0.804953560371517,24066,0.2676767676767677,37,198,peint,0.3
0.9500000000000001,24072,0.40860215053763443,6,186,classical,0.4
0.7956989247311829,24072,0.40860215053763443,6,186,peint,0.4
0.6666666666666666,2412,0.20087336244541484,56,229,classical,0.2
0.5850340136054422,2412,0.20087336244541484,56,229,peint,0.2
0.03041825095057034,24134,0.08542713567839195,50,199,classical,0.1
0.055045871559633024,24134,0.08542713567839195,50,199,peint,0.1
0.489795918367347,24137,0.3924050632911392,5,79,classical,0.4
0.3866666666666667,24137,0.3924050632911392,5,79,peint,0.4
0.8829431438127091,24171,0.38311688311688313,2,154,classical,0.4
0.8506493506493507,24171,0.38311688311688313,2,154,peint,0.4
1.0,24181,0.40476190476190477,0,84,classical,0.4
0.95906432748538,24181,0.40476190476190477,0,84,peint,0.4
0.9307692307692308,24183,0.2446043165467626,8,139,classical,0.2
0.8487084870848709,24183,0.2446043165467626,8,139,peint,0.2
0.8888888888888888,24279,0.3,4,40,classical,0.3
0.7272727272727273,24279,0.3,4,40,peint,0.3
0.9682539682539683,24306,0.3484848484848485,4,66,classical,0.3
0.9682539682539683,24306,0.3484848484848485,4,66,peint,0.3
0.9142857142857143,24394,0.30952380952380953,6,42,classical,0.3
0.7837837837837838,24394,0.30952380952380953,6,42,peint,0.3
1.0,24423,0.5087719298245614,0,57,classical,0.5
1.0,24423,0.5087719298245614,0,57,peint,0.5
1.0,24434,0.5094339622641509,1,53,classical,0.5
0.9333333333333333,24434,0.5094339622641509,1,53,peint,0.5
1.0,24463,0.5849056603773585,0,53,classical,0.6
1.0,24463,0.5849056603773585,0,53,peint,0.6
0.9974160206718347,2448,0.7403598971722365,2,389,classical,0.7
0.9819121447028424,2448,0.7403598971722365,2,389,peint,0.7
0.8316831683168316,24627,0.35185185185185186,1,54,classical,0.4
0.7850467289719626,24627,0.35185185185185186,1,54,peint,0.4
0.5263157894736842,24667,0.21839080459770116,18,87,classical,0.2
0.45669291338582674,24667,0.21839080459770116,18,87,peint,0.2
0.5966386554621849,2494,0.18796992481203006,21,266,classical,0.2
0.6121593291404612,2494,0.18796992481203006,21,266,peint,0.2
0.9058823529411765,2534,0.41304347826086957,7,92,classical,0.4
0.9069767441860465,2534,0.41304347826086957,7,92,peint,0.4
0.9354838709677419,2539,0.328125,2,64,classical,0.3
0.9032258064516129,2539,0.328125,2,64,peint,0.3
0.9577464788732395,2559,0.3508771929824561,8,114,classical,0.4
0.8918918918918919,2559,0.3508771929824561,8,114,peint,0.4
0.4814814814814815,2597,0.11052631578947368,52,190,classical,0.1
0.49811320754716976,2597,0.11052631578947368,52,190,peint,0.1
0.7213510253317249,2619,0.22357723577235772,84,492,classical,0.2
0.6379746835443039,2619,0.22357723577235772,84,492,peint,0.2
0.8947368421052632,2642,0.20454545454545456,1,176,classical,0.2
0.952112676056338,2642,0.20454545454545456,1,176,peint,0.2
0.9814814814814815,2671,0.5166858457997698,5,869,classical,0.5
0.9639953542392566,2671,0.5166858457997698,5,869,peint,0.5
0.9253731343283582,2677,0.37142857142857144,3,70,classical,0.4
0.8226950354609929,2677,0.37142857142857144,3,70,peint,0.4
1.0,2720,0.6518987341772152,2,158,classical,0.7
0.9681528662420382,2720,0.6518987341772152,2,158,peint,0.7
0.875,275,0.38461538461538464,5,78,classical,0.4
0.8079470198675496,275,0.38461538461538464,5,78,peint,0.4
0.9766081871345029,2762,0.5028248587570622,6,177,classical,0.5
0.9122807017543859,2762,0.5028248587570622,6,177,peint,0.5
0.6414414414414414,2765,0.1686182669789227,156,427,classical,0.2
0.45353159851301117,2765,0.1686182669789227,156,427,peint,0.2
0.9827586206896551,2832,0.5083333333333333,4,120,classical,0.5
0.9012875536480686,2832,0.5083333333333333,4,120,peint,0.5
0.8141592920353982,2882,0.31016042780748665,17,187,classical,0.3
0.8045977011494253,2882,0.31016042780748665,17,187,peint,0.3
0.6215139442231075,2922,0.17142857142857143,14,140,classical,0.2
0.6139534883720932,2922,0.17142857142857143,14,140,peint,0.2
0.5347985347985348,294,0.18674698795180722,29,166,classical,0.2
0.445993031358885,294,0.18674698795180722,29,166,peint,0.2
0.33757961783439494,2942,0.1732283464566929,101,254,classical,0.2
0.45033112582781454,2942,0.1732283464566929,101,254,peint,0.2
0.9616519174041299,2975,0.37433155080213903,17,187,classical,0.4
0.8259587020648966,2975,0.37433155080213903,17,187,peint,0.4
0.9112903225806451,2977,0.3007518796992481,9,133,classical,0.3
0.7999999999999999,2977,0.3007518796992481,9,133,peint,0.3
0.8679245283018869,3001,0.25862068965517243,5,58,classical,0.3
0.8224299065420562,3001,0.25862068965517243,5,58,peint,0.3
1.0,3005,0.4533333333333333,0,75,classical,0.5
0.935064935064935,3005,0.4533333333333333,0,75,peint,0.5
1.0,3066,0.41025641025641024,0,39,classical,0.4
1.0,3066,0.41025641025641024,0,39,peint,0.4
0.7482014388489209,3081,0.4,4,75,classical,0.4
0.7346938775510203,3081,0.4,4,75,peint,0.4
0.8078602620087336,3122,0.2480916030534351,38,262,classical,0.2
0.7510917030567688,3122,0.2480916030534351,38,262,peint,0.2
0.851528384279476,3135,0.2723404255319149,5,235,classical,0.3
0.8152866242038216,3135,0.2723404255319149,5,235,peint,0.3
0.7703180212014133,3175,0.19753086419753085,24,162,classical,0.2
0.45818181818181813,3175,0.19753086419753085,24,162,peint,0.2
0.9158878504672897,3211,0.4666666666666667,4,165,classical,0.5
0.8148148148148149,3211,0.4666666666666667,4,165,peint,0.5
1.0,3284,0.6,0,50,classical,0.6
0.99009900990099,3284,0.6,0,50,peint,0.6
1.0,3308,0.3618421052631579,9,152,classical,0.4
0.881118881118881,3308,0.3618421052631579,9,152,peint,0.4
0.9072512647554807,3329,0.22508038585209003,15,311,classical,0.2
0.6282722513089005,3329,0.22508038585209003,15,311,peint,0.2
0.9721115537848605,3344,0.6349206349206349,0,126,classical,0.6
1.0,3344,0.6349206349206349,0,126,peint,0.6
0.9801324503311258,3349,0.6797385620915033,2,153,classical,0.7
0.8673139158576052,3349,0.6797385620915033,2,153,peint,0.7
0.5433070866141733,3359,0.375,16,144,classical,0.4
0.5680000000000001,3359,0.375,16,144,peint,0.4
0.8211920529801323,3375,0.5194805194805194,1,77,classical,0.5
0.7801418439716312,3375,0.5194805194805194,1,77,peint,0.5
0.9878048780487805,3389,0.6144578313253012,1,83,classical,0.6
0.9454545454545454,3389,0.6144578313253012,1,83,peint,0.6
0.39999999999999997,3425,0.2608695652173913,6,46,classical,0.3
0.3296703296703296,3425,0.2608695652173913,6,46,peint,0.3
0.7790697674418605,3449,0.17525773195876287,7,97,classical,0.2
0.6081871345029239,3449,0.17525773195876287,7,97,peint,0.2
0.9798657718120806,345,0.3184713375796178,8,157,classical,0.3
0.7395498392282958,345,0.3184713375796178,8,157,peint,0.3
0.5759162303664922,3467,0.1447721179624665,93,373,classical,0.1
0.4851063829787234,3467,0.1447721179624665,93,373,peint,0.1
1.0,3527,0.7538461538461538,1,130,classical,0.8
0.9806949806949806,3527,0.7538461538461538,1,130,peint,0.8
1.0,3598,0.49019607843137253,1,102,classical,0.5
0.8792270531400966,3598,0.49019607843137253,1,102,peint,0.5
1.0,3623,0.3018867924528302,0,53,classical,0.3
0.9724770642201834,3623,0.3018867924528302,0,53,peint,0.3
0.0,3625,0.07339449541284404,41,218,classical,0.1
0.08088235294117647,3625,0.07339449541284404,41,218,peint,0.1
0.9558823529411765,3665,0.45652173913043476,2,138,classical,0.5
0.9275362318840579,3665,0.45652173913043476,2,138,peint,0.5
0.9867172675521821,3677,0.5955056179775281,4,267,classical,0.6
0.9584905660377357,3677,0.5955056179775281,4,267,peint,0.6
0.993006993006993,3683,0.6319444444444444,1,144,classical,0.6
0.926829268292683,3683,0.6319444444444444,1,144,peint,0.6
0.8803827751196172,3709,0.21296296296296297,3,108,classical,0.2
0.6923076923076924,3709,0.21296296296296297,3,108,peint,0.2
0.7518796992481204,3748,0.2645161290322581,26,155,classical,0.3
0.7857142857142858,3748,0.2645161290322581,26,155,peint,0.3
0.9711538461538461,3770,0.5238095238095238,1,105,classical,0.5
0.8878504672897196,3770,0.5238095238095238,1,105,peint,0.5
0.9847328244274809,3781,0.5182481751824818,6,137,classical,0.5
0.8191881918819187,3781,0.5182481751824818,6,137,peint,0.5
0.9142857142857143,3787,0.37272727272727274,5,110,classical,0.4
0.8130841121495327,3787,0.37272727272727274,5,110,peint,0.4
0.8918918918918919,3815,0.34959349593495936,12,123,classical,0.3
0.6982758620689656,3815,0.34959349593495936,12,123,peint,0.3
0.9534883720930233,3831,0.36363636363636365,1,44,classical,0.4
0.8043478260869564,3831,0.36363636363636365,1,44,peint,0.4
0.7812500000000001,3833,0.2978723404255319,12,141,classical,0.3
0.6,3833,0.2978723404255319,12,141,peint,0.3
0.4444444444444444,3847,0.18292682926829268,20,82,classical,0.2
0.4724409448818898,3847,0.18292682926829268,20,82,peint,0.2
1.0,393,0.37755102040816324,0,98,classical,0.4
0.9897959183673469,393,0.37755102040816324,0,98,peint,0.4
0.5575757575757575,3968,0.3850267379679144,25,187,classical,0.4
0.6267605633802817,3968,0.3850267379679144,25,187,peint,0.4
0.8264462809917354,403,0.22388059701492538,11,134,classical,0.2
0.664,403,0.22388059701492538,11,134,peint,0.2
0.39631336405529954,404,0.1893939393939394,24,132,classical,0.2
0.5507246376811594,404,0.1893939393939394,24,132,peint,0.2
0.7592592592592593,406,0.2719298245614035,3,114,classical,0.3
0.8088888888888889,406,0.2719298245614035,3,114,peint,0.3
1.0,4115,0.6808510638297872,2,47,classical,0.7
0.8351648351648352,4115,0.6808510638297872,2,47,peint,0.7
1.0,4123,0.5887681159420289,1,552,classical,0.6
0.9963702359346642,4123,0.5887681159420289,1,552,peint,0.6
0.5758754863813229,414,0.2028985507246377,6,138,classical,0.2
0.6479999999999999,414,0.2028985507246377,6,138,peint,0.2
0.8730964467005075,4149,0.38461538461538464,18,117,classical,0.4
0.704225352112676,4149,0.38461538461538464,18,117,peint,0.4
0.874251497005988,4156,0.24705882352941178,0,85,classical,0.2
0.9024390243902438,4156,0.24705882352941178,0,85,peint,0.2
0.9522240527182866,4221,0.6091205211726385,2,307,classical,0.6
0.9607843137254901,4221,0.6091205211726385,2,307,peint,0.6
0.0,4234,0.1792452830188679,17,106,classical,0.2
0.23863636363636362,4234,0.1792452830188679,17,106,peint,0.2
0.6334841628959276,4260,0.18181818181818182,52,385,classical,0.2
0.5049833887043189,4260,0.18181818181818182,52,385,peint,0.2
0.9238845144356956,4262,0.4873096446700508,6,197,classical,0.5
0.7989130434782609,4262,0.4873096446700508,6,197,peint,0.5
0.0,4275,0.12195121951219512,8,82,classical,0.1
0.1523809523809524,4275,0.12195121951219512,8,82,peint,0.1
0.7964338781575038,4290,0.24507042253521127,18,355,classical,0.2
0.7366771159874608,4290,0.24507042253521127,18,355,peint,0.2
0.8599999999999999,4293,0.27522935779816515,9,109,classical,0.3
0.7650273224043715,4293,0.27522935779816515,9,109,peint,0.3
0.46266471449487556,4303,0.14882032667876588,224,551,classical,0.1
0.36660617059891104,4303,0.14882032667876588,224,551,peint,0.1
0.22684310018903592,4315,0.15141955835962145,48,317,classical,0.2
0.3675213675213675,4315,0.15141955835962145,48,317,peint,0.2
0.7583333333333333,4336,0.22388059701492538,12,134,classical,0.2
0.6396761133603239,4336,0.22388059701492538,12,134,peint,0.2
0.92,4341,0.3521739130434783,6,230,classical,0.4
0.894273127753304,4341,0.3521739130434783,6,230,peint,0.4
0.804780876494024,4367,0.23529411764705882,10,136,classical,0.2
0.6888888888888889,4367,0.23529411764705882,10,136,peint,0.2
0.8373983739837398,4416,0.3237410071942446,16,139,classical,0.3
0.6666666666666666,4416,0.3237410071942446,16,139,peint,0.3
1.0,4441,0.5666666666666667,0,90,classical,0.6
0.9834254143646408,4441,0.5666666666666667,0,90,peint,0.6
1.0,4456,0.6,0,30,classical,0.6
0.9508196721311476,4456,0.6,0,30,peint,0.6
0.7710144927536231,4463,0.23737373737373738,25,198,classical,0.2
0.5628742514970059,4463,0.23737373737373738,25,198,peint,0.2
0.9828767123287672,4466,0.5187713310580204,0,293,classical,0.5
0.9829931972789115,4466,0.5187713310580204,0,293,peint,0.5
0.984984984984985,4467,0.30601092896174864,17,183,classical,0.3
0.8047337278106508,4467,0.30601092896174864,17,183,peint,0.3
0.956896551724138,4475,0.3728813559322034,0,118,classical,0.4
0.9707112970711298,4475,0.3728813559322034,0,118,peint,0.4
0.9375,4485,0.7044673539518901,21,291,classical,0.7
0.9451795841209829,4485,0.7044673539518901,21,291,peint,0.7
1.0,452,0.6893203883495146,0,103,classical,0.7
0.9951690821256038,452,0.6893203883495146,0,103,peint,0.7
0.4649122807017544,4532,0.15753424657534246,33,146,classical,0.2
0.3768115942028985,4532,0.15753424657534246,33,146,peint,0.2
0.6507936507936508,4582,0.1743119266055046,25,218,classical,0.2
0.6408268733850129,4582,0.1743119266055046,25,218,peint,0.2
0.8262548262548262,4585,0.16025641025641027,25,156,classical,0.2
0.7372549019607844,4585,0.16025641025641027,25,156,peint,0.2
1.0,4636,0.5898876404494382,3,178,classical,0.6
0.9604519774011299,4636,0.5898876404494382,3,178,peint,0.6
0.5943396226415093,466,0.4396551724137931,13,116,classical,0.4
0.5904761904761904,466,0.4396551724137931,13,116,peint,0.4
0.9758308157099698,4682,0.5971428571428572,19,350,classical,0.6
0.9101978691019786,4682,0.5971428571428572,19,350,peint,0.6
0.9772727272727273,4717,0.33146067415730335,2,178,classical,0.3
0.9382022471910112,4717,0.33146067415730335,2,178,peint,0.3
0.4631578947368421,472,0.2746478873239437,53,142,classical,0.3
0.3820224719101124,472,0.2746478873239437,53,142,peint,0.3
0.8705357142857142,4730,0.23728813559322035,13,236,classical,0.2
0.7812499999999999,4730,0.23728813559322035,13,236,peint,0.2
0.781456953642384,4833,0.37349397590361444,5,83,classical,0.4
0.9125,4833,0.37349397590361444,5,83,peint,0.4
0.7907801418439715,4865,0.3190789473684211,19,304,classical,0.3
0.7876712328767123,4865,0.3190789473684211,19,304,peint,0.3
0.7272727272727273,4917,0.18789808917197454,50,314,classical,0.2
0.5359019264448337,4917,0.18789808917197454,50,314,peint,0.2
0.6951871657754011,4934,0.31196581196581197,47,234,classical,0.3
0.7781350482315113,4934,0.31196581196581197,47,234,peint,0.3
0.8907563025210085,4941,0.375,5,64,classical,0.4
0.6129032258064516,4941,0.375,5,64,peint,0.4
0.30666666666666664,4954,0.11563169164882227,171,467,classical,0.1
0.37419354838709684,4954,0.11563169164882227,171,467,peint,0.1
0.6666666666666666,4961,0.336734693877551,9,98,classical,0.3
0.7135135135135134,4961,0.336734693877551,9,98,peint,0.3
0.6113989637305699,4962,0.3111111111111111,30,225,classical,0.3
0.47439353099730464,4962,0.3111111111111111,30,225,peint,0.3
0.9261363636363636,4967,0.510752688172043,11,186,classical,0.5
0.8795518207282913,4967,0.510752688172043,11,186,peint,0.5
0.8148148148148148,5023,0.3106796116504854,3,103,classical,0.3
0.9359605911330049,5023,0.3106796116504854,3,103,peint,0.3
0.890909090909091,5125,0.4297520661157025,45,484,classical,0.4
0.8167420814479637,5125,0.4297520661157025,45,484,peint,0.4
1.0,5134,0.5185185185185185,0,81,classical,0.5
1.0,5134,0.5185185185185185,0,81,peint,0.5
0.7123287671232876,5145,0.20095693779904306,27,209,classical,0.2
0.6997245179063362,5145,0.20095693779904306,27,209,peint,0.2
0.8379888268156425,5150,0.19791666666666666,8,96,classical,0.2
0.6494845360824741,5150,0.19791666666666666,8,96,peint,0.2
0.6813186813186813,5160,0.2692307692307692,3,52,classical,0.3
0.4222222222222223,5160,0.2692307692307692,3,52,peint,0.3
0.8695652173913044,5163,0.425531914893617,0,47,classical,0.4
0.9473684210526315,5163,0.425531914893617,0,47,peint,0.4
1.0,5166,0.5714285714285714,0,42,classical,0.6
0.9411764705882352,5166,0.5714285714285714,0,42,peint,0.6
0.851063829787234,5177,0.3741935483870968,11,155,classical,0.4
0.7375415282392026,5177,0.3741935483870968,11,155,peint,0.4
0.967741935483871,519,0.4142857142857143,0,140,classical,0.4
0.9366197183098592,519,0.4142857142857143,0,140,peint,0.4
0.7966386554621848,5198,0.23127035830618892,7,307,classical,0.2
0.802047781569966,5198,0.23127035830618892,7,307,peint,0.2
0.9917355371900827,5231,0.4112903225806452,3,124,classical,0.4
0.8833333333333333,5231,0.4112903225806452,3,124,peint,0.4
0.9877551020408163,5240,0.6445783132530121,8,498,classical,0.6
0.9806714140386572,5240,0.6445783132530121,8,498,peint,0.6
0.8656716417910447,5280,0.2361111111111111,5,72,classical,0.2
0.6569343065693432,5280,0.2361111111111111,5,72,peint,0.2
0.9326923076923077,530,0.3523809523809524,1,105,classical,0.4
0.8490566037735849,530,0.3523809523809524,1,105,peint,0.4
1.0,5350,0.7681159420289855,0,69,classical,0.8
1.0,5350,0.7681159420289855,0,69,peint,0.8
0.9478260869565217,5352,0.4789915966386555,4,119,classical,0.5
0.8085106382978724,5352,0.4789915966386555,4,119,peint,0.5
1.0,5383,0.968944099378882,0,161,classical,1.0
1.0,5383,0.968944099378882,0,161,peint,1.0
0.0,539,0.08333333333333333,0,12,classical,0.1
0.09523809523809525,539,0.08333333333333333,0,12,peint,0.1
0.3759398496240602,5395,0.17045454545454544,18,88,classical,0.2
0.5874125874125874,5395,0.17045454545454544,18,88,peint,0.2
0.8179347826086956,5400,0.31414868105515587,54,417,classical,0.3
0.7913446676970632,5400,0.31414868105515587,54,417,peint,0.3
0.8244274809160306,543,0.40217391304347827,27,92,classical,0.4
0.35820895522388063,543,0.40217391304347827,27,92,peint,0.4
0.9552238805970149,5453,0.5294117647058824,1,68,classical,0.5
0.9333333333333335,5453,0.5294117647058824,1,68,peint,0.5
1.0,5485,0.5125,0,80,classical,0.5
1.0,5485,0.5125,0,80,peint,0.5
0.9317073170731707,5512,0.40096618357487923,1,207,classical,0.4
0.9567307692307693,5512,0.40096618357487923,1,207,peint,0.4
0.8988764044943819,5520,0.2222222222222222,9,54,classical,0.2
0.3478260869565218,5520,0.2222222222222222,9,54,peint,0.2
0.9221556886227545,5542,0.39325842696629215,4,89,classical,0.4
0.7283950617283951,5542,0.39325842696629215,4,89,peint,0.4
1.0,5543,0.7735849056603774,0,53,classical,0.8
1.0,5543,0.7735849056603774,0,53,peint,0.8
0.9739130434782608,5578,0.5,6,120,classical,0.5
0.8968609865470852,5578,0.5,6,120,peint,0.5
0.7878787878787878,5616,0.3655913978494624,10,93,classical,0.4
0.7108433734939759,5616,0.3655913978494624,10,93,peint,0.4
0.7461773700305809,5619,0.2011173184357542,12,179,classical,0.2
0.6523297491039426,5619,0.2011173184357542,12,179,peint,0.2
0.84251968503937,5657,0.3233082706766917,6,133,classical,0.3
0.5905511811023622,5657,0.3233082706766917,6,133,peint,0.3
0.7662337662337663,5658,0.21505376344086022,15,93,classical,0.2
0.7044025157232704,5658,0.21505376344086022,15,93,peint,0.2
0.4292035398230089,5672,0.13768115942028986,47,276,classical,0.1
0.2040816326530612,5672,0.13768115942028986,47,276,peint,0.1
0.9205479452054794,5673,0.291358024691358,40,405,classical,0.3
0.7619047619047618,5673,0.291358024691358,40,405,peint,0.3
0.9105058365758755,5679,0.5,5,134,classical,0.5
0.9189189189189189,5679,0.5,5,134,peint,0.5
0.961038961038961,5681,0.5443037974683544,2,79,classical,0.5
0.7320261437908497,5681,0.5443037974683544,2,79,peint,0.5
0.8296296296296296,5691,0.3006993006993007,7,143,classical,0.3
0.8633093525179857,5691,0.3006993006993007,7,143,peint,0.3
0.9140625,5776,0.3120567375886525,14,141,classical,0.3
0.6901960784313724,5776,0.3120567375886525,14,141,peint,0.3
1.0,5795,0.5445544554455446,3,101,classical,0.5
0.9489795918367347,5795,0.5445544554455446,3,101,peint,0.5
0.6714801444043321,5818,0.2582781456953642,11,151,classical,0.3
0.7428571428571429,5818,0.2582781456953642,11,151,peint,0.3
0.0,5831,0.22115384615384615,2,104,classical,0.2
0.5031446540880503,5831,0.22115384615384615,2,104,peint,0.2
0.6966824644549763,5839,0.22408026755852842,89,299,classical,0.2
0.4429223744292237,5839,0.22408026755852842,89,299,peint,0.2
0.9649122807017544,5845,0.45901639344262296,4,61,classical,0.5
0.8547008547008548,5845,0.45901639344262296,4,61,peint,0.5
0.7185628742514968,5850,0.22139303482587064,67,402,classical,0.2
0.609105180533752,5850,0.22139303482587064,67,402,peint,0.2
1.0,5862,0.5256410256410257,0,156,classical,0.5
1.0,5862,0.5256410256410257,0,156,peint,0.5
0.9928057553956835,5881,0.6785714285714286,1,140,classical,0.7
0.974910394265233,5881,0.6785714285714286,1,140,peint,0.7
0.9948186528497409,5925,0.7061855670103093,1,194,classical,0.7
0.9870801033591732,5925,0.7061855670103093,1,194,peint,0.7
1.0,5934,0.49206349206349204,0,63,classical,0.5
0.9763779527559054,5934,0.49206349206349204,0,63,peint,0.5
1.0,5990,0.39037433155080214,8,187,classical,0.4
0.9214092140921409,5990,0.39037433155080214,8,187,peint,0.4
0.9196428571428571,6,0.6120689655172413,4,116,classical,0.6
0.8646288209606988,6,0.6120689655172413,4,116,peint,0.6
0.46913580246913583,6005,0.17197452229299362,35,157,classical,0.2
0.37333333333333335,6005,0.17197452229299362,35,157,peint,0.2
0.7741935483870968,6010,0.44642857142857145,7,56,classical,0.4
0.7142857142857143,6010,0.44642857142857145,7,56,peint,0.4
1.0,6041,0.4749034749034749,0,259,classical,0.5
0.9942418426103647,6041,0.4749034749034749,0,259,peint,0.5
1.0,6046,0.3627450980392157,0,102,classical,0.4
1.0,6046,0.3627450980392157,0,102,peint,0.4
0.75,6051,0.16774193548387098,62,155,classical,0.2
0.36871508379888274,6051,0.16774193548387098,62,155,peint,0.2
0.5434782608695652,6064,0.18018018018018017,20,111,classical,0.2
0.3723404255319149,6064,0.18018018018018017,20,111,peint,0.2
0.7749999999999999,6089,0.1951219512195122,0,41,classical,0.2
0.9761904761904763,6089,0.1951219512195122,0,41,peint,0.2
0.764505119453925,6137,0.2125,13,160,classical,0.2
0.4386617100371747,6137,0.2125,13,160,peint,0.2
0.84375,614,0.39655172413793105,24,116,classical,0.4
0.7676767676767677,614,0.39655172413793105,24,116,peint,0.4
0.888888888888889,6149,0.2602739726027397,5,73,classical,0.3
0.7391304347826085,6149,0.2602739726027397,5,73,peint,0.3
0.4266666666666667,6150,0.16399286987522282,181,561,classical,0.2
0.359375,6150,0.16399286987522282,181,561,peint,0.2
0.827338129496403,6239,0.24503311258278146,11,151,classical,0.2
0.6711409395973155,6239,0.24503311258278146,11,151,peint,0.2
0.9864864864864865,628,0.5666666666666667,2,150,classical,0.6
0.9154929577464789,628,0.5666666666666667,2,150,peint,0.6
0.5352112676056338,6297,0.23404255319148937,25,94,classical,0.2
0.33093525179856115,6297,0.23404255319148937,25,94,peint,0.2
0.9777777777777777,6325,0.45255474452554745,2,137,classical,0.5
0.929889298892989,6325,0.45255474452554745,2,137,peint,0.5
0.9595375722543353,6329,0.23232323232323232,15,99,classical,0.2
0.7857142857142857,6329,0.23232323232323232,15,99,peint,0.2
0.23952095808383234,633,0.12215909090909091,182,352,classical,0.1
0.32234432234432236,633,0.12215909090909091,182,352,peint,0.1
0.7287899860917941,6354,0.22877358490566038,62,424,classical,0.2
0.5341246290801186,6354,0.22877358490566038,62,424,peint,0.2
0.9746835443037974,6376,0.6375,1,80,classical,0.6
0.9135802469135801,6376,0.6375,1,80,peint,0.6
1.0,6386,0.6226415094339622,0,53,classical,0.6
0.9906542056074767,6386,0.6226415094339622,0,53,peint,0.6
1.0,6423,0.7549668874172185,0,151,classical,0.8
0.9966777408637874,6423,0.7549668874172185,0,151,peint,0.8
0.9607843137254902,6437,0.8909090909090909,4,55,classical,0.9
0.8932038834951457,6437,0.8909090909090909,4,55,peint,0.9
0.9500000000000001,6441,0.7857142857142857,2,42,classical,0.8
0.7710843373493975,6441,0.7857142857142857,2,42,peint,0.8
0.0,646,0.12380952380952381,5,105,classical,0.1
0.08641975308641975,646,0.12380952380952381,5,105,peint,0.1
0.922077922077922,650,0.192090395480226,23,177,classical,0.2
0.40972222222222227,650,0.192090395480226,23,177,peint,0.2
0.6712328767123288,6524,0.2988505747126437,12,87,classical,0.3
0.6227544910179641,6524,0.2988505747126437,12,87,peint,0.3
0.9411764705882352,658,0.49107142857142855,2,112,classical,0.5
0.8878923766816144,658,0.49107142857142855,2,112,peint,0.5
0.3304347826086957,6627,0.3150684931506849,34,146,classical,0.3
0.43564356435643564,6627,0.3150684931506849,34,146,peint,0.3
0.7924528301886792,6642,0.2962962962962963,0,54,classical,0.3
0.7272727272727273,6642,0.2962962962962963,0,54,peint,0.3
0.667870036101083,6646,0.2911764705882353,69,340,classical,0.3
0.6519337016574587,6646,0.2911764705882353,69,340,peint,0.3
1.0,6674,0.4827586206896552,2,116,classical,0.5
0.9696969696969696,6674,0.4827586206896552,2,116,peint,0.5
0.20289855072463767,6744,0.12403100775193798,21,129,classical,0.1
0.20689655172413793,6744,0.12403100775193798,21,129,peint,0.1
0.4584527220630372,6777,0.15196078431372548,31,204,classical,0.2
0.48148148148148145,6777,0.15196078431372548,31,204,peint,0.2
1.0,6794,0.3956043956043956,0,91,classical,0.4
0.908108108108108,6794,0.3956043956043956,0,91,peint,0.4
1.0,683,0.45454545454545453,0,11,classical,0.5
0.7500000000000001,683,0.45454545454545453,0,11,peint,0.5
0.9294403892944039,6847,0.3548387096774194,11,217,classical,0.4
0.8110831234256927,6847,0.3548387096774194,11,217,peint,0.4
0.0,6862,0.1220472440944882,26,254,classical,0.1
0.21700879765395897,6862,0.1220472440944882,26,254,peint,0.1
1.0,6884,0.4329896907216495,0,97,classical,0.4
0.9591836734693878,6884,0.4329896907216495,0,97,peint,0.4
0.9637305699481865,6893,0.4158415841584158,5,101,classical,0.4
0.8717948717948718,6893,0.4158415841584158,5,101,peint,0.4
1.0,6923,0.6833333333333333,0,60,classical,0.7
1.0,6923,0.6833333333333333,0,60,peint,0.7
0.9385964912280702,6956,0.48695652173913045,1,115,classical,0.5
0.8669527896995708,6956,0.48695652173913045,1,115,peint,0.5
0.6870229007633588,6965,0.3924050632911392,11,79,classical,0.4
0.5985401459854013,6965,0.3924050632911392,11,79,peint,0.4
0.814621409921671,6996,0.2171945701357466,30,221,classical,0.2
0.6718749999999999,6996,0.2171945701357466,30,221,peint,0.2
0.9924050632911392,7042,0.7769423558897243,4,399,classical,0.8
0.9761006289308176,7042,0.7769423558897243,4,399,peint,0.8
0.9672346002621232,7050,0.6015625,2,384,classical,0.6
0.9593709043250327,7050,0.6015625,2,384,peint,0.6
0.9706959706959707,7057,0.6013513513513513,23,296,classical,0.6
0.8333333333333333,7057,0.6013513513513513,23,296,peint,0.6
0.6336866902237928,7060,0.27325581395348836,101,516,classical,0.3
0.5964432284541724,7060,0.27325581395348836,101,516,peint,0.3
0.7777777777777778,7088,0.25806451612903225,1,93,classical,0.3
0.7157894736842104,7088,0.25806451612903225,1,93,peint,0.3
0.7239263803680982,7104,0.27058823529411763,2,85,classical,0.3
0.6783625730994153,7104,0.27058823529411763,2,85,peint,0.3
0.0,7113,0.09836065573770492,28,244,classical,0.1
0.07432432432432433,7113,0.09836065573770492,28,244,peint,0.1
0.5510204081632655,7129,0.1987179487179487,2,156,classical,0.2
0.1983471074380165,7129,0.1987179487179487,2,156,peint,0.2
0.0,713,0.09523809523809523,25,126,classical,0.1
0.14285714285714288,713,0.09523809523809523,25,126,peint,0.1
1.0,7153,0.484251968503937,0,254,classical,0.5
0.994106090373281,7153,0.484251968503937,0,254,peint,0.5
0.6666666666666666,7161,0.1559633027522936,13,218,classical,0.2
0.6048780487804878,7161,0.1559633027522936,13,218,peint,0.2
0.8957055214723927,7162,0.27906976744186046,5,86,classical,0.3
0.8263473053892216,7162,0.27906976744186046,5,86,peint,0.3
0.9823529411764705,722,0.37572254335260113,6,346,classical,0.4
0.9516837481698389,722,0.37572254335260113,6,346,peint,0.4
0.6526315789473683,724,0.20833333333333334,23,168,classical,0.2
0.4696969696969697,724,0.20833333333333334,23,168,peint,0.2
0.7674418604651163,7249,0.36363636363636365,0,44,classical,0.4
0.8372093023255814,7249,0.36363636363636365,0,44,peint,0.4
1.0,7272,0.5172413793103449,0,87,classical,0.5
0.9885057471264368,7272,0.5172413793103449,0,87,peint,0.5
0.9230769230769231,7294,0.23809523809523808,8,210,classical,0.2
0.693069306930693,7294,0.23809523809523808,8,210,peint,0.2
0.88,7306,0.35064935064935066,2,77,classical,0.4
0.8551724137931035,7306,0.35064935064935066,2,77,peint,0.4
0.9681528662420382,733,0.5443037974683544,1,158,classical,0.5
0.935064935064935,733,0.5443037974683544,1,158,peint,0.5
1.0,7337,0.4423076923076923,2,104,classical,0.4
0.8942307692307693,7337,0.4423076923076923,2,104,peint,0.4
1.0,7345,0.4318181818181818,2,264,classical,0.4
0.9676190476190476,7345,0.4318181818181818,2,264,peint,0.4
0.9226190476190477,7355,0.36464088397790057,28,362,classical,0.4
0.8045977011494253,7355,0.36464088397790057,28,362,peint,0.4
0.9264069264069263,7403,0.4700854700854701,1,117,classical,0.5
0.8451882845188285,7403,0.4700854700854701,1,117,peint,0.5
0.8076923076923077,7448,0.31343283582089554,6,268,classical,0.3
0.8796992481203009,7448,0.31343283582089554,6,268,peint,0.3
0.6578249336870027,7453,0.19724770642201836,28,218,classical,0.2
0.4986149584487534,7453,0.19724770642201836,28,218,peint,0.2
0.9456869009584664,7480,0.6024096385542169,10,166,classical,0.6
0.9371069182389936,7480,0.6024096385542169,10,166,peint,0.6
0.0,750,0.09903381642512077,146,414,classical,0.1
0.09803921568627451,750,0.09903381642512077,146,414,peint,0.1
0.6887417218543047,7532,0.2857142857142857,32,182,classical,0.3
0.40845070422535207,7532,0.2857142857142857,32,182,peint,0.3
1.0,7541,0.5,0,40,classical,0.5
1.0,7541,0.5,0,40,peint,0.5
0.6812227074235808,7549,0.16981132075471697,40,159,classical,0.2
0.5573770491803279,7549,0.16981132075471697,40,159,peint,0.2
0.6842105263157895,7558,0.18243243243243243,10,148,classical,0.2
0.41825095057034223,7558,0.18243243243243243,10,148,peint,0.2
0.4438573315719947,7593,0.14531548757170173,159,523,classical,0.1
0.4109090909090909,7593,0.14531548757170173,159,523,peint,0.1
1.0,7597,0.5142857142857142,0,70,classical,0.5
0.9503546099290779,7597,0.5142857142857142,0,70,peint,0.5
0.6614173228346457,7598,0.5675675675675675,5,74,classical,0.6
0.7478260869565218,7598,0.5675675675675675,5,74,peint,0.6
1.0,7607,0.7248677248677249,0,189,classical,0.7
1.0,7607,0.7248677248677249,0,189,peint,0.7
0.8545454545454546,764,0.3063063063063063,0,111,classical,0.3
0.9041095890410958,764,0.3063063063063063,0,111,peint,0.3
0.8871989860583017,768,0.4105504587155963,45,436,classical,0.4
0.8035264483627204,768,0.4105504587155963,45,436,peint,0.4
0.4853556485355649,7686,0.08849557522123894,101,226,classical,0.1
0.35944700460829493,7686,0.08849557522123894,101,226,peint,0.1
1.0,7734,0.6863905325443787,0,169,classical,0.7
1.0,7734,0.6863905325443787,0,169,peint,0.7
1.0,779,0.6267605633802817,0,284,classical,0.6
1.0,779,0.6267605633802817,0,284,peint,0.6
0.7027027027027027,7827,0.2903225806451613,6,155,classical,0.3
0.6761565836298933,7827,0.2903225806451613,6,155,peint,0.3
0.9453376205787781,7842,0.2375,5,160,classical,0.2
0.8,7842,0.2375,5,160,peint,0.2
0.8950276243093922,7851,0.3387096774193548,5,186,classical,0.3
0.7492957746478873,7851,0.3387096774193548,5,186,peint,0.3
0.9968847352024922,7865,0.5727554179566563,2,323,classical,0.6
0.9566563467492261,7865,0.5727554179566563,2,323,peint,0.6
1.0,788,0.578125,0,64,classical,0.6
0.9692307692307692,788,0.578125,0,64,peint,0.6
0.8734939759036144,7914,0.45454545454545453,10,176,classical,0.5
0.863905325443787,7914,0.45454545454545453,10,176,peint,0.5
0.9500000000000001,7988,0.3950617283950617,1,81,classical,0.4
0.9506172839506174,7988,0.3950617283950617,1,81,peint,0.4
1.0,8026,0.6583333333333333,0,120,classical,0.7
1.0,8026,0.6583333333333333,0,120,peint,0.7
0.3789473684210526,8049,0.1111111111111111,35,126,classical,0.1
0.27956989247311825,8049,0.1111111111111111,35,126,peint,0.1
1.0,8072,0.7071428571428572,0,140,classical,0.7
1.0,8072,0.7071428571428572,0,140,peint,0.7
1.0,8079,0.688622754491018,1,167,classical,0.7
0.9345238095238095,8079,0.688622754491018,1,167,peint,0.7
0.9411764705882353,8100,0.3333333333333333,4,72,classical,0.3
0.8368794326241135,8100,0.3333333333333333,4,72,peint,0.3
0.9733333333333334,8109,0.45454545454545453,2,77,classical,0.5
0.9066666666666666,8109,0.45454545454545453,2,77,peint,0.5
0.8870292887029289,8130,0.16030534351145037,12,131,classical,0.2
0.3870967741935484,8130,0.16030534351145037,12,131,peint,0.2
1.0,817,0.6285714285714286,0,105,classical,0.6
1.0,817,0.6285714285714286,0,105,peint,0.6
0.8808664259927799,8226,0.35374149659863946,9,147,classical,0.4
0.8140350877192982,8226,0.35374149659863946,9,147,peint,0.4
0.44131455399061037,8270,0.15384615384615385,35,143,classical,0.2
0.27884615384615385,8270,0.15384615384615385,35,143,peint,0.2
1.0,8279,0.44155844155844154,0,77,classical,0.4
0.967741935483871,8279,0.44155844155844154,0,77,peint,0.4
1.0,8284,0.6850828729281768,0,181,classical,0.7
1.0,8284,0.6850828729281768,0,181,peint,0.7
1.0,8294,0.6708860759493671,1,79,classical,0.7
0.9433962264150944,8294,0.6708860759493671,1,79,peint,0.7
0.5574712643678161,8319,0.18030050083472454,72,599,classical,0.2
0.5800214822771214,8319,0.18030050083472454,72,599,peint,0.2
1.0,8343,0.648,0,125,classical,0.6
1.0,8343,0.648,0,125,peint,0.6
0.7708333333333333,8365,0.29333333333333333,27,75,classical,0.3
0.462962962962963,8365,0.29333333333333333,27,75,peint,0.3
0.9897959183673469,8366,0.3333333333333333,1,99,classical,0.3
0.6772486772486773,8366,0.3333333333333333,1,99,peint,0.3
0.8578088578088578,8370,0.4148936170212766,76,282,classical,0.4
0.789838337182448,8370,0.4148936170212766,76,282,peint,0.4
0.39043824701195223,8379,0.16338028169014085,114,355,classical,0.2
0.413953488372093,8379,0.16338028169014085,114,355,peint,0.2
1.0,8419,0.7777777777777778,0,63,classical,0.8
1.0,8419,0.7777777777777778,0,63,peint,0.8
0.9668508287292819,8461,0.46236559139784944,5,186,classical,0.5
0.8767123287671234,8461,0.46236559139784944,5,186,peint,0.5
0.0,8478,0.15789473684210525,21,57,classical,0.2
0.21428571428571427,8478,0.15789473684210525,21,57,peint,0.2
0.9090909090909091,8507,0.29508196721311475,0,61,classical,0.3
0.8818897637795275,8507,0.29508196721311475,0,61,peint,0.3
0.9726027397260274,8532,0.49333333333333335,2,75,classical,0.5
0.8918918918918919,8532,0.49333333333333335,2,75,peint,0.5
0.8704318936877077,8542,0.36129032258064514,4,155,classical,0.4
0.8063492063492063,8542,0.36129032258064514,4,155,peint,0.4
1.0,8558,0.4523809523809524,0,42,classical,0.5
1.0,8558,0.4523809523809524,0,42,peint,0.5
0.7476038338658146,8577,0.22456140350877193,130,285,classical,0.2
0.5225806451612903,8577,0.22456140350877193,130,285,peint,0.2
0.9436619718309859,8581,0.3974358974358974,7,78,classical,0.4
0.9154929577464789,8581,0.3974358974358974,7,78,peint,0.4
0.9912280701754386,8585,0.5565217391304348,1,115,classical,0.6
0.9217391304347825,8585,0.5565217391304348,1,115,peint,0.6
1.0,8615,0.19607843137254902,0,51,classical,0.2
0.9807692307692307,8615,0.19607843137254902,0,51,peint,0.2
0.6197916666666665,8651,0.2336448598130841,16,214,classical,0.2
0.6840731070496083,8651,0.2336448598130841,16,214,peint,0.2
0.8988764044943821,868,0.39330543933054396,16,239,classical,0.4
0.6753812636165577,868,0.39330543933054396,16,239,peint,0.4
1.0,8720,0.308411214953271,0,107,classical,0.3
0.8940092165898617,8720,0.308411214953271,0,107,peint,0.3
0.7865168539325842,8757,0.24880382775119617,31,209,classical,0.2
0.6413043478260869,8757,0.24880382775119617,31,209,peint,0.2
0.9857142857142858,8776,0.7981220657276995,3,213,classical,0.8
0.9668246445497629,8776,0.7981220657276995,3,213,peint,0.8
0.9967426710097721,8791,0.7419354838709677,2,155,classical,0.7
0.9967426710097721,8791,0.7419354838709677,2,155,peint,0.7
0.9887005649717514,8804,0.6052631578947368,13,190,classical,0.6
0.8791208791208791,8804,0.6052631578947368,13,190,peint,0.6
0.9354838709677419,8891,0.33070866141732286,3,127,classical,0.3
0.8294573643410853,8891,0.33070866141732286,3,127,peint,0.3
0.8695652173913043,8895,0.3017241379310345,12,116,classical,0.3
0.821256038647343,8895,0.3017241379310345,12,116,peint,0.3
0.4873417721518987,8910,0.18097447795823665,130,431,classical,0.2
0.4714285714285714,8910,0.18097447795823665,130,431,peint,0.2
0.6,8930,0.2926829268292683,22,82,classical,0.3
0.6603773584905662,8930,0.2926829268292683,22,82,peint,0.3
0.938337801608579,8933,0.3838120104438642,11,383,classical,0.4
0.8865435356200527,8933,0.3838120104438642,11,383,peint,0.4
0.9177215189873418,8952,0.3067484662576687,5,163,classical,0.3
0.7477744807121662,8952,0.3067484662576687,5,163,peint,0.3
1.0,8959,0.693069306930693,0,101,classical,0.7
1.0,8959,0.693069306930693,0,101,peint,0.7
0.9225806451612903,8976,0.36075949367088606,0,158,classical,0.4
0.9015873015873016,8976,0.36075949367088606,0,158,peint,0.4
1.0,899,0.42,0,50,classical,0.4
1.0,899,0.42,0,50,peint,0.4
0.8744186046511628,9022,0.28193832599118945,12,227,classical,0.3
0.8044943820224719,9022,0.28193832599118945,12,227,peint,0.3
0.5752508361204013,9094,0.25146198830409355,22,171,classical,0.3
0.5017921146953406,9094,0.25146198830409355,22,171,peint,0.3
0.9627507163323782,914,0.5027027027027027,11,185,classical,0.5
0.9345238095238095,914,0.5027027027027027,11,185,peint,0.5
0.7191011235955056,9169,0.3425414364640884,59,181,classical,0.3
0.7443946188340808,9169,0.3425414364640884,59,181,peint,0.3
0.8977272727272727,9198,0.2549019607843137,15,102,classical,0.3
0.5913978494623656,9198,0.2549019607843137,15,102,peint,0.3
0.816793893129771,921,0.2302158273381295,8,139,classical,0.2
0.6842105263157896,921,0.2302158273381295,8,139,peint,0.2
0.6141078838174274,923,0.24603174603174602,3,126,classical,0.2
0.8112449799196788,923,0.24603174603174602,3,126,peint,0.2
0.3978494623655914,926,0.1095890410958904,44,146,classical,0.1
0.29999999999999993,926,0.1095890410958904,44,146,peint,0.1
1.0,927,0.4069767441860465,0,86,classical,0.4
0.9595375722543352,927,0.4069767441860465,0,86,peint,0.4
0.8209366391184574,9326,0.3076923076923077,11,195,classical,0.3
0.7317073170731707,9326,0.3076923076923077,11,195,peint,0.3
0.9759036144578314,9332,0.5957446808510638,11,94,classical,0.6
0.880952380952381,9332,0.5957446808510638,11,94,peint,0.6
0.4433734939759036,9346,0.13358778625954199,51,262,classical,0.1
0.2532299741602067,9346,0.13358778625954199,51,262,peint,0.1
1.0,9350,0.367816091954023,1,87,classical,0.4
0.8044692737430169,9350,0.367816091954023,1,87,peint,0.4
0.6845637583892618,9367,0.19421487603305784,15,242,classical,0.2
0.24806201550387597,9367,0.19421487603305784,15,242,peint,0.2
0.8925619834710743,9369,0.6229508196721312,0,61,classical,0.6
0.9752066115702478,9369,0.6229508196721312,0,61,peint,0.6
0.8863636363636365,9379,0.41,11,100,classical,0.4
0.7675675675675675,9379,0.41,11,100,peint,0.4
0.7023809523809523,9435,0.2048780487804878,35,205,classical,0.2
0.5340909090909091,9435,0.2048780487804878,35,205,peint,0.2
0.6865671641791045,9437,0.3105590062111801,28,161,classical,0.3
0.6521739130434783,9437,0.3105590062111801,28,161,peint,0.3
0.9479166666666666,9454,0.6147540983606558,26,122,classical,0.6
0.9528795811518324,9454,0.6147540983606558,26,122,peint,0.6
1.0,9464,0.5180722891566265,0,83,classical,0.5
1.0,9464,0.5180722891566265,0,83,peint,0.5
1.0,9472,0.6717557251908397,3,131,classical,0.7
0.984375,9472,0.6717557251908397,3,131,peint,0.7
1.0,9549,0.6376811594202898,1,69,classical,0.6
0.9927007299270074,9549,0.6376811594202898,1,69,peint,0.6
1.0,9561,0.732824427480916,0,262,classical,0.7
1.0,9561,0.732824427480916,0,262,peint,0.7
0.6582278481012659,9575,0.2857142857142857,12,49,classical,0.3
0.5384615384615384,9575,0.2857142857142857,12,49,peint,0.3
1.0,9582,0.7868852459016393,0,61,classical,0.8
1.0,9582,0.7868852459016393,0,61,peint,0.8
0.9174311926605504,9589,0.32727272727272727,0,55,classical,0.3
0.7964601769911505,9589,0.32727272727272727,0,55,peint,0.3
1.0,9620,0.7169811320754716,0,53,classical,0.7
0.9532710280373832,9620,0.7169811320754716,0,53,peint,0.7
0.7887323943661971,9621,0.296969696969697,57,165,classical,0.3
0.7207207207207207,9621,0.296969696969697,57,165,peint,0.3
0.923076923076923,9635,0.3953488372093023,0,86,classical,0.4
0.7666666666666667,9635,0.3953488372093023,0,86,peint,0.4
1.0,9667,0.5344827586206896,0,58,classical,0.5
1.0,9667,0.5344827586206896,0,58,peint,0.5
0.9753086419753086,9680,0.3902439024390244,1,82,classical,0.4
0.9447852760736196,9680,0.3902439024390244,1,82,peint,0.4
0.8909090909090909,9725,0.3508771929824561,2,57,classical,0.4
0.7863247863247863,9725,0.3508771929824561,2,57,peint,0.4
0.9846153846153847,9730,0.5294117647058824,3,68,classical,0.5
0.835820895522388,9730,0.5294117647058824,3,68,peint,0.5
1.0,9742,0.6153846153846154,0,39,classical,0.6
0.9873417721518987,9742,0.6153846153846154,0,39,peint,0.6
0.7924528301886792,9746,0.3448275862068966,2,29,classical,0.3
0.7719298245614035,9746,0.3448275862068966,2,29,peint,0.3
0.8776595744680851,9750,0.3004694835680751,27,213,classical,0.3
0.7667560321715817,9750,0.3004694835680751,27,213,peint,0.3
0.7428571428571429,9888,0.3333333333333333,20,141,classical,0.3
0.7286821705426357,9888,0.3333333333333333,20,141,peint,0.3
1.0,9926,0.6825396825396826,0,63,classical,0.7
0.9841269841269841,9926,0.6825396825396826,0,63,peint,0.7
0.8392857142857143,9955,0.2916666666666667,8,120,classical,0.3
0.849785407725322,9955,0.2916666666666667,8,120,peint,0.3
1.0,997,0.47761194029850745,0,67,classical,0.5
1.0,997,0.47761194029850745,0,67,peint,0.5
