seq1_1ekj	1EKJ_A	90.2	214	21	0	4	217	8	221	1.68e-141	405
seq1_1ekj	NP_001414311.1	90.2	214	21	0	4	217	115	328	7.51e-140	405
seq1_1ekj	NP_001414310.1	90.2	214	21	0	4	217	115	328	1.10e-139	405
seq1_1ekj	KAI5442402.1	90.1	213	21	0	4	216	115	327	2.95e-139	403
seq1_1ekj	AAA33652.1	89.7	214	22	0	4	217	116	329	3.16e-139	403
seq1_1ekj	CAJ2665405.1	88.3	214	25	0	4	217	53	266	1.89e-137	396
seq1_1ekj	CAI8594493.1	87.9	214	26	0	4	217	114	327	2.04e-137	399
seq1_1ekj	CAJ2665404.1	88.3	214	25	0	4	217	53	266	2.79e-137	396
seq1_1ekj	CAK8533651.1	87.9	214	26	0	4	217	115	328	2.90e-137	398
seq1_1ekj	CAK8533650.1	87.9	214	26	0	4	217	115	328	4.25e-137	398
seq1_1ekj	PNX94445.1	87.9	214	26	0	4	217	34	247	5.56e-137	394
seq1_1ekj	XP_058752145.1	87.9	214	26	0	4	217	116	329	6.05e-137	397
seq1_1ekj	XP_058778668.1	87.9	214	26	0	4	217	116	329	6.05e-137	397
seq1_1ekj	XP_058752144.1	87.9	214	26	0	4	217	116	329	8.87e-137	397
seq1_1ekj	XP_058778667.1	87.9	214	26	0	4	217	116	329	8.87e-137	397
seq1_1ekj	XP_045812473.1	88.3	214	25	0	4	217	118	331	1.86e-136	396
seq1_1ekj	CAJ2665403.1	88.3	214	25	0	4	217	120	333	1.99e-136	396
seq1_1ekj	XP_045812472.1	88.3	214	25	0	4	217	118	331	2.72e-136	396
seq1_1ekj	CAJ2665402.1	88.3	214	25	0	4	217	120	333	2.91e-136	396
seq1_1ekj	XP_004489275.1	86.4	214	29	0	4	217	120	333	8.08e-136	395
seq1_1ekj	NP_001352011.1	86.4	214	29	0	4	217	120	333	1.18e-135	395
seq1_1ekj	KAK2419660.1	88.6	211	24	0	7	217	126	336	7.34e-135	392
seq1_1ekj	WJX65378.1	88.6	211	24	0	7	217	126	336	1.07e-134	392
seq1_1ekj	KAK8469936.1	85.5	214	31	0	4	217	45	258	4.54e-134	387
seq1_1ekj	AES74502.1	86.7	210	28	0	8	217	51	260	4.00e-133	385
seq82_1ekj	1EKJ_A	82.4	216	38	0	2	217	6	221	3.90e-131	379
seq82_1ekj	NP_001414311.1	82.4	216	38	0	2	217	113	328	1.67e-129	379
seq82_1ekj	XP_058752145.1	82.4	216	38	0	2	217	114	329	1.73e-129	379
seq82_1ekj	XP_058778668.1	82.4	216	38	0	2	217	114	329	1.73e-129	379
seq82_1ekj	KAI5442402.1	82.8	215	37	0	2	216	113	327	2.29e-129	378
seq82_1ekj	NP_001414310.1	82.4	216	38	0	2	217	113	328	2.43e-129	379
seq82_1ekj	XP_058752144.1	82.4	216	38	0	2	217	114	329	2.52e-129	379
seq82_1ekj	XP_058778667.1	82.4	216	38	0	2	217	114	329	2.52e-129	379
seq82_1ekj	AAA33652.1	81.9	216	39	0	2	217	114	329	7.00e-129	377
seq82_1ekj	CAJ2665405.1	81.9	216	39	0	2	217	51	266	1.29e-128	374
seq82_1ekj	CAJ2665404.1	81.9	216	39	0	2	217	51	266	1.90e-128	374
seq82_1ekj	PNX94445.1	81.5	216	40	0	2	217	32	247	3.81e-128	372
seq82_1ekj	CAK8533651.1	81.0	216	41	0	2	217	113	328	3.90e-128	375
seq82_1ekj	XP_004489275.1	81.0	216	41	0	2	217	118	333	4.63e-128	375
seq82_1ekj	CAK8533650.1	81.0	216	41	0	2	217	113	328	5.68e-128	375
seq82_1ekj	NP_001352011.1	81.0	216	41	0	2	217	118	333	6.74e-128	375
seq82_1ekj	CAI8594493.1	80.6	216	42	0	2	217	112	327	1.11e-127	374
seq82_1ekj	XP_045812473.1	81.9	216	39	0	2	217	116	331	1.24e-127	374
seq82_1ekj	CAJ2665403.1	81.9	216	39	0	2	217	118	333	1.32e-127	374
seq82_1ekj	XP_045812472.1	81.9	216	39	0	2	217	116	331	1.80e-127	374
seq82_1ekj	CAJ2665402.1	81.9	216	39	0	2	217	118	333	1.93e-127	374
seq82_1ekj	AES74502.1	80.7	218	41	1	1	217	43	260	3.48e-127	370
seq82_1ekj	XP_039691177.1	80.7	218	41	1	1	217	43	260	5.12e-127	370
seq82_1ekj	RZB45880.1	79.2	216	45	0	2	217	43	258	1.87e-126	368
seq82_1ekj	KAK2400872.1	81.9	216	39	0	2	217	281	496	2.42e-126	377
seq115_1ekj	1EKJ_A	73.5	215	57	0	4	218	7	221	7.38e-111	327
seq115_1ekj	NP_001414311.1	73.5	215	57	0	4	218	114	328	2.86e-109	327
seq115_1ekj	NP_001414310.1	73.5	215	57	0	4	218	114	328	4.12e-109	327
seq115_1ekj	KAI5442402.1	73.4	214	57	0	4	217	114	327	1.12e-108	326
seq115_1ekj	AAA33652.1	73.0	215	58	0	4	218	115	329	1.20e-108	326
seq115_1ekj	CAI8594493.1	72.1	215	60	0	4	218	113	327	4.60e-108	325
seq115_1ekj	XP_058752145.1	72.6	215	59	0	4	218	115	329	4.85e-108	324
seq115_1ekj	XP_058778668.1	72.6	215	59	0	4	218	115	329	4.85e-108	324
seq115_1ekj	CAK8533651.1	72.1	215	60	0	4	218	114	328	6.65e-108	324
seq115_1ekj	CAJ2665405.1	72.1	215	60	0	4	218	52	266	6.70e-108	322
seq115_1ekj	XP_058752144.1	72.6	215	59	0	4	218	115	329	6.98e-108	324
seq115_1ekj	XP_058778667.1	72.6	215	59	0	4	218	115	329	6.98e-108	324
seq115_1ekj	CAK8533650.1	72.1	215	60	0	4	218	114	328	9.58e-108	324
seq115_1ekj	CAJ2665404.1	72.1	215	60	0	4	218	52	266	9.76e-108	322
seq115_1ekj	PNX94445.1	71.6	215	61	0	4	218	33	247	2.01e-107	320
seq115_1ekj	XP_004489275.1	71.6	215	61	0	4	218	119	333	3.18e-107	322
seq115_1ekj	AES74502.1	71.8	216	60	1	4	218	45	260	4.46e-107	319
seq115_1ekj	NP_001352011.1	71.6	215	61	0	4	218	119	333	4.57e-107	322
seq115_1ekj	XP_045812473.1	72.1	215	60	0	4	218	117	331	5.99e-107	322
seq115_1ekj	CAJ2665403.1	72.1	215	60	0	4	218	119	333	6.40e-107	322
seq115_1ekj	XP_039691177.1	71.8	216	60	1	4	218	45	260	6.50e-107	319
seq115_1ekj	KAK2400872.1	72.6	215	59	0	4	218	282	496	7.92e-107	327
seq115_1ekj	XP_045812472.1	72.1	215	60	0	4	218	117	331	8.61e-107	322
seq115_1ekj	CAJ2665402.1	72.1	215	60	0	4	218	119	333	9.19e-107	322
seq115_1ekj	XP_024642457.1	71.8	216	60	1	4	218	116	331	4.88e-106	319
seq213_1ekj	1EKJ_A	61.2	214	83	0	3	216	7	220	4.07e-89	272
seq213_1ekj	KAI5442402.1	61.2	214	83	0	3	216	114	327	1.32e-87	272
seq213_1ekj	NP_001414311.1	61.2	214	83	0	3	216	114	327	1.36e-87	272
seq213_1ekj	XP_004489275.1	62.6	203	76	0	8	210	124	326	1.59e-87	272
seq213_1ekj	NP_001414310.1	61.2	214	83	0	3	216	114	327	1.92e-87	272
seq213_1ekj	NP_001352011.1	62.6	203	76	0	8	210	124	326	2.25e-87	272
seq213_1ekj	AAA33652.1	60.7	214	84	0	3	216	115	328	5.66e-87	271
seq213_1ekj	PNX94445.1	61.6	203	78	0	8	210	38	240	1.30e-86	267
seq213_1ekj	AES74502.1	61.2	206	80	0	11	216	54	259	1.41e-86	267
seq213_1ekj	CAJ2665405.1	60.8	209	82	0	8	216	57	265	1.72e-86	267
seq213_1ekj	XP_039691177.1	61.2	206	80	0	11	216	54	259	2.03e-86	267
seq213_1ekj	CAJ2665404.1	60.8	209	82	0	8	216	57	265	2.47e-86	267
seq213_1ekj	CAI8594493.1	59.3	214	87	0	3	216	113	326	4.29e-86	269
seq213_1ekj	KAI4350693.1	63.1	195	72	0	10	204	125	319	5.02e-86	269
seq213_1ekj	CAK8533651.1	59.3	214	87	0	3	216	114	327	6.30e-86	268
seq213_1ekj	XP_058752145.1	59.3	214	87	0	3	216	115	328	6.50e-86	268
seq213_1ekj	XP_058778668.1	59.3	214	87	0	3	216	115	328	6.50e-86	268
seq213_1ekj	XP_052722983.1	61.8	199	76	0	12	210	53	251	7.69e-86	266
seq213_1ekj	XP_027922501.1	61.8	199	76	0	12	210	53	251	7.69e-86	266
seq213_1ekj	CAK8533650.1	59.3	214	87	0	3	216	114	327	8.89e-86	268
seq213_1ekj	XP_058752144.1	59.3	214	87	0	3	216	115	328	9.17e-86	268
seq213_1ekj	XP_058778667.1	59.3	214	87	0	3	216	115	328	9.17e-86	268
seq213_1ekj	XP_024642457.1	61.2	206	80	0	11	216	125	330	1.39e-85	267
seq213_1ekj	XP_045812473.1	60.8	209	82	0	8	216	122	330	1.39e-85	267
seq213_1ekj	CAJ2665403.1	60.8	209	82	0	8	216	124	332	1.48e-85	267
seq376_1ekj	KAF6146087.1	50.0	192	95	1	10	200	33	224	2.37e-61	202
seq376_1ekj	KAF6163744.1	50.0	192	95	1	10	200	33	224	6.74e-61	201
seq376_1ekj	XP_034200196.1	47.0	198	100	1	8	200	44	241	4.58e-60	199
seq376_1ekj	KAI5352337.1	47.0	198	100	1	8	200	65	262	6.09e-60	200
seq376_1ekj	VVA13421.1	47.0	198	100	1	8	200	65	262	8.62e-60	199
seq376_1ekj	XP_007223694.1	47.0	198	100	1	8	200	44	241	1.30e-59	198
seq376_1ekj	BBG94075.1	47.0	198	100	1	8	200	104	301	1.90e-59	200
seq376_1ekj	ONI30484.1	47.0	198	100	1	8	200	60	257	2.11e-59	198
seq376_1ekj	XP_020410638.1	47.0	198	100	1	8	200	65	262	2.45e-59	198
seq376_1ekj	XP_008221815.1	46.3	201	103	1	8	203	44	244	2.61e-59	197
seq376_1ekj	KAH0991663.1	46.3	201	103	1	8	203	65	265	4.90e-59	197
seq376_1ekj	CAL8994249.1	46.3	201	103	1	8	203	65	265	4.90e-59	197
seq376_1ekj	XP_016647717.1	46.3	201	103	1	8	203	65	265	4.90e-59	197
seq376_1ekj	CAL2231331.1	46.3	201	103	1	8	203	65	265	4.90e-59	197
seq376_1ekj	XP_021809738.1	45.7	210	106	2	2	203	35	244	5.23e-59	197
seq376_1ekj	XP_021809737.1	45.7	210	106	2	2	203	56	265	9.82e-59	197
seq376_1ekj	PQM41742.1	45.7	210	106	2	2	203	56	265	9.82e-59	197
seq376_1ekj	KAK7316446.1	48.5	198	97	2	13	205	132	329	1.15e-57	196
seq376_1ekj	XP_061991818.1	45.9	205	106	1	1	200	37	241	1.70e-57	193
seq376_1ekj	1EKJ_A	48.5	198	97	2	13	205	17	214	2.56e-57	191
seq376_1ekj	XP_003631258.1	45.2	208	109	1	1	203	40	247	2.63e-57	192
seq376_1ekj	GFP99950.1	46.3	201	103	1	10	205	51	251	2.82e-57	193
seq376_1ekj	XP_061991817.1	45.9	205	106	1	1	200	59	263	3.26e-57	193
seq376_1ekj	XP_010551901.1	44.5	220	112	3	1	211	110	328	3.72e-57	195
seq376_1ekj	XP_057447455.1	48.5	194	95	1	13	201	54	247	3.87e-57	192
seq347_1ekj	PNX94445.1	54.9	206	92	1	3	207	35	240	6.98e-73	232
seq347_1ekj	CAJ2665405.1	54.9	206	92	1	3	207	54	259	1.28e-72	232
seq347_1ekj	CAJ2665404.1	54.9	206	92	1	3	207	54	259	1.81e-72	232
seq347_1ekj	XP_045812473.1	54.9	206	92	1	3	207	119	324	9.41e-72	232
seq347_1ekj	CAJ2665403.1	54.9	206	92	1	3	207	121	326	9.99e-72	232
seq347_1ekj	XP_045812472.1	54.9	206	92	1	3	207	119	324	1.30e-71	232
seq347_1ekj	CAJ2665402.1	54.9	206	92	1	3	207	121	326	1.38e-71	232
seq347_1ekj	AEV42276.1	54.6	205	91	2	8	211	118	321	2.23e-71	231
seq347_1ekj	KAK2419660.1	56.0	200	87	1	9	207	130	329	3.10e-71	231
seq347_1ekj	WJX70279.1	55.9	204	88	2	9	211	129	331	4.26e-71	230
seq347_1ekj	WJX65378.1	56.0	200	87	1	9	207	130	329	4.28e-71	231
seq347_1ekj	1EKJ_A	54.4	206	93	1	3	207	9	214	5.69e-71	226
seq347_1ekj	KAK2365575.1	55.9	204	88	2	9	211	129	331	5.88e-71	230
seq347_1ekj	KAF5479597.1	53.2	205	94	2	8	211	51	254	1.06e-69	224
seq347_1ekj	GFP99950.1	52.6	209	92	2	3	207	46	251	1.09e-69	224
seq347_1ekj	KAF5479595.1	53.2	205	94	2	8	211	51	254	1.50e-69	224
seq347_1ekj	KAI5442402.1	54.4	206	93	1	3	207	116	321	1.54e-69	226
seq347_1ekj	NP_001414311.1	54.4	206	93	1	3	207	116	321	1.58e-69	226
seq347_1ekj	NP_001414310.1	54.4	206	93	1	3	207	116	321	2.19e-69	226
seq347_1ekj	XP_059450084.1	53.8	199	91	1	8	205	118	316	2.84e-69	226
seq347_1ekj	XP_052722983.1	53.4	206	95	1	3	207	46	251	3.02e-69	223
seq347_1ekj	XP_027922501.1	53.4	206	95	1	3	207	46	251	3.02e-69	223
seq347_1ekj	AES74502.1	54.5	200	90	1	9	207	54	253	3.23e-69	223
seq347_1ekj	XP_004489275.1	53.4	206	95	1	3	207	121	326	3.68e-69	225
seq347_1ekj	XP_039691177.1	54.5	200	90	1	9	207	54	253	4.55e-69	223
seq1389_1ekj	KAK9012505.1	48.8	205	104	1	1	204	75	279	8.37e-67	218
seq1389_1ekj	RZB45880.1	49.7	195	97	1	11	204	52	246	2.82e-65	213
seq1389_1ekj	NP_001347327.1	49.7	195	97	1	11	204	52	246	3.95e-65	213
seq1389_1ekj	1EKJ_A	48.2	195	100	1	11	204	15	209	5.03e-65	211
seq1389_1ekj	XP_010108776.1	48.1	208	104	2	1	204	102	309	9.07e-65	214
seq1389_1ekj	XP_040871114.1	49.2	195	98	1	11	204	52	246	1.12e-64	212
seq1389_1ekj	KAI4350693.1	47.3	203	106	1	3	204	118	320	1.75e-64	214
seq1389_1ekj	XP_052722983.1	49.7	195	97	1	11	204	52	246	2.25e-64	211
seq1389_1ekj	XP_027922501.1	49.7	195	97	1	11	204	52	246	2.25e-64	211
seq1389_1ekj	NP_001347325.1	49.7	195	97	1	11	204	124	318	2.42e-64	213
seq1389_1ekj	XP_028217907.1	49.7	195	97	1	11	204	125	319	2.49e-64	213
seq1389_1ekj	XP_010524306.1	44.4	205	113	1	1	204	39	243	2.94e-64	210
seq1389_1ekj	NP_001347326.1	49.7	195	97	1	11	204	124	318	3.32e-64	213
seq1389_1ekj	XP_028217906.1	49.7	195	97	1	11	204	125	319	3.41e-64	213
seq1389_1ekj	XP_050905492.1	47.4	196	102	1	11	205	50	245	4.30e-64	210
seq1389_1ekj	EEF37661.1	49.2	195	98	1	11	204	120	314	4.32e-64	212
seq1389_1ekj	KAK8469936.1	49.2	195	98	1	11	204	52	246	4.57e-64	210
seq1389_1ekj	XP_002524642.2	49.2	195	98	1	11	204	120	314	5.92e-64	212
seq1389_1ekj	NP_001341715.1	49.2	195	98	1	11	204	122	316	6.48e-64	212
seq1389_1ekj	XP_007223694.1	48.0	196	101	1	11	205	47	242	7.86e-64	209
seq1389_1ekj	XP_021809738.1	48.0	196	101	1	11	205	47	242	7.86e-64	209
seq1389_1ekj	XP_034200196.1	48.0	196	101	1	11	205	47	242	7.86e-64	209
seq1389_1ekj	XP_008221815.1	48.0	196	101	1	11	205	47	242	7.86e-64	209
seq1389_1ekj	XP_050905490.1	47.4	196	102	1	11	205	72	267	8.42e-64	210
seq1389_1ekj	NP_001341716.1	49.2	195	98	1	11	204	122	316	8.87e-64	212
seq1287_1ekj	PNX94445.1	49.3	205	103	1	8	211	41	245	5.42e-62	204
seq1287_1ekj	CAJ2665405.1	49.3	205	103	1	8	211	60	264	6.85e-62	204
seq1287_1ekj	CAJ2665404.1	49.3	205	103	1	8	211	60	264	9.54e-62	204
seq1287_1ekj	XP_045812473.1	49.3	205	103	1	8	211	125	329	4.59e-61	204
seq1287_1ekj	CAJ2665403.1	49.3	205	103	1	8	211	127	331	4.85e-61	204
seq1287_1ekj	KAK2419660.1	49.3	205	103	1	8	211	130	334	5.28e-61	204
seq1287_1ekj	XP_045812472.1	49.3	205	103	1	8	211	125	329	6.24e-61	204
seq1287_1ekj	CAJ2665402.1	49.3	205	103	1	8	211	127	331	6.60e-61	204
seq1287_1ekj	WJX65378.1	49.3	205	103	1	8	211	130	334	7.17e-61	204
seq1287_1ekj	1EKJ_A	48.3	205	105	1	8	211	15	219	6.38e-60	198
seq1287_1ekj	KAJ1416509.1	48.1	206	103	2	9	211	53	257	7.23e-60	199
seq1287_1ekj	XP_058752145.1	48.3	205	105	1	8	211	123	327	2.77e-59	200
seq1287_1ekj	XP_058778668.1	48.3	205	105	1	8	211	123	327	2.77e-59	200
seq1287_1ekj	XP_058752144.1	48.3	205	105	1	8	211	123	327	3.76e-59	200
seq1287_1ekj	XP_058778667.1	48.3	205	105	1	8	211	123	327	3.76e-59	200
seq1287_1ekj	XP_057447455.1	47.1	204	107	1	9	211	53	256	5.56e-59	197
seq1287_1ekj	AES74502.1	47.6	208	108	1	5	211	51	258	6.01e-59	197
seq1287_1ekj	XP_039691177.1	47.6	208	108	1	5	211	51	258	8.36e-59	197
seq1287_1ekj	XP_004489275.1	47.8	205	106	1	8	211	127	331	8.75e-59	199
seq1287_1ekj	NP_001352011.1	47.8	205	106	1	8	211	127	331	1.18e-58	199
seq1287_1ekj	WJX70279.1	47.8	205	106	1	8	211	129	333	1.31e-58	198
seq1287_1ekj	KAI5442402.1	48.3	205	105	1	8	211	122	326	1.48e-58	198
seq1287_1ekj	NP_001414311.1	48.3	205	105	1	8	211	122	326	1.52e-58	198
seq1287_1ekj	KAK2365575.1	47.8	205	106	1	8	211	129	333	1.77e-58	198
seq1287_1ekj	NP_001414310.1	48.3	205	105	1	8	211	122	326	2.06e-58	198
seq1834_1ekj	CAA2973555.1	43.9	196	109	1	9	203	49	244	2.10e-49	172
seq1834_1ekj	XP_022873435.1	43.9	196	109	1	9	203	49	244	2.95e-49	172
seq1834_1ekj	XP_028754392.1	44.6	195	107	1	10	203	50	244	5.77e-49	171
seq1834_1ekj	KAL2500051.1	44.4	196	108	1	9	203	101	296	8.61e-49	173
seq1834_1ekj	XP_028754388.1	44.6	195	107	1	10	203	72	266	1.07e-48	171
seq1834_1ekj	CAA2973552.1	43.9	196	109	1	9	203	115	310	1.28e-48	172
seq1834_1ekj	AZP23791.1	43.9	196	109	1	9	203	106	301	1.43e-48	172
seq1834_1ekj	CAA2933477.1	43.9	196	109	1	9	203	111	306	1.63e-48	172
seq1834_1ekj	XP_022873434.1	43.9	196	109	1	9	203	115	310	1.74e-48	172
seq1834_1ekj	CAA2973551.1	43.9	196	109	1	9	203	115	310	1.74e-48	172
seq1834_1ekj	XP_022884037.1	43.9	196	109	1	9	203	111	306	2.22e-48	172
seq1834_1ekj	KAK9090423.1	42.6	195	111	1	10	203	53	247	2.31e-48	170
seq1834_1ekj	XP_009801271.1	43.4	196	110	1	9	203	50	245	3.43e-48	170
seq1834_1ekj	VVA92302.1	42.4	198	112	1	8	203	48	245	5.02e-48	169
seq1834_1ekj	GAA0143779.1	43.9	196	109	1	9	203	111	306	6.46e-48	171
seq1834_1ekj	AAA34057.1	43.9	196	109	1	9	203	57	252	8.42e-48	169
seq1834_1ekj	XP_050271240.1	40.8	196	115	1	9	203	50	245	9.42e-48	169
seq1834_1ekj	XP_023910380.1	40.8	196	115	1	9	203	50	245	9.42e-48	169
seq1834_1ekj	XP_033514903.1	43.4	196	110	1	9	203	50	245	9.68e-48	169
seq1834_1ekj	XP_006416059.1	41.9	198	113	1	8	203	48	245	1.00e-47	168
seq1834_1ekj	KAG9160517.1	43.9	196	109	1	9	203	157	352	1.03e-47	171
seq1834_1ekj	GAA0161393.1	43.9	196	109	1	9	203	158	353	1.05e-47	171
seq1834_1ekj	XP_016443405.1	43.4	196	110	1	9	203	114	309	1.10e-47	170
seq1834_1ekj	KAK4263223.1	44.6	193	106	1	12	203	52	244	1.34e-47	168
seq1834_1ekj	GMI68401.1	42.9	196	111	1	9	203	87	282	1.36e-47	169
seq1670_1ekj	KAK1301421.1	48.0	200	97	3	1	194	21	219	2.38e-55	186
seq1670_1ekj	KAK1268628.1	47.5	200	98	3	1	194	21	219	3.37e-55	186
seq1670_1ekj	KAI5352337.1	49.5	194	91	3	4	191	73	265	5.13e-55	187
seq1670_1ekj	XP_008221815.1	49.5	194	91	3	4	191	52	244	5.54e-55	186
seq1670_1ekj	XP_034200196.1	49.0	194	92	3	4	191	52	244	7.85e-55	186
seq1670_1ekj	KAH0991663.1	49.5	194	91	3	4	191	73	265	1.03e-54	186
seq1670_1ekj	CAL8994249.1	49.5	194	91	3	4	191	73	265	1.03e-54	186
seq1670_1ekj	XP_016647717.1	49.5	194	91	3	4	191	73	265	1.03e-54	186
seq1670_1ekj	CAL2231331.1	49.5	194	91	3	4	191	73	265	1.03e-54	186
seq1670_1ekj	VVA13421.1	49.0	194	92	3	4	191	73	265	1.45e-54	186
seq1670_1ekj	BBG94075.1	49.5	194	91	3	4	191	112	304	1.55e-54	187
seq1670_1ekj	XP_007223694.1	49.0	194	92	3	4	191	52	244	1.57e-54	185
seq1670_1ekj	XP_024196852.1	46.0	200	101	3	1	194	49	247	1.57e-54	185
seq1670_1ekj	KAK4710537.1	46.7	197	98	3	4	194	54	249	2.36e-54	184
seq1670_1ekj	ONI30484.1	49.0	194	92	3	4	191	68	260	2.52e-54	185
seq1670_1ekj	XP_020410638.1	49.0	194	92	3	4	191	73	265	2.91e-54	185
seq1670_1ekj	XP_024196850.1	46.0	200	101	3	1	194	71	269	3.00e-54	185
seq1670_1ekj	ESQ49965.1	47.0	198	98	2	3	194	57	253	3.76e-54	184
seq1670_1ekj	KAK1326908.1	47.7	197	96	3	4	194	24	219	3.86e-54	183
seq1670_1ekj	KAK1321565.1	48.2	197	95	3	4	194	23	218	5.31e-54	182
seq1670_1ekj	KAG7575570.1	46.5	198	99	2	3	194	57	253	5.33e-54	184
seq1670_1ekj	BAD93915.1	46.5	198	99	2	3	194	57	253	5.33e-54	184
seq1670_1ekj	NP_001326777.1	46.5	198	99	2	3	194	57	253	5.33e-54	184
seq1670_1ekj	XP_021809738.1	49.0	194	92	3	4	191	52	244	6.32e-54	183
seq1670_1ekj	XP_061991818.1	45.5	200	102	3	1	194	49	247	6.32e-54	183
seq2148_1ekj	HEU4709166.1	42.3	208	118	2	9	215	3	209	4.36e-56	188
seq2148_1ekj	MEZ0271718.1	44.9	198	108	1	16	212	10	207	7.45e-56	187
seq2148_1ekj	MCX7626956.1	43.7	206	115	1	9	213	3	208	1.77e-54	184
seq2148_1ekj	MBU1249017.1	41.6	209	121	1	8	215	2	210	1.94e-54	184
seq2148_1ekj	TSA48871.1	43.2	199	112	1	16	213	10	208	2.08e-54	184
seq2148_1ekj	KAI3954414.1	43.1	211	114	2	1	205	41	251	2.48e-54	185
seq2148_1ekj	KZV32947.1	43.3	203	114	1	3	204	45	247	3.22e-54	185
seq2148_1ekj	HYG32223.1	41.3	208	120	2	9	215	3	209	4.04e-54	183
seq2148_1ekj	WP_067112750.1	42.7	199	113	1	15	212	9	207	8.37e-54	182
seq2148_1ekj	MEZ0246729.1	43.9	198	110	1	16	212	10	207	1.38e-53	182
seq2148_1ekj	BAD93915.1	42.7	199	107	2	10	204	52	247	3.66e-53	182
seq2148_1ekj	NP_001326777.1	42.7	199	107	2	10	204	52	247	3.66e-53	182
seq2148_1ekj	PPD93095.1	41.5	205	119	1	1	204	39	243	4.60e-53	182
seq2148_1ekj	XP_016731472.1	41.5	205	119	1	1	204	39	243	4.60e-53	182
seq2148_1ekj	XP_026460118.1	42.9	210	117	2	1	207	41	250	5.02e-53	182
seq2148_1ekj	NP_850490.1	42.7	199	107	2	10	204	52	247	5.04e-53	182
seq2148_1ekj	KAL0720096.1	41.5	212	113	3	1	204	39	247	5.18e-53	182
seq2148_1ekj	KAL1205971.1	41.8	196	113	1	10	204	52	247	5.18e-53	182
seq2148_1ekj	KJB11500.1	42.5	207	114	3	1	204	39	243	6.51e-53	181
seq2148_1ekj	WP_331507230.1	44.2	199	110	1	16	213	10	208	6.76e-53	180
seq2148_1ekj	XP_020590987.1	48.4	186	95	1	10	195	89	273	6.77e-53	183
seq2148_1ekj	XP_056843609.1	41.5	212	113	3	1	204	39	247	7.12e-53	182
seq2148_1ekj	VVB14513.1	42.7	199	107	2	10	204	52	247	7.32e-53	181
seq2148_1ekj	XP_006288492.1	41.6	202	111	2	10	207	52	250	7.32e-53	181
seq2148_1ekj	XP_020590986.1	48.4	186	95	1	10	195	94	278	7.76e-53	183
seq1553_1ekj	XP_007223694.1	47.7	197	102	1	10	205	46	242	8.33e-61	201
seq1553_1ekj	XP_008221815.1	47.7	197	102	1	10	205	46	242	8.33e-61	201
seq1553_1ekj	XP_021809738.1	47.7	197	102	1	10	205	46	242	1.18e-60	201
seq1553_1ekj	ONI30484.1	47.7	197	102	1	10	205	62	258	1.35e-60	201
seq1553_1ekj	XP_020410638.1	47.7	197	102	1	10	205	67	263	1.57e-60	201
seq1553_1ekj	KAH0991663.1	47.7	197	102	1	10	205	67	263	1.57e-60	201
seq1553_1ekj	CAL8994249.1	47.7	197	102	1	10	205	67	263	1.57e-60	201
seq1553_1ekj	XP_016647717.1	47.7	197	102	1	10	205	67	263	1.57e-60	201
seq1553_1ekj	CAL2231331.1	47.7	197	102	1	10	205	67	263	1.57e-60	201
seq1553_1ekj	XP_021809737.1	47.7	197	102	1	10	205	67	263	2.23e-60	201
seq1553_1ekj	PQM41742.1	47.7	197	102	1	10	205	67	263	2.23e-60	201
seq1553_1ekj	XP_034200196.1	47.7	197	102	1	10	205	46	242	2.37e-60	200
seq1553_1ekj	KAK4779655.1	47.2	197	103	1	10	205	48	244	3.56e-60	200
seq1553_1ekj	VVA13421.1	47.7	197	102	1	10	205	67	263	4.46e-60	200
seq1553_1ekj	XP_042982602.1	45.1	204	111	1	3	205	42	245	5.20e-60	199
seq1553_1ekj	KAG2707557.1	45.1	204	111	1	3	205	42	245	5.20e-60	199
seq1553_1ekj	XP_010524306.1	44.6	204	112	1	2	204	40	243	1.01e-59	199
seq1553_1ekj	KAI9111817.1	45.9	205	110	1	2	205	41	245	1.01e-59	199
seq1553_1ekj	XP_041012198.1	45.6	204	110	1	3	205	42	245	1.07e-59	199
seq1553_1ekj	KAG7979625.1	45.1	204	111	1	3	205	42	245	1.48e-59	198
seq1553_1ekj	XP_021645522.2	46.9	196	103	1	11	205	50	245	1.48e-59	198
seq1553_1ekj	KAI5352337.1	47.2	197	103	1	10	205	67	263	1.79e-59	199
seq1553_1ekj	KAJ8773837.1	44.4	205	113	1	2	205	41	245	2.09e-59	198
seq1553_1ekj	XP_006438385.1	44.9	205	112	1	2	205	41	245	2.96e-59	197
seq1553_1ekj	OMO80245.1	46.7	197	104	1	10	205	50	246	3.05e-59	197
seq1363_1ekj	VVA96063.1	45.6	195	105	1	6	199	53	247	3.16e-55	187
seq1363_1ekj	KAL0720096.1	44.6	195	107	1	6	199	53	247	3.23e-55	187
seq1363_1ekj	KAG0464208.1	44.9	196	107	1	6	200	91	286	3.65e-55	188
seq1363_1ekj	XP_048632261.1	44.6	195	107	1	6	199	53	247	4.47e-55	187
seq1363_1ekj	XP_056843609.1	44.6	195	107	1	6	199	53	247	4.47e-55	187
seq1363_1ekj	XP_061991818.1	45.9	196	105	1	6	200	47	242	5.42e-55	186
seq1363_1ekj	XP_024196852.1	45.4	196	106	1	6	200	47	242	7.67e-55	186
seq1363_1ekj	XP_061991817.1	45.9	196	105	1	6	200	69	264	1.03e-54	186
seq1363_1ekj	KAK4598085.1	44.8	194	106	1	8	200	53	246	1.22e-54	186
seq1363_1ekj	BAD93915.1	45.1	195	106	1	6	199	53	247	1.30e-54	186
seq1363_1ekj	NP_001326777.1	45.1	195	106	1	6	199	53	247	1.30e-54	186
seq1363_1ekj	XP_024196850.1	45.4	196	106	1	6	200	69	264	1.46e-54	186
seq1363_1ekj	NP_850490.1	45.1	195	106	1	6	199	53	247	1.79e-54	186
seq1363_1ekj	KAG7575570.1	44.6	195	107	1	6	199	53	247	1.84e-54	185
seq1363_1ekj	KAK4598084.1	44.8	194	106	1	8	200	76	269	2.39e-54	186
seq1363_1ekj	KAG5416655.1	44.6	195	107	1	6	199	127	321	2.61e-54	187
seq1363_1ekj	KAG2318297.1	44.6	195	107	1	6	199	126	320	3.40e-54	187
seq1363_1ekj	XP_018434103.2	44.6	195	107	1	6	199	126	320	3.40e-54	187
seq1363_1ekj	XP_030961077.1	44.8	194	106	1	8	200	53	246	3.47e-54	184
seq1363_1ekj	XP_013670635.2	44.6	195	107	1	6	199	127	321	3.50e-54	187
seq1363_1ekj	ESQ49965.1	44.6	195	107	1	6	199	53	247	3.68e-54	184
seq1363_1ekj	XP_023917146.1	44.8	194	106	1	8	200	53	246	4.91e-54	184
seq1363_1ekj	CAH8334464.1	45.1	195	106	1	6	199	127	321	4.94e-54	187
seq1363_1ekj	XP_030961074.1	44.8	194	106	1	8	200	76	269	6.77e-54	184
seq1363_1ekj	KAF8103743.1	44.1	195	108	1	6	199	124	318	6.79e-54	186
seq834_1ekj	KAJ6803247.1	44.7	197	107	1	9	203	35	231	1.56e-57	192
seq834_1ekj	KAJ6810453.1	44.7	197	107	1	9	203	48	244	2.32e-57	192
seq834_1ekj	KAJ6840344.1	45.2	199	104	2	4	197	50	248	5.08e-56	189
seq834_1ekj	XP_057550852.1	41.1	207	120	1	3	207	112	318	9.51e-56	191
seq834_1ekj	KAG2710385.1	44.8	201	109	1	9	207	118	318	9.70e-56	191
seq834_1ekj	GAV67965.1	44.0	200	110	1	10	207	53	252	1.67e-55	188
seq834_1ekj	XP_042976401.1	44.8	201	109	1	9	207	118	318	1.94e-55	190
seq834_1ekj	KAG6656479.1	44.8	201	109	1	9	207	118	318	2.61e-55	190
seq834_1ekj	XP_018828792.1	44.8	201	109	1	9	207	117	317	2.66e-55	189
seq834_1ekj	KAF5457248.1	44.8	201	109	1	9	207	118	318	2.74e-55	189
seq834_1ekj	XP_052197973.1	44.8	201	109	1	9	207	120	320	2.75e-55	190
seq834_1ekj	XP_018828791.1	44.8	201	109	1	9	207	122	322	3.05e-55	189
seq834_1ekj	KAJ6828437.1	43.1	197	110	1	9	203	31	227	3.63e-55	186
seq834_1ekj	KAJ6852706.1	43.1	197	110	1	9	203	31	227	3.63e-55	186
seq834_1ekj	XP_010524306.1	41.3	208	120	1	2	207	41	248	5.96e-55	186
seq834_1ekj	XP_012081520.1	43.3	201	112	1	9	207	118	318	7.36e-55	189
seq834_1ekj	OAO96051.1	41.8	201	115	1	9	207	49	249	8.69e-55	186
seq834_1ekj	KAJ6822335.1	45.0	191	103	1	9	197	60	250	8.69e-55	186
seq834_1ekj	XP_021598352.1	44.3	201	110	1	9	207	125	325	8.87e-55	189
seq834_1ekj	XP_042446668.1	44.0	193	106	1	8	198	61	253	8.95e-55	186
seq834_1ekj	KAJ6821627.1	45.0	191	103	1	9	197	61	251	8.95e-55	186
seq834_1ekj	KAF5479597.1	44.3	201	110	1	9	207	51	251	9.22e-55	186
seq834_1ekj	KAG8637823.1	41.6	209	120	1	1	207	43	251	9.22e-55	186
seq834_1ekj	NP_001330235.1	41.8	201	115	1	9	207	52	252	9.50e-55	186
seq834_1ekj	CAH8315769.1	41.3	201	116	1	9	207	52	252	9.50e-55	186
seq914_1ekj	KAJ4729222.1	44.7	199	109	1	2	199	110	308	3.46e-57	195
seq914_1ekj	PNX94445.1	46.8	188	99	1	13	199	43	230	5.90e-57	191
seq914_1ekj	PPD93095.1	43.3	210	116	2	1	207	39	248	7.50e-57	191
seq914_1ekj	CAJ2665405.1	46.8	188	99	1	13	199	62	249	1.04e-56	191
seq914_1ekj	KJB11500.1	43.3	210	116	2	1	207	39	248	1.06e-56	191
seq914_1ekj	RZB45880.1	47.6	185	96	1	16	199	57	241	1.16e-56	191
seq914_1ekj	CAJ2665404.1	46.8	188	99	1	13	199	62	249	1.44e-56	191
seq914_1ekj	CAL0298956.1	47.3	188	98	1	13	199	123	310	1.49e-56	193
seq914_1ekj	1EKJ_A	46.8	188	99	1	13	199	17	204	1.52e-56	189
seq914_1ekj	NP_001347327.1	47.6	185	96	1	16	199	57	241	1.61e-56	191
seq914_1ekj	KAE9620120.1	46.8	188	99	1	13	199	116	303	1.73e-56	192
seq914_1ekj	KJB11503.1	43.3	210	116	2	1	207	61	270	2.04e-56	191
seq914_1ekj	XP_016731472.1	42.9	210	117	2	1	207	39	248	3.01e-56	190
seq914_1ekj	XP_020203208.1	46.3	188	100	1	13	199	54	241	3.22e-56	190
seq914_1ekj	GMI68401.1	43.6	204	112	2	7	207	84	287	3.33e-56	191
seq914_1ekj	XP_040871114.1	47.0	185	97	1	16	199	57	241	4.56e-56	190
seq914_1ekj	XP_016712807.1	43.3	210	116	2	1	207	106	315	5.16e-56	191
seq914_1ekj	KAB2022987.1	43.3	210	116	2	1	207	106	315	5.16e-56	191
seq914_1ekj	KAH9790692.1	45.2	188	102	1	13	199	53	240	6.41e-56	189
seq914_1ekj	KAK8469936.1	45.7	188	101	1	13	199	54	241	6.60e-56	189
seq914_1ekj	XP_045812473.1	46.8	188	99	1	13	199	127	314	6.61e-56	191
seq914_1ekj	CAJ2665403.1	46.8	188	99	1	13	199	129	316	6.98e-56	191
seq914_1ekj	XP_012444299.1	43.3	210	116	2	1	207	106	315	7.30e-56	191
seq914_1ekj	KAK2419660.1	46.8	188	99	1	13	199	132	319	7.57e-56	191
seq914_1ekj	XP_019428618.1	46.3	188	100	1	13	199	124	311	8.60e-56	191
seq1729_1ekj	KAH7651058.1	42.9	205	114	2	2	204	47	250	7.69e-54	184
seq1729_1ekj	XP_044491886.1	41.9	203	114	3	13	213	52	252	6.95e-53	181
seq1729_1ekj	KAH7651059.1	42.5	200	112	2	7	204	1	199	1.06e-52	179
seq1729_1ekj	KAJ4972766.1	43.3	194	107	2	13	204	115	307	1.45e-52	182
seq1729_1ekj	XP_027097699.1	43.8	203	110	3	13	213	52	252	2.79e-52	180
seq1729_1ekj	KAI3846975.1	42.2	204	116	2	13	215	144	346	4.40e-52	182
seq1729_1ekj	XP_027097698.1	43.8	203	110	3	13	213	74	274	5.25e-52	180
seq1729_1ekj	XP_021645522.2	42.6	202	110	3	13	212	52	249	5.58e-52	179
seq1729_1ekj	KAJ0985847.1	41.9	203	117	1	3	204	53	255	8.12e-52	179
seq1729_1ekj	KAH0984749.1	42.4	203	113	3	13	213	71	271	1.32e-51	179
seq1729_1ekj	CAI9092918.1	42.4	203	113	3	13	213	50	250	1.53e-51	178
seq1729_1ekj	XP_042502755.1	39.8	211	125	2	4	213	43	252	1.58e-51	178
seq1729_1ekj	XP_042502754.1	39.8	211	125	2	4	213	43	252	2.17e-51	178
seq1729_1ekj	KAF2286644.1	42.6	202	110	3	13	212	52	249	2.35e-51	179
seq1729_1ekj	CAA0237183.1	40.4	208	119	2	7	212	46	250	3.35e-51	177
seq1729_1ekj	KAG7647367.1	40.4	208	119	2	7	212	46	250	3.35e-51	177
seq1729_1ekj	VYS47026.1	40.4	208	119	2	7	212	46	250	3.35e-51	177
seq1729_1ekj	NP_001321762.1	40.4	208	119	2	7	212	46	250	3.35e-51	177
seq1729_1ekj	XP_059450084.1	42.3	208	115	3	1	204	107	313	3.60e-51	179
seq1729_1ekj	KAH0984834.1	42.4	203	113	3	13	213	122	322	3.91e-51	179
seq1729_1ekj	CAL2250499.1	42.4	203	113	3	13	213	122	322	3.91e-51	179
seq1729_1ekj	XP_042502756.1	39.8	211	125	2	4	213	64	273	3.93e-51	178
seq1729_1ekj	XP_027100017.1	42.9	203	112	3	13	213	52	252	4.47e-51	177
seq1729_1ekj	XP_027151273.1	42.9	203	112	3	13	213	52	252	4.47e-51	177
seq1729_1ekj	XP_010533173.1	41.1	202	114	2	13	212	52	250	4.60e-51	177
seq1731_1ekj	KAK9090423.1	46.9	196	97	2	13	204	55	247	1.18e-61	204
seq1731_1ekj	KAH7651059.1	46.7	197	102	2	10	204	4	199	4.06e-60	198
seq1731_1ekj	KAK9113749.1	45.9	196	99	2	13	204	55	247	5.42e-60	199
seq1731_1ekj	KAK9104466.1	45.9	196	99	2	13	204	55	247	7.68e-60	199
seq1731_1ekj	KAH7651058.1	46.7	197	102	2	10	204	55	250	1.99e-59	198
seq1731_1ekj	KAJ0985847.1	45.1	206	105	3	2	204	55	255	3.28e-59	197
seq1731_1ekj	KAJ4972766.1	43.3	208	111	2	1	204	103	307	3.55e-59	199
seq1731_1ekj	CAL9129461.1	44.3	201	107	2	8	205	6	204	3.74e-59	196
seq1731_1ekj	KAI3954414.1	45.5	198	107	1	10	206	55	252	3.82e-59	197
seq1731_1ekj	XP_009411255.2	43.8	201	108	2	8	205	2	200	4.67e-59	195
seq1731_1ekj	XP_018684191.2	43.8	201	108	2	8	205	6	204	5.30e-59	195
seq1731_1ekj	XP_043704953.1	42.8	208	112	2	1	204	40	244	8.01e-59	196
seq1731_1ekj	WOK91551.1	44.0	200	107	2	8	204	59	256	9.04e-59	196
seq1731_1ekj	XP_064971533.1	43.8	201	108	2	8	205	2	200	9.38e-59	194
seq1731_1ekj	XP_065049501.1	43.8	201	108	2	8	205	2	200	9.38e-59	194
seq1731_1ekj	XP_064971531.1	43.8	201	108	2	8	205	6	204	1.06e-58	194
seq1731_1ekj	XP_065049500.1	43.8	201	108	2	8	205	6	204	1.06e-58	194
seq1731_1ekj	KZV23913.1	44.8	201	110	1	5	204	118	318	1.37e-58	198
seq1731_1ekj	KAI3983246.1	45.5	198	106	2	10	205	64	261	1.46e-58	196
seq1731_1ekj	KJB11500.1	43.3	201	113	1	5	204	43	243	1.76e-58	196
seq1731_1ekj	PPD93095.1	43.3	201	113	1	5	204	43	243	1.76e-58	196
seq1731_1ekj	XP_006416059.1	40.3	206	121	1	2	205	41	246	1.92e-58	196
seq1731_1ekj	XP_016731472.1	43.3	201	113	1	5	204	43	243	2.49e-58	195
seq1731_1ekj	THU63562.1	44.5	200	108	2	8	205	2	200	2.67e-58	193
seq1731_1ekj	XP_040871114.1	45.3	203	104	2	6	204	47	246	2.68e-58	196
seq1364_1ekj	KAJ9683431.1	44.1	195	108	1	8	201	49	243	3.02e-54	185
seq1364_1ekj	KAJ9683430.1	44.1	195	108	1	8	201	49	243	3.02e-54	185
seq1364_1ekj	XP_034200196.1	44.2	206	112	2	1	205	39	242	5.21e-54	184
seq1364_1ekj	XP_015879249.3	44.6	195	107	1	8	201	46	240	5.40e-54	184
seq1364_1ekj	XP_024928134.3	44.6	195	107	1	8	201	54	248	6.81e-54	184
seq1364_1ekj	VVA13421.1	44.2	206	112	2	1	205	60	263	9.63e-54	184
seq1364_1ekj	XP_021809738.1	43.3	208	114	2	2	205	35	242	1.04e-53	183
seq1364_1ekj	XP_007223694.1	43.7	206	113	2	1	205	39	242	1.48e-53	183
seq1364_1ekj	XP_008221815.1	43.7	206	113	2	1	205	39	242	1.48e-53	183
seq1364_1ekj	XP_021809737.1	43.3	208	114	2	2	205	56	263	1.93e-53	183
seq1364_1ekj	PQM41742.1	43.3	208	114	2	2	205	56	263	1.93e-53	183
seq1364_1ekj	KAJ9683432.1	44.1	195	108	1	8	201	115	309	1.95e-53	185
seq1364_1ekj	ONI30484.1	43.7	206	113	2	1	205	55	258	2.36e-53	183
seq1364_1ekj	KAJ9683433.1	44.1	195	108	1	8	201	115	309	2.61e-53	185
seq1364_1ekj	KAI5352337.1	43.5	207	112	3	1	205	60	263	2.73e-53	183
seq1364_1ekj	XP_020410638.1	43.7	206	113	2	1	205	60	263	2.73e-53	183
seq1364_1ekj	KAH0991663.1	43.7	206	113	2	1	205	60	263	2.73e-53	183
seq1364_1ekj	CAL8994249.1	43.7	206	113	2	1	205	60	263	2.73e-53	183
seq1364_1ekj	XP_016647717.1	43.7	206	113	2	1	205	60	263	2.73e-53	183
seq1364_1ekj	CAL2231331.1	43.7	206	113	2	1	205	60	263	2.73e-53	183
seq1364_1ekj	XP_015879248.3	44.6	195	107	1	8	201	112	306	3.41e-53	184
seq1364_1ekj	XP_010524306.1	40.9	215	122	2	1	210	39	253	6.29e-53	181
seq1364_1ekj	BBG94075.1	43.5	207	112	3	1	205	99	302	8.13e-53	183
seq1364_1ekj	XP_010108776.1	44.5	200	110	1	3	201	107	306	9.60e-53	183
seq1364_1ekj	KAK4603676.1	42.8	201	114	1	2	201	42	242	2.60e-52	180
seq1496_1ekj	XP_034200196.1	45.7	199	107	1	8	205	44	242	1.76e-57	193
seq1496_1ekj	XP_007223694.1	45.7	199	107	1	8	205	44	242	2.49e-57	192
seq1496_1ekj	XP_008221815.1	45.7	199	107	1	8	205	44	242	2.49e-57	192
seq1496_1ekj	VVA13421.1	45.7	199	107	1	8	205	65	263	3.29e-57	193
seq1496_1ekj	XP_021809738.1	45.7	199	107	1	8	205	44	242	3.52e-57	192
seq1496_1ekj	ONI30484.1	45.7	199	107	1	8	205	60	258	4.01e-57	192
seq1496_1ekj	XP_020410638.1	45.7	199	107	1	8	205	65	263	4.65e-57	192
seq1496_1ekj	KAH0991663.1	45.7	199	107	1	8	205	65	263	4.65e-57	192
seq1496_1ekj	CAL8994249.1	45.7	199	107	1	8	205	65	263	4.65e-57	192
seq1496_1ekj	XP_016647717.1	45.7	199	107	1	8	205	65	263	4.65e-57	192
seq1496_1ekj	CAL2231331.1	45.7	199	107	1	8	205	65	263	4.65e-57	192
seq1496_1ekj	XP_024196852.1	45.2	199	108	1	8	205	44	242	4.99e-57	192
seq1496_1ekj	XP_021809737.1	45.7	199	107	1	8	205	65	263	6.58e-57	192
seq1496_1ekj	PQM41742.1	45.7	199	107	1	8	205	65	263	6.58e-57	192
seq1496_1ekj	XP_024196850.1	45.2	199	108	1	8	205	66	264	9.59e-57	192
seq1496_1ekj	XP_061991818.1	44.7	199	109	1	8	205	44	242	1.00e-56	191
seq1496_1ekj	KAI5352337.1	45.2	199	108	1	8	205	65	263	1.32e-56	191
seq1496_1ekj	XP_008340028.1	44.3	201	111	1	6	205	43	243	1.46e-56	191
seq1496_1ekj	GAV81280.1	44.2	199	110	1	8	205	46	244	1.50e-56	191
seq1496_1ekj	XP_061991817.1	44.7	199	109	1	8	205	66	264	1.92e-56	191
seq1496_1ekj	XP_010533173.1	41.5	207	119	1	1	205	40	246	2.26e-56	190
seq1496_1ekj	KAJ9683431.1	41.4	198	115	1	8	204	49	246	2.33e-56	190
seq1496_1ekj	KAJ9683430.1	41.4	198	115	1	8	204	49	246	2.33e-56	190
seq1496_1ekj	BBG94075.1	45.2	199	108	1	8	205	104	302	4.02e-56	191
seq1496_1ekj	XP_010533166.1	41.5	207	119	1	1	205	63	269	4.45e-56	190
seq720_1ekj	PNX94445.1	47.5	198	103	1	14	210	43	240	2.04e-60	200
seq720_1ekj	CAJ2665405.1	47.5	198	103	1	14	210	62	259	3.64e-60	200
seq720_1ekj	CAJ2665404.1	47.5	198	103	1	14	210	62	259	5.06e-60	200
seq720_1ekj	XP_045812473.1	47.5	198	103	1	14	210	127	324	2.40e-59	200
seq720_1ekj	CAJ2665403.1	47.5	198	103	1	14	210	129	326	2.53e-59	200
seq720_1ekj	KAK2419660.1	47.5	198	103	1	14	210	132	329	2.75e-59	200
seq720_1ekj	XP_045812472.1	47.5	198	103	1	14	210	127	324	3.25e-59	200
seq720_1ekj	CAJ2665402.1	47.5	198	103	1	14	210	129	326	3.43e-59	200
seq720_1ekj	WJX65378.1	47.5	198	103	1	14	210	132	329	3.73e-59	200
seq720_1ekj	XP_057550852.1	47.1	191	100	1	11	200	118	308	1.60e-58	198
seq720_1ekj	1EKJ_A	46.5	198	105	1	14	210	17	214	4.83e-58	193
seq720_1ekj	KAI4350693.1	47.1	191	100	1	11	200	125	315	5.31e-58	197
seq720_1ekj	AES74502.1	44.9	207	113	1	5	210	47	253	1.12e-57	194
seq720_1ekj	XP_039691177.1	44.9	207	113	1	5	210	47	253	1.56e-57	194
seq720_1ekj	XP_022158917.1	46.1	193	103	1	9	200	47	239	1.96e-57	193
seq720_1ekj	XP_010496563.1	44.6	195	107	1	7	200	122	316	2.18e-57	196
seq720_1ekj	WJX70279.1	47.3	188	98	1	14	200	131	318	2.41e-57	195
seq720_1ekj	XP_034200196.1	45.7	199	107	1	3	200	38	236	2.58e-57	192
seq720_1ekj	XP_008221815.1	46.2	199	106	1	3	200	38	236	2.58e-57	192
seq720_1ekj	CAK8533651.1	47.0	198	104	1	14	210	124	321	2.81e-57	195
seq720_1ekj	XP_004489275.1	46.3	201	103	2	14	209	129	329	3.22e-57	195
seq720_1ekj	KAK2365575.1	47.3	188	98	1	14	200	131	318	3.24e-57	195
seq720_1ekj	CAK8533650.1	47.0	198	104	1	14	210	124	321	3.79e-57	195
seq720_1ekj	XP_038903096.1	46.1	193	103	1	9	200	49	241	4.16e-57	192
seq720_1ekj	NP_001352011.1	46.3	201	103	2	14	209	129	329	4.34e-57	195
seq1977_1ekj	KAH9790692.1	43.4	205	106	3	9	209	50	248	2.91e-53	182
seq1977_1ekj	ESR59741.1	43.9	205	105	4	9	209	36	234	3.85e-53	182
seq1977_1ekj	KAH9790691.1	43.4	205	106	3	9	209	50	248	4.13e-53	182
seq1977_1ekj	XP_006446504.1	43.9	205	105	4	9	209	50	248	5.82e-53	182
seq1977_1ekj	XP_006470328.2	43.9	205	105	4	9	209	50	248	8.25e-53	182
seq1977_1ekj	KAK9221400.1	43.4	205	106	3	9	209	115	313	9.08e-53	183
seq1977_1ekj	ESR59745.1	43.9	205	105	4	9	209	77	275	1.27e-52	182
seq1977_1ekj	KDO66161.1	43.9	205	105	4	9	209	77	275	1.27e-52	182
seq1977_1ekj	XP_052290973.1	43.9	205	105	4	9	209	77	275	1.78e-52	182
seq1977_1ekj	KAH9790690.1	43.4	205	106	3	9	209	115	313	1.81e-52	182
seq1977_1ekj	PNX94445.1	44.9	198	105	2	10	206	41	235	2.46e-52	180
seq1977_1ekj	KAH9790689.1	43.4	205	106	3	9	209	115	313	2.49e-52	182
seq1977_1ekj	XP_056169659.1	43.5	207	107	3	7	209	48	248	3.21e-52	180
seq1977_1ekj	XP_006446502.1	43.9	205	105	4	9	209	115	313	3.61e-52	182
seq1977_1ekj	CAJ2665405.1	44.9	198	105	2	10	206	60	254	4.29e-52	180
seq1977_1ekj	XP_006470326.2	43.9	205	105	4	9	209	115	313	4.97e-52	182
seq1977_1ekj	CAJ2665404.1	44.9	198	105	2	10	206	60	254	5.87e-52	180
seq1977_1ekj	KDO66164.1	44.1	202	103	4	9	206	115	310	7.57e-52	181
seq1977_1ekj	XP_022158917.1	42.9	212	111	3	2	209	42	247	1.25e-51	179
seq1977_1ekj	XP_039017007.1	41.1	209	113	3	7	211	21	223	1.69e-51	177
seq1977_1ekj	KAI4350693.1	45.0	202	101	3	9	206	125	320	1.77e-51	181
seq1977_1ekj	XP_030469949.2	43.5	207	107	3	7	209	121	321	2.37e-51	180
seq1977_1ekj	CCW28006.1	42.6	202	112	2	9	209	121	319	2.38e-51	180
seq1977_1ekj	XP_045812473.1	44.9	198	105	2	10	206	125	319	2.58e-51	180
seq1977_1ekj	URD75014.1	43.2	206	105	3	6	206	1	199	2.64e-51	176
seq2104_1ekj	CAL9759531.1	43.6	202	107	3	7	204	1	199	2.29e-54	183
seq2104_1ekj	URD73790.1	42.6	202	109	3	7	204	1	199	4.59e-54	182
seq2104_1ekj	KAJ8497916.1	43.6	202	107	3	7	204	1	199	6.51e-54	182
seq2104_1ekj	XP_064948306.1	43.1	202	108	3	7	204	1	199	6.51e-54	182
seq2104_1ekj	XP_009402540.2	43.1	202	108	3	7	204	1	199	6.51e-54	182
seq2104_1ekj	CAL9081285.1	43.1	202	108	3	7	204	1	199	9.22e-54	181
seq2104_1ekj	1EKJ_A	41.9	203	117	1	3	204	7	209	1.21e-53	182
seq2104_1ekj	XP_008782456.1	41.7	199	115	1	7	204	1	199	1.31e-53	181
seq2104_1ekj	THU63562.1	43.1	202	108	3	7	204	1	199	1.31e-53	181
seq2104_1ekj	PNX94445.1	41.9	203	117	1	3	204	33	235	3.73e-53	181
seq2104_1ekj	CAJ2665405.1	41.9	203	117	1	3	204	52	254	6.52e-53	181
seq2104_1ekj	CAJ2665404.1	41.9	203	117	1	3	204	52	254	8.94e-53	181
seq2104_1ekj	KAI5442402.1	41.9	203	117	1	3	204	114	316	2.51e-52	182
seq2104_1ekj	NP_001414311.1	41.9	203	117	1	3	204	114	316	2.58e-52	182
seq2104_1ekj	NP_001414310.1	41.9	203	117	1	3	204	114	316	3.45e-52	182
seq2104_1ekj	XP_045812473.1	41.9	203	117	1	3	204	117	319	3.95e-52	181
seq2104_1ekj	CAJ2665403.1	41.9	203	117	1	3	204	119	321	4.16e-52	181
seq2104_1ekj	XP_045812472.1	41.9	203	117	1	3	204	117	319	5.26e-52	181
seq2104_1ekj	KAJ8431123.1	42.9	196	111	1	10	204	48	243	5.38e-52	179
seq2104_1ekj	CAJ2665402.1	41.9	203	117	1	3	204	119	321	5.54e-52	181
seq2104_1ekj	XP_050381151.1	41.4	203	118	1	3	204	110	312	9.24e-52	180
seq2104_1ekj	AAA33652.1	41.4	203	118	1	3	204	115	317	1.05e-51	180
seq2104_1ekj	KAK4261313.1	41.9	203	117	1	3	204	42	244	1.08e-51	178
seq2104_1ekj	URD75014.1	42.7	199	113	1	7	204	1	199	1.14e-51	176
seq2104_1ekj	XP_010108776.1	42.2	199	114	1	7	204	111	309	1.61e-51	180
seq2144_1ekj	KAJ0985847.1	46.2	199	106	1	9	206	57	255	1.10e-58	196
seq2144_1ekj	XP_022158917.1	47.7	199	97	2	12	206	49	244	4.22e-58	195
seq2144_1ekj	PNX94445.1	46.7	195	103	1	13	206	41	235	6.56e-58	194
seq2144_1ekj	KAL1189840.1	42.3	208	115	2	5	207	61	268	8.77e-58	194
seq2144_1ekj	CAJ2665405.1	46.7	195	103	1	13	206	60	254	1.16e-57	194
seq2144_1ekj	CAJ2665404.1	46.7	195	103	1	13	206	60	254	1.61e-57	194
seq2144_1ekj	XP_022158916.1	47.7	199	97	2	12	206	122	317	2.50e-57	195
seq2144_1ekj	KAH7685945.1	43.0	200	113	1	9	207	1	200	2.56e-57	191
seq2144_1ekj	KAI4350693.1	47.3	201	99	2	10	206	123	320	2.59e-57	195
seq2144_1ekj	XP_022158915.1	47.7	199	97	2	12	206	122	317	3.37e-57	195
seq2144_1ekj	KAJ6852706.1	43.0	200	113	1	9	207	28	227	5.77e-57	191
seq2144_1ekj	GLT50346.1	44.2	197	109	1	12	207	50	246	7.15e-57	191
seq2144_1ekj	XP_039121053.1	43.0	200	113	1	9	207	1	200	7.30e-57	189
seq2144_1ekj	KAF8102237.1	42.3	208	115	2	5	207	39	246	7.37e-57	191
seq2144_1ekj	XP_045812473.1	46.7	195	103	1	13	206	125	319	7.45e-57	194
seq2144_1ekj	CAJ2665403.1	46.7	195	103	1	13	206	127	321	7.87e-57	194
seq2144_1ekj	KAI3975630.1	45.7	197	106	1	12	207	53	249	8.06e-57	191
seq2144_1ekj	KAJ6828437.1	43.0	200	113	1	9	207	28	227	8.17e-57	190
seq2144_1ekj	KAK2419660.1	46.7	195	103	1	13	206	130	324	8.54e-57	194
seq2144_1ekj	XP_039017007.1	43.3	208	111	2	3	206	14	218	8.96e-57	190
seq2144_1ekj	KAJ6803247.1	43.0	200	113	1	9	207	32	231	9.24e-57	190
seq2144_1ekj	KAJ6822335.1	43.9	196	109	1	12	206	60	255	9.83e-57	191
seq2144_1ekj	XP_045812472.1	46.7	195	103	1	13	206	125	319	1.00e-56	194
seq2144_1ekj	KAJ6821627.1	43.9	196	109	1	12	206	61	256	1.01e-56	191
seq2144_1ekj	CAJ2665402.1	46.7	195	103	1	13	206	127	321	1.06e-56	194
seq1904_1ekj	KAI4350693.1	49.0	196	91	2	13	203	131	322	1.23e-59	201
seq1904_1ekj	XP_030496288.1	46.2	195	104	1	13	206	55	249	6.58e-59	197
seq1904_1ekj	1EKJ_A	46.6	193	102	1	13	204	20	212	8.76e-59	195
seq1904_1ekj	XP_034200196.1	45.6	195	105	1	13	206	52	246	1.17e-58	196
seq1904_1ekj	XP_030496287.1	46.2	195	104	1	13	206	75	269	1.20e-58	197
seq1904_1ekj	KAI5352337.1	45.6	195	105	1	13	206	73	267	1.55e-58	196
seq1904_1ekj	KAK4784527.1	46.7	195	103	1	13	206	105	299	1.96e-58	197
seq1904_1ekj	VVA13421.1	45.6	195	105	1	13	206	73	267	2.19e-58	196
seq1904_1ekj	XP_008221815.1	45.6	195	105	1	13	206	52	246	3.32e-58	195
seq1904_1ekj	BBG94075.1	45.6	195	105	1	13	206	112	306	4.79e-58	196
seq1904_1ekj	XP_058752145.1	48.0	196	95	2	13	204	128	320	5.30e-58	197
seq1904_1ekj	XP_058778668.1	48.0	196	95	2	13	204	128	320	5.30e-58	197
seq1904_1ekj	PNX94445.1	46.6	193	102	1	13	204	46	238	5.55e-58	194
seq1904_1ekj	KAH0991663.1	45.6	195	105	1	13	206	73	267	6.22e-58	195
seq1904_1ekj	CAL8994249.1	45.6	195	105	1	13	206	73	267	6.22e-58	195
seq1904_1ekj	XP_016647717.1	45.6	195	105	1	13	206	73	267	6.22e-58	195
seq1904_1ekj	CAL2231331.1	45.6	195	105	1	13	206	73	267	6.22e-58	195
seq1904_1ekj	XP_007223694.1	45.1	195	106	1	13	206	52	246	6.65e-58	194
seq1904_1ekj	XP_058752144.1	48.0	196	95	2	13	204	128	320	7.17e-58	197
seq1904_1ekj	XP_058778667.1	48.0	196	95	2	13	204	128	320	7.17e-58	197
seq1904_1ekj	XP_062110308.1	46.2	195	104	1	13	206	55	249	7.51e-58	194
seq1904_1ekj	XP_016190213.1	45.6	195	105	1	13	206	55	249	7.51e-58	194
seq1904_1ekj	XP_047982195.1	45.6	193	104	1	13	204	60	252	8.98e-58	194
seq1904_1ekj	XP_043704953.1	46.6	193	102	1	13	204	55	247	9.14e-58	194
seq1904_1ekj	CAJ2665405.1	46.6	193	102	1	13	204	65	257	9.83e-58	194
seq1360_1ekj	XP_007223694.1	42.9	205	114	2	1	204	40	242	8.85e-55	186
seq1360_1ekj	XP_008221815.1	42.9	205	114	2	1	204	40	242	8.85e-55	186
seq1360_1ekj	ONI30484.1	42.9	205	114	2	1	204	56	258	1.42e-54	186
seq1360_1ekj	XP_020410638.1	42.9	205	114	2	1	204	61	263	1.64e-54	186
seq1360_1ekj	KAH0991663.1	42.9	205	114	2	1	204	61	263	1.64e-54	186
seq1360_1ekj	CAL8994249.1	42.9	205	114	2	1	204	61	263	1.64e-54	186
seq1360_1ekj	XP_016647717.1	42.9	205	114	2	1	204	61	263	1.64e-54	186
seq1360_1ekj	CAL2231331.1	42.9	205	114	2	1	204	61	263	1.64e-54	186
seq1360_1ekj	XP_034200196.1	42.9	205	114	2	1	204	40	242	1.77e-54	185
seq1360_1ekj	KAJ9683431.1	40.7	204	119	2	2	203	43	246	2.06e-54	185
seq1360_1ekj	KAJ9683430.1	40.7	204	119	2	2	203	43	246	2.06e-54	185
seq1360_1ekj	XP_006416059.1	40.8	196	114	1	10	203	50	245	2.91e-54	185
seq1360_1ekj	VVA13421.1	42.9	205	114	2	1	204	61	263	3.28e-54	185
seq1360_1ekj	XP_039017007.1	42.0	200	115	1	5	203	19	218	7.16e-54	183
seq1360_1ekj	KAI5352337.1	42.4	205	115	2	1	204	61	263	1.31e-53	184
seq1360_1ekj	KAJ9683432.1	40.7	204	119	2	2	203	109	312	1.33e-53	185
seq1360_1ekj	XP_021809738.1	43.1	202	112	2	4	204	43	242	1.43e-53	183
seq1360_1ekj	GLT50346.1	41.5	205	117	2	1	204	44	246	1.60e-53	183
seq1360_1ekj	XP_010660912.1	41.2	204	118	2	2	203	43	246	1.61e-53	183
seq1360_1ekj	KAJ9683433.1	40.7	204	119	2	2	203	109	312	1.79e-53	185
seq1360_1ekj	GMI68401.1	44.5	200	110	1	5	203	83	282	2.32e-53	184
seq1360_1ekj	XP_021809737.1	43.1	202	112	2	4	204	64	263	2.63e-53	183
seq1360_1ekj	PQM41742.1	43.1	202	112	2	4	204	64	263	2.63e-53	183
seq1360_1ekj	VVA92302.1	40.3	196	115	1	10	203	50	245	3.31e-53	182
seq1360_1ekj	BBG94075.1	42.4	205	115	2	1	204	100	302	3.93e-53	184
seq1436_1ekj	CAH8315769.1	44.3	194	107	1	12	204	55	248	4.07e-57	192
seq1436_1ekj	XP_021809738.1	44.3	194	107	1	12	204	49	242	1.93e-56	190
seq1436_1ekj	XP_034200196.1	43.4	205	113	2	1	204	40	242	1.93e-56	190
seq1436_1ekj	XP_007223694.1	43.4	205	113	2	1	204	40	242	2.74e-56	190
seq1436_1ekj	XP_008221815.1	43.4	205	113	2	1	204	40	242	2.74e-56	190
seq1436_1ekj	KAJ9683431.1	43.5	193	108	1	12	203	54	246	3.18e-56	190
seq1436_1ekj	KAJ9683430.1	43.5	193	108	1	12	203	54	246	3.18e-56	190
seq1436_1ekj	XP_021809737.1	44.3	194	107	1	12	204	70	263	3.60e-56	190
seq1436_1ekj	PQM41742.1	44.3	194	107	1	12	204	70	263	3.60e-56	190
seq1436_1ekj	VVA13421.1	43.4	205	113	2	1	204	61	263	3.60e-56	190
seq1436_1ekj	ONI30484.1	43.4	205	113	2	1	204	56	258	4.40e-56	190
seq1436_1ekj	XP_020410638.1	43.4	205	113	2	1	204	61	263	5.10e-56	190
seq1436_1ekj	KAH0991663.1	43.4	205	113	2	1	204	61	263	5.10e-56	190
seq1436_1ekj	CAL8994249.1	43.4	205	113	2	1	204	61	263	5.10e-56	190
seq1436_1ekj	XP_016647717.1	43.4	205	113	2	1	204	61	263	5.10e-56	190
seq1436_1ekj	CAL2231331.1	43.4	205	113	2	1	204	61	263	5.10e-56	190
seq1436_1ekj	VVA96063.1	43.5	193	108	1	12	203	55	247	6.42e-56	189
seq1436_1ekj	XP_009126004.1	43.3	194	109	1	12	204	55	248	6.56e-56	189
seq1436_1ekj	XP_013726182.2	43.3	194	109	1	12	204	55	248	6.56e-56	189
seq1436_1ekj	XP_038998343.1	42.1	214	123	1	1	213	108	321	7.11e-56	191
seq1436_1ekj	XP_057550852.1	44.6	204	111	2	2	203	110	313	7.50e-56	191
seq1436_1ekj	KAG7555283.1	43.4	196	110	1	10	204	53	248	9.29e-56	189
seq1436_1ekj	GMI68401.1	45.6	193	104	1	12	203	90	282	1.28e-55	189
seq1436_1ekj	XP_019090463.1	44.6	193	106	1	12	203	55	247	1.32e-55	188
seq1436_1ekj	KAI5352337.1	42.9	205	114	2	1	204	61	263	1.44e-55	189
seq1420_1ekj	XP_041012198.1	46.2	195	104	1	12	205	51	245	3.05e-59	197
seq1420_1ekj	KAF8040810.1	45.1	195	106	1	12	205	50	244	4.07e-59	197
seq1420_1ekj	GAV81280.1	47.7	195	101	1	12	205	50	244	4.07e-59	197
seq1420_1ekj	KAK4779655.1	47.2	195	102	1	12	205	50	244	5.76e-59	197
seq1420_1ekj	KAF8040806.1	45.1	195	106	1	12	205	72	266	7.86e-59	197
seq1420_1ekj	XP_030449298.1	46.2	195	104	1	12	205	50	244	2.32e-58	195
seq1420_1ekj	KAK4785691.1	46.7	195	103	1	12	205	71	265	3.06e-58	196
seq1420_1ekj	XP_056165726.1	46.2	195	104	1	12	205	73	267	4.60e-58	195
seq1420_1ekj	KAK4763685.1	48.0	196	100	2	12	205	50	245	1.36e-57	193
seq1420_1ekj	KAI6686566.1	45.0	211	110	2	1	205	64	274	1.64e-57	196
seq1420_1ekj	KAI9111817.1	46.2	195	104	1	12	205	51	245	1.87e-57	193
seq1420_1ekj	XP_018851414.1	44.1	195	108	1	12	205	51	245	1.98e-57	193
seq1420_1ekj	XP_030511681.1	45.1	195	106	1	12	205	50	244	2.64e-57	192
seq1420_1ekj	XP_021631660.1	44.7	197	108	1	10	205	49	245	2.72e-57	192
seq1420_1ekj	XP_042982602.1	45.1	195	106	1	12	205	51	245	3.86e-57	192
seq1420_1ekj	KAG2707557.1	45.1	195	106	1	12	205	51	245	3.86e-57	192
seq1420_1ekj	XP_021631658.1	44.7	197	108	1	10	205	71	267	5.23e-57	192
seq1420_1ekj	XP_043805159.1	44.7	197	108	1	10	205	72	268	5.38e-57	192
seq1420_1ekj	KAJ8773837.1	45.1	195	106	1	12	205	51	245	5.46e-57	192
seq1420_1ekj	XP_034200196.1	46.7	195	103	1	12	205	48	242	7.07e-57	191
seq1420_1ekj	XP_007223694.1	46.7	195	103	1	12	205	48	242	1.00e-56	191
seq1420_1ekj	XP_021809738.1	46.7	195	103	1	12	205	48	242	1.00e-56	191
seq1420_1ekj	XP_008221815.1	46.7	195	103	1	12	205	48	242	1.00e-56	191
seq1420_1ekj	KAK4762860.1	48.0	196	100	2	12	205	159	354	1.03e-56	194
seq1420_1ekj	XP_057528771.1	46.7	195	103	1	12	205	60	254	1.04e-56	191
seq1513_1ekj	1EKJ_A	44.8	194	106	1	12	204	16	209	2.32e-58	194
seq1513_1ekj	GAV81280.1	44.1	204	110	2	6	205	41	244	4.65e-58	194
seq1513_1ekj	XP_021631660.1	44.2	197	109	1	10	205	49	245	4.79e-58	194
seq1513_1ekj	XP_021631658.1	44.2	197	109	1	10	205	71	267	9.21e-58	194
seq1513_1ekj	XP_043805159.1	44.2	197	109	1	10	205	72	268	9.49e-58	194
seq1513_1ekj	KAI4350693.1	45.4	194	105	1	12	204	127	320	1.02e-57	196
seq1513_1ekj	KAK4779655.1	46.2	195	104	1	12	205	50	244	1.32e-57	193
seq1513_1ekj	XP_041012198.1	44.1	195	108	1	12	205	51	245	1.98e-57	193
seq1513_1ekj	XP_057447455.1	44.8	194	106	1	12	204	53	246	2.83e-57	193
seq1513_1ekj	KAJ9683431.1	43.7	190	106	1	16	204	57	246	2.89e-57	192
seq1513_1ekj	KAJ9683430.1	43.7	190	106	1	16	204	57	246	2.89e-57	192
seq1513_1ekj	PNX94445.1	44.8	194	106	1	12	204	42	235	2.94e-57	192
seq1513_1ekj	CAJ2665405.1	44.8	194	106	1	12	204	61	254	5.20e-57	192
seq1513_1ekj	KAI5442402.1	44.8	194	106	1	12	204	123	316	5.26e-57	194
seq1513_1ekj	NP_001414311.1	44.8	194	106	1	12	204	123	316	5.41e-57	194
seq1513_1ekj	KAK4785691.1	45.6	195	105	1	12	205	71	265	6.98e-57	192
seq1513_1ekj	CAI8594493.1	44.8	194	106	1	12	204	122	315	7.11e-57	194
seq1513_1ekj	CAJ2665404.1	44.8	194	106	1	12	204	61	254	7.19e-57	192
seq1513_1ekj	NP_001414310.1	44.8	194	106	1	12	204	123	316	7.30e-57	194
seq1513_1ekj	XP_020203208.1	44.8	194	106	1	12	204	53	246	8.04e-57	192
seq1513_1ekj	KAK8469936.1	44.8	194	106	1	12	204	53	246	8.21e-57	191
seq1513_1ekj	KAJ4711104.1	44.1	195	108	1	12	205	75	269	1.11e-56	192
seq1513_1ekj	XP_018851414.1	43.6	195	109	1	12	205	51	245	1.13e-56	191
seq1513_1ekj	XP_010108776.1	44.3	194	107	1	12	204	116	309	1.21e-56	193
seq1513_1ekj	XP_057447454.1	44.8	194	106	1	12	204	119	312	1.37e-56	193
seq1041_1ekj	PNX94445.1	50.5	188	92	1	6	192	43	230	1.68e-59	197
seq1041_1ekj	1EKJ_A	50.5	188	92	1	6	192	17	204	2.14e-59	196
seq1041_1ekj	CAJ2665405.1	50.5	188	92	1	6	192	62	249	2.99e-59	197
seq1041_1ekj	CAJ2665404.1	50.5	188	92	1	6	192	62	249	4.15e-59	197
seq1041_1ekj	XP_045812473.1	50.5	188	92	1	6	192	127	314	1.95e-58	197
seq1041_1ekj	CAJ2665403.1	50.5	188	92	1	6	192	129	316	2.06e-58	197
seq1041_1ekj	KAK2419660.1	50.5	188	92	1	6	192	132	319	2.24e-58	197
seq1041_1ekj	XP_058752145.1	50.5	188	92	1	6	192	125	312	2.61e-58	197
seq1041_1ekj	XP_058778668.1	50.5	188	92	1	6	192	125	312	2.61e-58	197
seq1041_1ekj	XP_045812472.1	50.5	188	92	1	6	192	127	314	2.64e-58	197
seq1041_1ekj	CAJ2665402.1	50.5	188	92	1	6	192	129	316	2.79e-58	197
seq1041_1ekj	WJX65378.1	50.5	188	92	1	6	192	132	319	3.02e-58	197
seq1041_1ekj	XP_058752144.1	50.5	188	92	1	6	192	125	312	3.53e-58	197
seq1041_1ekj	XP_058778667.1	50.5	188	92	1	6	192	125	312	3.53e-58	197
seq1041_1ekj	KAI5442402.1	50.5	188	92	1	6	192	124	311	4.93e-58	196
seq1041_1ekj	NP_001414311.1	50.5	188	92	1	6	192	124	311	5.07e-58	196
seq1041_1ekj	KAJ6822335.1	47.3	188	98	1	6	192	63	250	5.07e-58	194
seq1041_1ekj	KAJ6821627.1	47.3	188	98	1	6	192	64	251	5.23e-58	194
seq1041_1ekj	NP_001414310.1	50.5	188	92	1	6	192	124	311	6.86e-58	196
seq1041_1ekj	RZB45880.1	49.5	188	94	1	6	192	54	241	7.63e-58	194
seq1041_1ekj	XP_004489275.1	49.5	188	94	1	6	192	129	316	8.23e-58	196
seq1041_1ekj	NP_001347327.1	49.5	188	94	1	6	192	54	241	1.06e-57	194
seq1041_1ekj	NP_001352011.1	49.5	188	94	1	6	192	129	316	1.11e-57	196
seq1041_1ekj	AES74502.1	49.5	188	94	1	6	192	56	243	1.15e-57	193
seq1041_1ekj	KAJ6840344.1	47.3	188	98	1	6	192	61	248	1.36e-57	193
seq1014_1ekj	XP_047982195.1	43.5	193	108	1	4	195	55	247	5.74e-56	189
seq1014_1ekj	XP_047982194.1	43.5	193	108	1	4	195	61	253	6.85e-56	189
seq1014_1ekj	XP_047982193.1	43.5	193	108	1	4	195	76	268	1.06e-55	189
seq1014_1ekj	XP_047982192.1	43.5	193	108	1	4	195	82	274	1.26e-55	189
seq1014_1ekj	KAH9790692.1	43.1	195	110	1	2	195	49	243	7.76e-55	186
seq1014_1ekj	XP_034689444.1	43.3	203	111	2	4	205	50	249	1.07e-54	186
seq1014_1ekj	KAH9790691.1	43.1	195	110	1	2	195	49	243	1.10e-54	186
seq1014_1ekj	ESR59741.1	43.1	195	110	1	2	195	35	229	1.45e-54	185
seq1014_1ekj	KAJ4711104.1	44.0	193	107	1	4	195	74	266	1.52e-54	186
seq1014_1ekj	XP_034689435.1	43.3	203	111	2	4	205	71	270	1.97e-54	186
seq1014_1ekj	XP_003631258.1	43.3	203	111	2	4	205	50	249	2.14e-54	185
seq1014_1ekj	KAJ6822335.1	44.3	192	106	1	5	195	62	253	2.14e-54	185
seq1014_1ekj	XP_006446504.1	43.1	195	110	1	2	195	49	243	2.20e-54	185
seq1014_1ekj	KAJ6821627.1	44.3	192	106	1	5	195	63	254	2.20e-54	185
seq1014_1ekj	KAJ6840344.1	43.0	193	109	1	4	195	59	251	2.85e-54	184
seq1014_1ekj	XP_022776090.1	44.2	190	105	1	4	192	51	240	3.11e-54	184
seq1014_1ekj	XP_006470328.2	43.1	195	110	1	2	195	49	243	3.13e-54	185
seq1014_1ekj	KAI6686566.1	44.8	194	106	1	3	195	78	271	3.49e-54	187
seq1014_1ekj	CAL9122210.1	44.0	193	107	1	4	195	78	270	3.61e-54	185
seq1014_1ekj	URE13921.1	44.0	193	107	1	4	195	78	270	3.61e-54	185
seq1014_1ekj	CAI8597666.1	45.6	195	103	2	4	197	52	244	3.80e-54	184
seq1014_1ekj	XP_003631257.1	43.3	203	111	2	4	205	71	270	3.94e-54	185
seq1014_1ekj	GAV81280.1	44.0	193	107	1	4	195	49	241	4.15e-54	184
seq1014_1ekj	KAJ8773837.1	43.5	193	108	1	4	195	50	242	4.28e-54	184
seq1014_1ekj	ESR59745.1	43.1	195	110	1	2	195	76	270	4.82e-54	185
seq892_1ekj	PNX94445.1	50.3	191	93	2	12	201	41	230	2.62e-61	202
seq892_1ekj	CAJ2665405.1	50.3	191	93	2	12	201	60	249	4.68e-61	202
seq892_1ekj	CAJ2665404.1	50.3	191	93	2	12	201	60	249	6.52e-61	202
seq892_1ekj	KAJ8431123.1	50.0	192	94	2	11	201	48	238	2.70e-60	200
seq892_1ekj	XP_045812473.1	50.3	191	93	2	12	201	125	314	3.11e-60	202
seq892_1ekj	CAJ2665403.1	50.3	191	93	2	12	201	127	316	3.29e-60	202
seq892_1ekj	KAK2419660.1	50.3	191	93	2	12	201	130	319	3.58e-60	202
seq892_1ekj	1EKJ_A	50.3	191	93	2	12	201	15	204	3.81e-60	199
seq892_1ekj	XP_045812472.1	50.3	191	93	2	12	201	125	314	4.23e-60	202
seq892_1ekj	CAJ2665402.1	50.3	191	93	2	12	201	127	316	4.47e-60	202
seq892_1ekj	WJX65378.1	50.3	191	93	2	12	201	130	319	4.85e-60	202
seq892_1ekj	XP_010108776.1	50.0	192	94	2	11	201	114	304	2.56e-59	200
seq892_1ekj	WJX70279.1	49.2	191	95	2	12	201	129	318	5.55e-59	199
seq892_1ekj	XP_057550852.1	49.5	192	95	2	11	201	118	308	5.87e-59	199
seq892_1ekj	KAK2365575.1	49.2	191	95	2	12	201	129	318	7.51e-59	199
seq892_1ekj	PON56196.1	50.0	192	94	2	11	201	119	309	8.29e-59	199
seq892_1ekj	KAI5442402.1	50.3	191	93	2	12	201	122	311	8.88e-59	199
seq892_1ekj	CAK9154294.1	50.0	192	94	2	11	201	49	239	8.89e-59	197
seq892_1ekj	XP_042502755.1	50.5	192	93	2	11	201	49	239	9.04e-59	196
seq892_1ekj	NP_001414311.1	50.3	191	93	2	12	201	122	311	9.13e-59	199
seq892_1ekj	NP_001414310.1	50.3	191	93	2	12	201	122	311	1.24e-58	199
seq892_1ekj	XP_042502754.1	50.5	192	93	2	11	201	49	239	1.26e-58	196
seq892_1ekj	XP_022158917.1	49.5	192	95	2	11	201	49	239	1.78e-58	196
seq892_1ekj	CAK7328061.1	48.2	199	101	2	4	201	107	304	2.06e-58	197
seq892_1ekj	XP_042502756.1	50.5	192	93	2	11	201	70	260	2.34e-58	196
seq1884_1ekj	KAK4603676.1	42.8	215	113	3	1	211	42	250	1.00e-53	184
seq1884_1ekj	XP_031496060.1	43.3	201	110	2	7	206	27	224	2.68e-53	182
seq1884_1ekj	KAJ6822335.1	41.3	208	118	2	1	207	52	256	4.00e-53	182
seq1884_1ekj	KAH9790692.1	41.2	211	114	3	9	215	50	254	4.11e-53	182
seq1884_1ekj	KAJ6821627.1	41.3	208	118	2	1	207	53	257	4.11e-53	182
seq1884_1ekj	XP_008782456.1	41.7	206	108	3	6	206	1	199	4.31e-53	180
seq1884_1ekj	KAK4603675.1	42.8	215	113	3	1	211	108	316	4.68e-53	184
seq1884_1ekj	XP_034200196.1	42.2	206	109	3	6	207	43	242	5.18e-53	182
seq1884_1ekj	KAH9790691.1	41.2	211	114	3	9	215	50	254	5.84e-53	182
seq1884_1ekj	THU63562.1	42.7	206	106	3	6	206	1	199	6.10e-53	180
seq1884_1ekj	KAK4603674.1	42.8	215	113	3	1	211	108	316	6.27e-53	184
seq1884_1ekj	KAK9221400.1	41.7	211	113	3	9	215	115	319	9.08e-53	183
seq1884_1ekj	KAI5352337.1	42.2	206	109	3	6	207	64	263	9.53e-53	182
seq1884_1ekj	VVA13421.1	42.2	206	109	3	6	207	64	263	9.53e-53	182
seq1884_1ekj	KAH9790690.1	41.2	211	114	3	9	215	115	319	2.56e-52	182
seq1884_1ekj	BBG94075.1	42.2	206	109	3	6	207	103	302	2.83e-52	182
seq1884_1ekj	KAJ6840344.1	41.3	208	118	2	1	207	50	254	3.02e-52	180
seq1884_1ekj	KAH9790689.1	41.2	211	114	3	9	215	115	319	3.52e-52	182
seq1884_1ekj	XP_023910380.1	41.9	215	115	3	1	211	42	250	4.54e-52	180
seq1884_1ekj	XP_008221815.1	41.8	208	111	3	6	209	43	244	5.88e-52	179
seq1884_1ekj	CAL9081285.1	42.2	206	107	3	6	206	1	199	6.98e-52	177
seq1884_1ekj	XP_010936732.1	40.8	206	110	3	6	206	1	199	6.98e-52	177
seq1884_1ekj	XP_007223694.1	41.7	206	110	3	6	207	43	242	8.31e-52	179
seq1884_1ekj	ESR59741.1	42.6	202	106	4	9	206	36	231	8.76e-52	178
seq1884_1ekj	XP_064948306.1	42.2	206	107	3	6	206	1	199	9.88e-52	177
seq1932_1ekj	XP_010533173.1	47.7	197	100	2	9	202	49	245	1.14e-57	194
seq1932_1ekj	XP_010533166.1	47.7	197	100	2	9	202	72	268	2.26e-57	194
seq1932_1ekj	URD73790.1	46.4	196	103	2	9	202	4	199	6.62e-57	190
seq1932_1ekj	THU63562.1	46.4	196	103	2	9	202	4	199	9.38e-57	189
seq1932_1ekj	GMI68401.1	45.9	196	104	2	9	202	87	282	9.59e-57	192
seq1932_1ekj	PNX94445.1	46.0	200	106	2	5	202	36	235	1.93e-56	190
seq1932_1ekj	CAJ2665405.1	46.0	200	106	2	5	202	55	254	3.41e-56	190
seq1932_1ekj	CAJ2665404.1	46.0	200	106	2	5	202	55	254	4.70e-56	190
seq1932_1ekj	KAK1321565.1	47.7	195	100	2	10	202	18	212	7.73e-56	188
seq1932_1ekj	XP_016731472.1	46.9	196	102	2	9	202	48	243	9.86e-56	189
seq1932_1ekj	XP_064948306.1	45.9	196	104	2	9	202	4	199	1.52e-55	186
seq1932_1ekj	CAL9759531.1	45.9	196	104	2	9	202	4	199	1.52e-55	186
seq1932_1ekj	XP_009402540.2	45.9	196	104	2	9	202	4	199	1.52e-55	186
seq1932_1ekj	KAK4784527.1	47.4	196	101	2	9	202	99	294	1.52e-55	190
seq1932_1ekj	KAL1531647.1	46.9	196	102	2	9	202	112	307	1.55e-55	190
seq1932_1ekj	XP_042446668.1	46.7	197	103	2	8	202	61	257	2.10e-55	188
seq1932_1ekj	XP_045812473.1	46.0	200	106	2	5	202	120	319	2.15e-55	190
seq1932_1ekj	CAL9081285.1	45.9	196	104	2	9	202	4	199	2.16e-55	186
seq1932_1ekj	CAJ2665403.1	46.0	200	106	2	5	202	122	321	2.27e-55	190
seq1932_1ekj	CAL9129461.1	46.9	196	102	2	9	202	8	203	2.45e-55	186
seq1932_1ekj	XP_034689444.1	45.7	199	106	2	9	205	49	247	2.88e-55	187
seq1932_1ekj	XP_045812472.1	46.0	200	106	2	5	202	120	319	2.89e-55	190
seq1932_1ekj	CAJ2665402.1	46.0	200	106	2	5	202	122	321	3.05e-55	190
seq1932_1ekj	XP_064971533.1	46.4	196	103	2	9	202	4	199	3.06e-55	186
seq1932_1ekj	XP_064971531.1	46.4	196	103	2	9	202	8	203	3.47e-55	186
seq1944_1ekj	URD73790.1	47.7	199	103	1	6	203	1	199	6.42e-60	197
seq1944_1ekj	THU63562.1	47.7	199	103	1	6	203	1	199	9.09e-60	197
seq1944_1ekj	XP_064971533.1	48.5	196	100	1	9	203	4	199	1.29e-59	197
seq1944_1ekj	XP_064971531.1	48.5	202	100	2	6	203	2	203	1.46e-59	197
seq1944_1ekj	CAL9129461.1	48.5	196	100	1	9	203	8	203	4.17e-59	196
seq1944_1ekj	GMI68401.1	46.9	196	103	1	9	203	87	282	5.47e-59	198
seq1944_1ekj	XP_010533173.1	46.8	203	106	1	9	209	49	251	7.33e-59	197
seq1944_1ekj	XP_065049501.1	48.0	196	101	1	9	203	4	199	1.04e-58	194
seq1944_1ekj	KAK4784527.1	49.0	196	99	1	9	203	99	294	1.09e-58	198
seq1944_1ekj	XP_065049500.1	48.0	202	101	2	6	203	2	203	1.19e-58	194
seq1944_1ekj	XP_010533166.1	46.8	203	106	1	9	209	72	274	1.46e-58	197
seq1944_1ekj	XP_009411255.2	48.0	196	101	1	9	203	4	199	1.48e-58	194
seq1944_1ekj	XP_064948306.1	47.2	199	104	1	6	203	1	199	1.48e-58	194
seq1944_1ekj	CAL9759531.1	47.2	199	104	1	6	203	1	199	1.48e-58	194
seq1944_1ekj	XP_009402540.2	47.2	199	104	1	6	203	1	199	1.48e-58	194
seq1944_1ekj	XP_018684191.2	48.0	202	101	2	6	203	2	203	1.68e-58	194
seq1944_1ekj	XP_047323580.1	48.7	197	100	1	9	204	49	245	2.02e-58	196
seq1944_1ekj	KAK8996081.1	45.9	196	105	1	9	203	85	280	2.07e-58	197
seq1944_1ekj	XP_016190213.1	48.2	195	100	1	10	203	50	244	2.08e-58	196
seq1944_1ekj	CAL9081285.1	47.2	199	104	1	6	203	1	199	2.10e-58	194
seq1944_1ekj	XP_016731472.1	48.0	196	101	1	9	203	48	243	2.77e-58	195
seq1944_1ekj	XP_025638811.1	48.2	195	100	1	10	203	51	245	3.04e-58	195
seq1944_1ekj	XP_057750665.1	48.2	195	100	1	10	203	51	245	3.04e-58	195
seq1944_1ekj	XP_016190211.1	48.2	195	100	1	10	203	72	266	4.01e-58	196
seq1944_1ekj	XP_047323579.1	48.7	197	100	1	9	204	73	269	4.13e-58	196
seq2025_1ekj	KAH9790691.1	43.9	214	112	3	3	212	50	259	7.16e-60	199
seq2025_1ekj	XP_006470328.2	43.5	214	113	3	3	212	50	259	2.03e-59	198
seq2025_1ekj	XP_052290973.1	43.5	214	113	3	3	212	77	286	4.50e-59	198
seq2025_1ekj	KAH9790689.1	43.9	214	112	3	3	212	115	324	4.67e-59	199
seq2025_1ekj	GLU02061.1	44.1	211	116	2	3	212	117	326	4.80e-59	199
seq2025_1ekj	GKV07708.1	44.1	211	116	2	3	212	117	326	4.80e-59	199
seq2025_1ekj	GLT33259.1	43.1	211	118	2	3	212	117	326	6.79e-59	199
seq2025_1ekj	KAH9790692.1	45.9	205	101	4	3	203	50	248	1.14e-58	196
seq2025_1ekj	XP_006470326.2	43.5	214	113	3	3	212	115	324	1.32e-58	198
seq2025_1ekj	ESR59741.1	45.4	205	102	4	3	203	36	234	3.00e-58	194
seq2025_1ekj	KAK9221400.1	45.9	205	101	4	3	203	115	313	3.78e-58	197
seq2025_1ekj	CAJ2665404.1	42.9	210	118	2	4	212	60	268	4.15e-58	195
seq2025_1ekj	XP_006446504.1	45.4	205	102	4	3	203	50	248	4.59e-58	194
seq2025_1ekj	KAH9790690.1	45.9	205	101	4	3	203	115	313	7.55e-58	196
seq2025_1ekj	XP_022158917.1	45.8	216	105	6	3	212	49	258	8.76e-58	194
seq2025_1ekj	ESR59745.1	45.4	205	102	4	3	203	77	275	1.02e-57	194
seq2025_1ekj	KDO66161.1	45.4	205	102	4	3	203	77	275	1.02e-57	194
seq2025_1ekj	KAK4417770.1	44.5	211	115	2	3	212	115	324	1.05e-57	196
seq2025_1ekj	XP_016731472.1	47.5	200	97	3	3	198	48	243	1.23e-57	193
seq2025_1ekj	XP_057447455.1	43.2	213	113	3	4	212	52	260	1.86e-57	193
seq2025_1ekj	XP_038998343.1	43.1	216	115	3	1	212	114	325	2.16e-57	195
seq2025_1ekj	GKV07709.1	45.7	197	105	2	3	198	117	312	2.25e-57	195
seq2025_1ekj	XP_045812472.1	42.9	210	118	2	4	212	125	333	2.61e-57	195
seq2025_1ekj	PNX94445.1	44.9	196	106	2	4	198	41	235	2.74e-57	192
seq2025_1ekj	CAJ2665402.1	42.9	210	118	2	4	212	127	335	2.76e-57	195
seq2150_1ekj	XP_034200196.1	47.7	197	102	1	9	204	46	242	8.25e-59	196
seq2150_1ekj	XP_016731472.1	47.7	199	97	2	9	203	48	243	1.24e-58	196
seq2150_1ekj	KAI4350693.1	47.8	201	98	2	7	203	123	320	1.38e-58	199
seq2150_1ekj	KAI5352337.1	47.7	197	102	1	9	204	67	263	1.55e-58	196
seq2150_1ekj	VVA13421.1	47.7	197	102	1	9	204	67	263	1.55e-58	196
seq2150_1ekj	XP_007223694.1	47.2	197	103	1	9	204	46	242	4.70e-58	194
seq2150_1ekj	BBG94075.1	47.7	197	102	1	9	204	106	302	4.79e-58	196
seq2150_1ekj	KAH9790692.1	45.7	199	101	2	9	203	50	245	5.30e-58	194
seq2150_1ekj	GLT33259.1	46.4	196	104	1	9	203	117	312	6.25e-58	197
seq2150_1ekj	XP_008221815.1	47.2	197	103	1	9	204	46	242	6.65e-58	194
seq2150_1ekj	KAK8996081.1	45.3	201	103	2	7	203	83	280	7.44e-58	195
seq2150_1ekj	ONI30484.1	47.2	197	103	1	9	204	62	258	7.59e-58	194
seq2150_1ekj	KAH9790691.1	45.7	199	101	2	9	203	50	245	7.59e-58	194
seq2150_1ekj	TYJ28262.1	47.7	199	97	2	9	203	115	310	8.72e-58	196
seq2150_1ekj	TYH11459.1	47.7	199	97	2	9	203	115	310	8.72e-58	196
seq2150_1ekj	TYI20710.1	47.7	199	97	2	9	203	115	310	8.72e-58	196
seq2150_1ekj	XP_016731471.2	47.7	199	97	2	9	203	115	310	8.72e-58	196
seq2150_1ekj	KAB2075698.1	47.7	199	97	2	9	203	115	310	8.72e-58	196
seq2150_1ekj	XP_020410638.1	47.2	197	103	1	9	204	67	263	8.80e-58	194
seq2150_1ekj	KAJ8431123.1	45.9	196	105	1	9	203	48	243	1.00e-57	194
seq2150_1ekj	KAK4417770.1	46.0	200	107	1	5	203	111	310	1.22e-57	196
seq2150_1ekj	KAK9221400.1	46.2	199	100	2	9	203	115	310	1.23e-57	196
seq2150_1ekj	KAH0991663.1	47.2	197	103	1	9	204	67	263	1.25e-57	194
seq2150_1ekj	CAL8994249.1	47.2	197	103	1	9	204	67	263	1.25e-57	194
seq2150_1ekj	XP_016647717.1	47.2	197	103	1	9	204	67	263	1.25e-57	194
seq2009_1ekj	KAK9090423.1	47.4	194	93	2	13	201	58	247	1.00e-57	194
seq2009_1ekj	XP_022158917.1	46.9	196	103	1	7	201	49	244	2.03e-57	193
seq2009_1ekj	XP_057983946.1	48.5	194	91	2	13	201	151	340	3.74e-57	196
seq2009_1ekj	XP_042497246.1	45.0	200	101	2	7	201	49	244	5.87e-57	192
seq2009_1ekj	XP_022158916.1	46.9	196	103	1	7	201	122	317	1.19e-56	193
seq2009_1ekj	XP_022158915.1	46.9	196	103	1	7	201	122	317	1.61e-56	193
seq2009_1ekj	XP_030544700.2	47.5	202	97	2	5	201	114	311	2.73e-56	192
seq2009_1ekj	XP_026381837.1	46.0	200	99	2	7	201	53	248	3.78e-56	190
seq2009_1ekj	KAI3976267.1	47.9	190	98	1	13	201	147	336	3.98e-56	192
seq2009_1ekj	KAK9113749.1	46.4	194	95	2	13	201	58	247	6.49e-56	189
seq2009_1ekj	XP_040871114.1	47.2	199	96	2	8	201	52	246	6.94e-56	189
seq2009_1ekj	KAJ8431123.1	43.6	202	113	1	1	201	42	243	9.18e-56	189
seq2009_1ekj	XP_026387191.1	46.0	200	99	2	7	201	86	281	9.76e-56	190
seq2009_1ekj	XP_026381835.1	46.0	200	99	2	7	201	86	281	9.76e-56	190
seq2009_1ekj	KAI3975630.1	46.3	190	101	1	13	201	59	248	1.10e-55	189
seq2009_1ekj	KAI3846975.1	46.0	200	99	2	7	201	141	336	1.12e-55	191
seq2009_1ekj	KAI3970507.1	45.9	196	105	1	7	201	141	336	1.12e-55	191
seq2009_1ekj	XP_019161752.1	47.4	194	93	2	13	201	114	303	1.27e-55	191
seq2009_1ekj	XP_019161751.1	47.4	194	93	2	13	201	115	304	1.31e-55	191
seq2009_1ekj	RZB45880.1	46.7	199	97	2	8	201	52	246	1.42e-55	188
seq2009_1ekj	KAK9104466.1	45.9	194	96	2	13	201	58	247	1.84e-55	188
seq2009_1ekj	XP_016731472.1	45.1	204	103	2	3	201	44	243	1.84e-55	188
seq2009_1ekj	XP_052722983.1	46.7	199	97	2	8	201	52	246	1.97e-55	188
seq2009_1ekj	XP_027922501.1	46.7	199	97	2	8	201	52	246	1.97e-55	188
seq2009_1ekj	NP_001347327.1	46.7	199	97	2	8	201	52	246	1.97e-55	188
seq1228_1ekj	PNX94445.1	49.2	195	98	1	6	199	41	235	2.85e-64	209
seq1228_1ekj	CAJ2665405.1	49.2	195	98	1	6	199	60	254	5.12e-64	209
seq1228_1ekj	CAJ2665404.1	49.2	195	98	1	6	199	60	254	7.16e-64	209
seq1228_1ekj	1EKJ_A	48.7	195	99	1	6	199	15	209	2.05e-63	206
seq1228_1ekj	KAK4603676.1	48.5	198	101	1	3	199	48	245	2.19e-63	208
seq1228_1ekj	XP_045812473.1	49.2	195	98	1	6	199	125	319	3.50e-63	209
seq1228_1ekj	CAJ2665403.1	49.2	195	98	1	6	199	127	321	3.70e-63	209
seq1228_1ekj	KAK2419660.1	49.2	195	98	1	6	199	130	324	4.03e-63	209
seq1228_1ekj	CAI8594493.1	49.2	195	98	1	6	199	121	315	4.27e-63	209
seq1228_1ekj	XP_045812472.1	49.2	195	98	1	6	199	125	319	4.77e-63	209
seq1228_1ekj	CAJ2665402.1	49.2	195	98	1	6	199	127	321	5.05e-63	209
seq1228_1ekj	WJX65378.1	49.2	195	98	1	6	199	130	324	5.49e-63	209
seq1228_1ekj	XP_022158917.1	49.2	195	98	1	6	199	50	244	6.05e-63	207
seq1228_1ekj	KAK4603675.1	48.5	198	101	1	3	199	114	311	1.12e-62	208
seq1228_1ekj	XP_050271240.1	48.0	198	102	1	3	199	48	245	1.25e-62	206
seq1228_1ekj	XP_023910380.1	48.0	198	102	1	3	199	48	245	1.25e-62	206
seq1228_1ekj	XP_052722983.1	49.2	195	98	1	6	199	52	246	1.29e-62	206
seq1228_1ekj	XP_027922501.1	49.2	195	98	1	6	199	52	246	1.29e-62	206
seq1228_1ekj	XP_057447455.1	48.7	195	99	1	6	199	52	246	1.29e-62	206
seq1228_1ekj	KAK4603674.1	48.5	198	101	1	3	199	114	311	1.53e-62	208
seq1228_1ekj	XP_030953958.1	47.5	198	103	1	3	199	48	245	1.77e-62	206
seq1228_1ekj	XP_006438385.1	47.0	200	105	1	1	199	45	244	2.47e-62	205
seq1228_1ekj	CAK8533651.1	48.7	195	99	1	6	199	122	316	2.57e-62	207
seq1228_1ekj	KAF3976412.1	49.0	198	100	1	3	199	114	311	3.05e-62	207
seq1228_1ekj	CAK8533650.1	48.7	195	99	1	6	199	122	316	3.51e-62	207
seq1251_1ekj	PNX94445.1	50.5	202	99	1	2	202	39	240	1.49e-65	213
seq1251_1ekj	CAJ2665405.1	50.5	202	99	1	2	202	58	259	2.68e-65	213
seq1251_1ekj	CAJ2665404.1	50.5	202	99	1	2	202	58	259	3.76e-65	213
seq1251_1ekj	XP_045812473.1	50.5	202	99	1	2	202	123	324	1.86e-64	213
seq1251_1ekj	CAJ2665403.1	50.5	202	99	1	2	202	125	326	1.96e-64	213
seq1251_1ekj	KAK2419660.1	50.5	202	99	1	2	202	128	329	2.14e-64	213
seq1251_1ekj	XP_045812472.1	50.5	202	99	1	2	202	123	324	2.54e-64	213
seq1251_1ekj	CAJ2665402.1	50.5	202	99	1	2	202	125	326	2.69e-64	213
seq1251_1ekj	WJX65378.1	50.5	202	99	1	2	202	128	329	2.92e-64	213
seq1251_1ekj	1EKJ_A	49.5	202	101	1	2	202	13	214	6.11e-64	208
seq1251_1ekj	XP_004489275.1	49.5	202	101	1	2	202	125	326	6.31e-63	209
seq1251_1ekj	NP_001352011.1	49.5	202	101	1	2	202	125	326	8.60e-63	209
seq1251_1ekj	KAI5442402.1	49.5	202	101	1	2	202	120	321	1.51e-62	208
seq1251_1ekj	NP_001414311.1	49.5	202	101	1	2	202	120	321	1.55e-62	208
seq1251_1ekj	WJX70279.1	49.0	202	102	1	2	202	127	328	1.89e-62	208
seq1251_1ekj	NP_001414310.1	49.5	202	101	1	2	202	120	321	2.11e-62	208
seq1251_1ekj	KAK2365575.1	49.0	202	102	1	2	202	127	328	2.57e-62	208
seq1251_1ekj	XP_039116279.1	47.7	195	101	1	4	197	5	199	4.02e-62	202
seq1251_1ekj	XP_010108776.1	49.3	203	96	2	4	202	115	314	4.91e-62	207
seq1251_1ekj	KAK4603676.1	48.8	203	97	2	4	202	51	250	6.06e-62	204
seq1251_1ekj	KAH7651059.1	46.9	196	103	1	4	198	5	200	6.07e-62	202
seq1251_1ekj	AAA33652.1	49.0	202	102	1	2	202	121	322	6.38e-62	206
seq1251_1ekj	AES74502.1	49.0	202	102	1	2	202	52	253	6.73e-62	204
seq1251_1ekj	XP_039691177.1	49.0	202	102	1	2	202	52	253	9.39e-62	204
seq1251_1ekj	KAJ0985847.1	46.9	196	103	1	4	198	61	256	1.23e-61	203
seq1015_1ekj	NIN61269.1	44.9	205	111	2	3	205	4	208	1.10e-57	192
seq1015_1ekj	HEY5701982.1	43.9	205	113	2	3	205	4	208	1.26e-56	189
seq1015_1ekj	GLT50346.1	44.2	199	110	1	1	198	48	246	1.36e-55	188
seq1015_1ekj	XP_038903096.1	46.4	196	104	1	1	195	49	244	1.56e-54	186
seq1015_1ekj	XP_022158917.1	46.4	196	104	1	1	195	47	242	2.95e-54	185
seq1015_1ekj	KAH9773272.1	43.9	196	109	1	1	195	47	242	3.02e-54	184
seq1015_1ekj	KDO82418.1	43.9	196	109	1	1	195	47	242	3.02e-54	184
seq1015_1ekj	OMO80245.1	43.4	196	110	1	1	195	48	243	3.11e-54	184
seq1015_1ekj	KDO82416.1	43.9	196	109	1	1	195	50	245	3.30e-54	184
seq1015_1ekj	KDO82415.1	43.9	196	109	1	1	195	51	246	3.40e-54	184
seq1015_1ekj	XP_006438385.1	43.4	196	110	1	1	195	47	242	4.28e-54	184
seq1015_1ekj	GKV14509.1	43.7	199	111	1	1	198	48	246	4.41e-54	184
seq1015_1ekj	XP_022928114.1	45.9	196	105	1	1	195	50	245	4.67e-54	184
seq1015_1ekj	XP_023530870.1	45.9	196	105	1	1	195	50	245	4.67e-54	184
seq1015_1ekj	KAH9773273.1	44.5	191	105	1	6	195	1	191	5.20e-54	182
seq1015_1ekj	GAV81280.1	43.9	196	109	1	1	195	46	241	5.88e-54	184
seq1015_1ekj	KAH9773266.1	43.9	196	109	1	1	195	70	265	5.91e-54	184
seq1015_1ekj	KAH9773267.1	43.9	196	109	1	1	195	71	266	6.08e-54	184
seq1015_1ekj	KAJ4711104.1	44.4	196	108	1	1	195	71	266	6.08e-54	184
seq1015_1ekj	PNX94445.1	44.9	196	107	1	1	195	38	233	6.57e-54	183
seq1015_1ekj	XP_038903095.1	46.4	196	104	1	1	195	115	310	7.32e-54	186
seq1015_1ekj	XP_039055261.1	43.7	199	111	1	1	198	44	242	7.85e-54	183
seq1015_1ekj	XP_015387412.1	43.4	196	110	1	1	195	70	265	8.35e-54	184
seq1015_1ekj	WAL01677.1	43.4	196	110	1	1	195	70	265	8.35e-54	184
seq1015_1ekj	KAH9708914.1	43.4	196	110	1	1	195	71	266	8.60e-54	184
seq1021_1ekj	1EKJ_A	47.5	200	104	1	4	202	15	214	3.04e-59	196
seq1021_1ekj	CAK8533651.1	46.5	200	106	1	4	202	122	321	5.07e-58	196
seq1021_1ekj	KAI4350693.1	46.4	194	103	1	3	195	125	318	5.41e-58	197
seq1021_1ekj	PNX94445.1	47.0	200	105	1	4	202	41	240	5.47e-58	194
seq1021_1ekj	CAK8533650.1	46.5	200	106	1	4	202	122	321	6.86e-58	196
seq1021_1ekj	KAI5442402.1	47.5	200	104	1	4	202	122	321	6.97e-58	196
seq1021_1ekj	NP_001414311.1	47.5	200	104	1	4	202	122	321	7.17e-58	196
seq1021_1ekj	AES74502.1	46.0	200	107	1	4	202	54	253	8.10e-58	194
seq1021_1ekj	CAJ2665405.1	47.0	200	105	1	4	202	60	259	9.69e-58	194
seq1021_1ekj	NP_001414310.1	47.5	200	104	1	4	202	122	321	9.70e-58	196
seq1021_1ekj	XP_039691177.1	46.0	200	107	1	4	202	54	253	1.12e-57	194
seq1021_1ekj	CAJ2665404.1	47.0	200	105	1	4	202	60	259	1.34e-57	194
seq1021_1ekj	XP_054802674.1	46.5	200	106	1	4	202	54	253	2.30e-57	192
seq1021_1ekj	XP_004489275.1	46.0	200	107	1	4	202	127	326	2.32e-57	195
seq1021_1ekj	AAA33652.1	47.0	200	105	1	4	202	123	322	2.94e-57	194
seq1021_1ekj	NP_001352011.1	46.0	200	107	1	4	202	127	326	3.13e-57	195
seq1021_1ekj	KAI9121328.1	46.0	200	107	1	4	202	78	277	3.30e-57	193
seq1021_1ekj	CAL0298956.1	47.0	200	105	1	4	202	121	320	3.94e-57	194
seq1021_1ekj	XP_058752145.1	46.5	200	106	1	4	202	123	322	4.16e-57	194
seq1021_1ekj	XP_058778668.1	46.5	200	106	1	4	202	123	322	4.16e-57	194
seq1021_1ekj	XP_054802673.1	46.5	200	106	1	4	202	79	278	4.80e-57	192
seq1021_1ekj	XP_058752144.1	46.5	200	106	1	4	202	123	322	5.62e-57	194
seq1021_1ekj	XP_058778667.1	46.5	200	106	1	4	202	123	322	5.62e-57	194
seq1021_1ekj	XP_024642457.1	46.0	200	107	1	4	202	125	324	6.21e-57	194
seq1021_1ekj	XP_045812473.1	47.0	200	105	1	4	202	125	324	6.21e-57	194
seq771_1ekj	PNX94445.1	45.6	193	104	1	6	197	41	233	1.98e-56	190
seq771_1ekj	CAJ2665405.1	45.6	193	104	1	6	197	60	252	3.49e-56	190
seq771_1ekj	CAJ2665404.1	45.6	193	104	1	6	197	60	252	4.82e-56	190
seq771_1ekj	XP_045812473.1	45.6	193	104	1	6	197	125	317	2.20e-55	190
seq771_1ekj	CAJ2665403.1	45.6	193	104	1	6	197	127	319	2.32e-55	190
seq771_1ekj	KAK2419660.1	45.6	193	104	1	6	197	130	322	2.52e-55	190
seq771_1ekj	XP_045812472.1	45.6	193	104	1	6	197	125	317	2.96e-55	190
seq771_1ekj	CAJ2665402.1	45.6	193	104	1	6	197	127	319	3.12e-55	190
seq771_1ekj	WJX65378.1	45.6	193	104	1	6	197	130	322	3.38e-55	190
seq771_1ekj	1EKJ_A	44.6	193	106	1	6	197	15	207	1.66e-54	184
seq771_1ekj	KAI4350693.1	45.4	196	106	1	3	197	123	318	2.41e-54	187
seq771_1ekj	AES74502.1	44.0	193	107	1	6	197	54	246	5.36e-54	184
seq771_1ekj	WJX70279.1	44.6	193	106	1	6	197	129	321	5.49e-54	186
seq771_1ekj	XP_022158917.1	45.4	194	105	1	5	197	49	242	6.58e-54	184
seq771_1ekj	KAK3033588.1	45.4	194	105	1	5	197	128	321	7.35e-54	186
seq771_1ekj	KAK2365575.1	44.6	193	106	1	6	197	129	321	7.35e-54	186
seq771_1ekj	KAK3000760.1	45.4	194	105	1	5	197	128	321	7.35e-54	186
seq771_1ekj	XP_039691177.1	44.0	193	107	1	6	197	54	246	7.39e-54	184
seq771_1ekj	KAK2997373.1	45.4	194	105	1	5	197	159	352	1.62e-53	186
seq771_1ekj	KAJ0244680.1	44.3	194	107	1	5	197	125	318	2.85e-53	184
seq771_1ekj	KAI5442402.1	44.6	193	106	1	6	197	122	314	3.52e-53	184
seq771_1ekj	NP_001414311.1	44.6	193	106	1	6	197	122	314	3.62e-53	184
seq771_1ekj	XP_022158916.1	45.4	194	105	1	5	197	122	315	3.72e-53	184
seq771_1ekj	KAJ0244679.1	44.3	194	107	1	5	197	125	318	3.81e-53	184
seq771_1ekj	XP_024642457.1	44.0	193	107	1	6	197	125	317	3.92e-53	184
seq782_1ekj	PNX94445.1	46.0	202	108	1	2	202	32	233	1.97e-60	200
seq782_1ekj	CAJ2665405.1	46.0	202	108	1	2	202	51	252	3.51e-60	200
seq782_1ekj	CAJ2665404.1	46.0	202	108	1	2	202	51	252	4.88e-60	200
seq782_1ekj	XP_045812473.1	46.0	202	108	1	2	202	116	317	2.31e-59	200
seq782_1ekj	CAJ2665403.1	46.0	202	108	1	2	202	118	319	2.44e-59	200
seq782_1ekj	XP_045812472.1	46.0	202	108	1	2	202	116	317	3.13e-59	200
seq782_1ekj	CAJ2665402.1	46.0	202	108	1	2	202	118	319	3.31e-59	200
seq782_1ekj	KAK2419660.1	47.4	192	100	1	12	202	131	322	3.76e-59	200
seq782_1ekj	1EKJ_A	45.5	202	109	1	2	202	6	207	4.06e-59	196
seq782_1ekj	WJX65378.1	47.4	192	100	1	12	202	131	322	5.08e-59	200
seq782_1ekj	KAI5442402.1	45.5	202	109	1	2	202	113	314	9.32e-58	196
seq782_1ekj	NP_001414311.1	45.5	202	109	1	2	202	113	314	9.59e-58	196
seq782_1ekj	NP_001414310.1	45.5	202	109	1	2	202	113	314	1.30e-57	196
seq782_1ekj	XP_022158917.1	44.7	199	109	1	5	202	44	242	1.33e-57	194
seq782_1ekj	XP_022928114.1	45.2	199	108	1	5	202	47	245	1.49e-57	193
seq782_1ekj	XP_023530870.1	45.2	199	108	1	5	202	47	245	1.49e-57	193
seq782_1ekj	XP_004489275.1	44.6	202	111	1	2	202	118	319	3.11e-57	195
seq782_1ekj	WJX70279.1	45.8	192	103	1	12	202	130	321	3.28e-57	195
seq782_1ekj	XP_058752145.1	45.0	202	110	1	2	202	114	315	3.93e-57	194
seq782_1ekj	AAA33652.1	45.0	202	110	1	2	202	114	315	3.93e-57	194
seq782_1ekj	XP_058778668.1	45.0	202	110	1	2	202	114	315	3.93e-57	194
seq782_1ekj	XP_038903096.1	43.7	199	111	1	5	202	46	244	4.01e-57	192
seq782_1ekj	KAI4350693.1	44.6	202	111	1	2	202	117	318	4.08e-57	195
seq782_1ekj	NP_001352011.1	44.6	202	111	1	2	202	118	319	4.19e-57	195
seq782_1ekj	KAK2365575.1	45.8	192	103	1	12	202	130	321	4.42e-57	195
seq2003_1ekj	KAK8929063.1	45.8	203	98	3	5	202	23	218	1.06e-54	185
seq2003_1ekj	KAH9790692.1	42.0	212	113	3	4	211	49	254	3.14e-54	185
seq2003_1ekj	KAJ0985847.1	45.0	200	106	2	5	203	60	256	3.14e-54	185
seq2003_1ekj	KAH9790691.1	42.0	212	113	3	4	211	49	254	4.47e-54	185
seq2003_1ekj	THU63562.1	44.3	203	101	3	5	202	4	199	4.63e-54	182
seq2003_1ekj	KAH9790690.1	42.0	212	113	3	4	211	114	319	1.98e-53	185
seq2003_1ekj	CAL9081285.1	44.3	203	101	3	5	202	4	199	2.64e-53	181
seq2003_1ekj	KAH9790689.1	42.0	212	113	3	4	211	114	319	2.73e-53	185
seq2003_1ekj	KAK9221400.1	42.0	212	113	3	4	211	114	319	2.80e-53	184
seq2003_1ekj	KAJ6828437.1	44.5	200	107	2	5	203	31	227	2.92e-53	181
seq2003_1ekj	KAJ6852706.1	44.5	200	107	2	5	203	31	227	2.92e-53	181
seq2003_1ekj	ESR59741.1	42.0	212	113	4	4	211	35	240	3.34e-53	182
seq2003_1ekj	XP_010108776.1	44.4	205	104	3	5	205	114	312	3.66e-53	184
seq2003_1ekj	XP_008782456.1	43.3	203	103	3	5	202	4	199	3.74e-53	180
seq2003_1ekj	XP_006446504.1	42.0	212	113	4	4	211	49	254	5.06e-53	182
seq2003_1ekj	XP_006470328.2	42.0	212	113	4	4	211	49	254	7.17e-53	182
seq2003_1ekj	XP_064948306.1	43.8	203	102	3	5	202	4	199	7.51e-53	179
seq2003_1ekj	CAL9759531.1	43.8	203	102	3	5	202	4	199	7.51e-53	179
seq2003_1ekj	XP_009402540.2	43.8	203	102	3	5	202	4	199	7.51e-53	179
seq2003_1ekj	KAJ6840344.1	44.5	200	107	2	5	203	58	254	9.27e-53	181
seq2003_1ekj	KAJ6822335.1	44.5	200	107	2	5	203	60	256	9.83e-53	181
seq2003_1ekj	KAJ6821627.1	44.5	200	107	2	5	203	61	257	1.01e-52	181
seq2003_1ekj	ESR59745.1	42.0	212	113	4	4	211	76	281	1.10e-52	182
seq2003_1ekj	KDO66161.1	42.0	212	113	4	4	211	76	281	1.10e-52	182
seq2003_1ekj	KAK4603676.1	43.6	202	104	3	5	202	50	245	1.39e-52	181
seq2038_1ekj	XP_008782456.1	42.2	206	107	3	1	201	1	199	1.10e-53	181
seq2038_1ekj	KAJ6822335.1	41.9	203	114	2	1	202	57	256	2.05e-53	182
seq2038_1ekj	KAJ6821627.1	41.9	203	114	2	1	202	58	257	2.11e-53	182
seq2038_1ekj	XP_010936732.1	41.3	206	109	3	1	201	1	199	8.92e-53	179
seq2038_1ekj	THU63562.1	42.2	206	107	3	1	201	1	199	8.92e-53	179
seq2038_1ekj	PNX94445.1	42.5	207	115	2	2	207	38	241	2.54e-52	179
seq2038_1ekj	GAV67965.1	42.0	207	116	2	5	210	53	256	2.55e-52	180
seq2038_1ekj	XP_034200196.1	42.2	206	109	3	1	202	43	242	3.03e-52	179
seq2038_1ekj	KAJ6803247.1	41.4	203	115	2	1	202	32	231	3.15e-52	179
seq2038_1ekj	CAJ2665405.1	42.5	207	115	2	2	207	57	260	4.41e-52	179
seq2038_1ekj	KAJ6810453.1	41.4	203	115	2	1	202	45	244	4.65e-52	179
seq2038_1ekj	KAH9790692.1	40.7	209	114	3	3	207	49	251	4.81e-52	179
seq2038_1ekj	CAL9081285.1	42.2	206	107	3	1	201	1	199	5.09e-52	177
seq2038_1ekj	KAI5352337.1	42.2	206	109	3	1	202	64	263	5.55e-52	179
seq2038_1ekj	VVA13421.1	42.2	206	109	3	1	202	64	263	5.55e-52	179
seq2038_1ekj	CAJ2665404.1	42.5	207	115	2	2	207	57	260	6.05e-52	179
seq2038_1ekj	KAK4603676.1	41.8	208	111	3	4	207	50	251	6.61e-52	179
seq2038_1ekj	1EKJ_A	42.4	210	111	3	2	207	12	215	6.62e-52	177
seq2038_1ekj	KAH9790691.1	40.7	209	114	3	3	207	49	251	6.81e-52	179
seq2038_1ekj	KAK1301421.1	44.3	212	106	3	1	207	15	219	7.47e-52	177
seq2038_1ekj	KAJ6828437.1	41.4	203	115	2	1	202	28	227	1.12e-51	177
seq2038_1ekj	KAJ6840344.1	40.9	203	116	2	1	202	55	254	1.25e-51	178
seq2038_1ekj	KAJ8497916.1	41.7	206	108	3	1	201	1	199	1.45e-51	176
seq2038_1ekj	XP_064948306.1	41.7	206	108	3	1	201	1	199	1.45e-51	176
seq2038_1ekj	XP_009402540.2	41.7	206	108	3	1	201	1	199	1.45e-51	176
seq1738_1ekj	XP_044491886.1	46.8	203	93	3	12	211	55	245	2.82e-57	192
seq1738_1ekj	XP_044480696.1	45.8	203	95	3	12	211	55	245	2.59e-55	187
seq1738_1ekj	XP_065001799.1	44.1	211	105	3	3	211	1	200	2.75e-55	186
seq1738_1ekj	URD75014.1	46.8	190	98	2	3	190	1	189	3.66e-55	185
seq1738_1ekj	XP_065001790.1	44.1	211	105	3	3	211	12	211	3.87e-55	186
seq1738_1ekj	XP_044480695.1	45.8	203	95	3	12	211	78	268	5.08e-55	187
seq1738_1ekj	XP_044491043.1	45.8	203	95	3	12	211	78	268	5.08e-55	187
seq1738_1ekj	XP_010477677.1	45.8	190	101	1	3	190	46	235	5.50e-55	187
seq1738_1ekj	XP_006416059.1	43.7	190	105	1	3	190	46	235	5.50e-55	187
seq1738_1ekj	XP_064957586.1	43.6	211	106	3	3	211	1	200	5.52e-55	185
seq1738_1ekj	GKV07709.1	45.8	190	100	2	3	190	114	302	6.37e-55	189
seq1738_1ekj	GLU02061.1	45.8	190	100	2	3	190	114	302	8.57e-55	189
seq1738_1ekj	GKV07708.1	45.8	190	100	2	3	190	114	302	8.57e-55	189
seq1738_1ekj	XP_019161752.1	48.1	181	91	2	12	190	114	293	9.76e-55	188
seq1738_1ekj	XP_019161751.1	48.1	181	91	2	12	190	115	294	1.00e-54	188
seq1738_1ekj	XP_006438385.1	43.3	210	108	2	3	211	46	245	1.04e-54	186
seq1738_1ekj	CAG1851916.1	42.4	210	110	2	3	211	12	211	1.10e-54	184
seq1738_1ekj	GLT33259.1	46.0	187	98	2	6	190	117	302	1.71e-54	188
seq1738_1ekj	TXG54664.1	45.8	190	100	2	3	190	113	301	1.75e-54	187
seq1738_1ekj	URD75013.1	46.8	190	98	2	3	190	57	245	2.02e-54	185
seq1738_1ekj	XP_015387412.1	43.3	210	108	2	3	211	69	268	2.03e-54	186
seq1738_1ekj	WAL01677.1	43.3	210	108	2	3	211	69	268	2.03e-54	186
seq1738_1ekj	KAH9708914.1	43.3	210	108	2	3	211	70	269	2.09e-54	186
seq1738_1ekj	CAL9174988.1	42.4	210	110	2	3	211	12	211	2.21e-54	184
seq1738_1ekj	XP_009394249.2	42.7	211	108	3	3	211	1	200	2.23e-54	183
seq1789_1ekj	XP_016190213.1	44.4	207	114	1	9	214	50	256	1.10e-57	194
seq1789_1ekj	XP_025638811.1	44.4	207	114	1	9	214	51	257	1.14e-57	194
seq1789_1ekj	XP_016190211.1	44.4	207	114	1	9	214	72	278	2.12e-57	194
seq1789_1ekj	XP_025638809.1	44.4	207	114	1	9	214	73	279	2.18e-57	194
seq1789_1ekj	XP_057750665.1	46.2	195	104	1	9	202	51	245	2.28e-57	193
seq1789_1ekj	KAI4350693.1	46.9	196	103	1	8	202	125	320	2.28e-57	196
seq1789_1ekj	XP_057750663.1	46.2	195	104	1	9	202	73	267	4.36e-57	193
seq1789_1ekj	KAG0464208.1	46.4	196	104	1	8	202	90	285	5.35e-57	193
seq1789_1ekj	XP_057750661.1	46.2	195	104	1	9	202	87	281	6.54e-57	193
seq1789_1ekj	QHO59330.1	44.0	207	115	1	9	214	50	256	1.26e-56	191
seq1789_1ekj	QHO03156.1	44.0	207	115	1	9	214	51	257	1.29e-56	191
seq1789_1ekj	XP_052115231.1	44.0	207	115	1	9	214	51	257	1.29e-56	191
seq1789_1ekj	QHO59328.1	44.0	207	115	1	9	214	72	278	2.40e-56	191
seq1789_1ekj	QHO03154.1	44.0	207	115	1	9	214	73	279	2.47e-56	191
seq1789_1ekj	XP_052115229.1	44.0	207	115	1	9	214	73	279	2.47e-56	191
seq1789_1ekj	URD75014.1	45.9	196	105	1	8	202	4	199	3.43e-56	188
seq1789_1ekj	MED6143674.1	45.1	195	106	1	9	202	50	244	5.04e-56	189
seq1789_1ekj	KAJ6822335.1	44.9	196	107	1	8	202	60	255	9.80e-56	189
seq1789_1ekj	KAJ6821627.1	44.9	196	107	1	8	202	61	256	1.01e-55	189
seq1789_1ekj	URD75013.1	45.9	196	105	1	8	202	60	255	1.91e-55	188
seq1789_1ekj	KAF6157392.1	46.7	195	103	1	9	202	16	210	1.99e-55	187
seq1789_1ekj	XP_024993803.1	44.5	200	110	1	8	206	48	247	2.70e-55	187
seq1789_1ekj	1EKJ_A	45.1	195	106	1	9	202	15	209	2.74e-55	186
seq1789_1ekj	KAF8399712.1	45.4	196	106	1	8	202	14	209	2.74e-55	186
seq1789_1ekj	XP_050872493.1	43.5	200	112	1	9	207	50	249	2.78e-55	187
seq1802_1ekj	XP_024398123.1	46.3	201	105	2	6	205	44	242	1.09e-56	191
seq1802_1ekj	XP_013665639.1	44.4	207	113	1	6	210	49	255	1.20e-56	191
seq1802_1ekj	XP_013595969.1	44.4	207	113	1	6	210	49	255	1.70e-56	191
seq1802_1ekj	XP_009394249.2	45.4	196	106	1	6	200	4	199	2.40e-56	188
seq1802_1ekj	XP_006416059.1	44.0	207	114	1	6	210	49	255	2.41e-56	190
seq1802_1ekj	XP_009394248.2	45.4	196	106	1	6	200	15	210	3.38e-56	188
seq1802_1ekj	XP_009103160.2	44.0	207	114	1	6	210	49	255	3.42e-56	190
seq1802_1ekj	RID53585.1	44.0	207	114	1	6	210	49	255	3.42e-56	190
seq1802_1ekj	URD75014.1	45.4	196	106	1	6	200	4	199	4.52e-56	187
seq1802_1ekj	VVA92302.1	44.6	202	110	1	6	205	49	250	4.84e-56	189
seq1802_1ekj	KAH0868549.1	44.4	207	113	1	6	210	109	315	6.77e-56	191
seq1802_1ekj	XP_064957586.1	45.4	196	106	1	6	200	4	199	6.82e-56	187
seq1802_1ekj	CAL9129461.1	45.4	196	106	1	6	200	8	203	7.73e-56	187
seq1802_1ekj	CAG1851916.1	45.4	196	106	1	6	200	15	210	9.62e-56	187
seq1802_1ekj	CAH8354025.1	43.5	207	115	1	6	210	49	255	1.37e-55	188
seq1802_1ekj	XP_065049501.1	44.9	196	107	1	6	200	4	199	1.94e-55	186
seq1802_1ekj	XP_065049500.1	44.9	196	107	1	6	200	8	203	2.20e-55	186
seq1802_1ekj	URD75013.1	45.4	196	106	1	6	200	60	255	2.51e-55	187
seq1802_1ekj	XP_009411255.2	44.9	196	107	1	6	200	4	199	2.75e-55	186
seq1802_1ekj	XP_010460149.1	45.0	202	109	1	6	205	51	252	2.92e-55	187
seq1802_1ekj	KAG0598463.1	46.4	196	102	2	6	200	119	312	3.10e-55	189
seq1802_1ekj	XP_018684191.2	44.9	196	107	1	6	200	8	203	3.12e-55	186
seq1802_1ekj	CAL9174988.1	44.9	196	107	1	6	200	15	210	3.87e-55	186
seq1802_1ekj	XP_039116279.1	44.4	196	108	1	6	200	4	199	5.19e-55	185
seq1802_1ekj	XP_016190213.1	44.5	200	110	1	7	205	50	249	5.34e-55	187
seq1_5e2r	6EQU_A	90.0	261	26	0	1	261	1	261	3.31e-178	501
seq1_5e2r	4PQ7_A	90.0	261	26	0	1	261	2	262	3.44e-178	501
seq1_5e2r	NP_000058.1	90.0	260	26	0	2	261	1	260	1.85e-177	499
seq1_5e2r	AAX36973.1	90.0	260	26	0	2	261	1	260	1.92e-177	499
seq1_5e2r	3M04_A	90.0	260	26	0	2	261	6	265	2.22e-177	499
seq1_5e2r	5ZXW_A	90.0	260	26	0	2	261	7	266	2.30e-177	499
seq1_5e2r	3U3A_X	89.6	260	27	0	2	261	1	260	2.62e-177	499
seq1_5e2r	4QEF_A	89.6	260	27	0	2	261	1	260	2.62e-177	499
seq1_5e2r	3PYK_A	90.0	260	26	0	2	261	1	260	2.62e-177	499
seq1_5e2r	QIM57069.1	90.0	260	26	0	2	261	1	260	2.66e-177	499
seq1_5e2r	8OGD_A	90.0	260	26	0	2	261	1	260	3.73e-177	498
seq1_5e2r	3U47_A	89.6	260	27	0	2	261	1	260	5.30e-177	498
seq1_5e2r	5CA2_A	89.6	260	27	0	2	261	1	260	7.52e-177	498
seq1_5e2r	3U45_X	89.6	260	27	0	2	261	1	260	7.52e-177	498
seq1_5e2r	12CA_A	89.6	260	27	0	2	261	1	260	7.52e-177	498
seq1_5e2r	2NXR_A	89.6	260	27	0	2	261	1	260	7.52e-177	498
seq1_5e2r	3MNJ_A	89.6	260	27	0	2	261	1	260	7.52e-177	498
seq1_5e2r	2POV_A	90.0	259	26	0	2	260	1	259	1.03e-176	497
seq1_5e2r	6CA2_A	89.6	260	27	0	2	261	1	260	1.07e-176	497
seq1_5e2r	1LZV_A	89.6	260	27	0	2	261	1	260	1.07e-176	497
seq1_5e2r	1TG3_A	89.6	260	27	0	2	261	1	260	1.07e-176	497
seq1_5e2r	1HED_A	89.6	260	27	0	2	261	1	260	1.07e-176	497
seq1_5e2r	6RMY_A	89.6	260	27	0	2	261	1	260	1.07e-176	497
seq1_5e2r	1TH9_A	89.6	260	27	0	2	261	1	260	1.07e-176	497
seq1_5e2r	9CA2_A	89.6	260	27	0	2	261	1	260	1.07e-176	497
seq182_5e2r	XP_023083603.1	68.8	256	80	0	16	271	3	258	1.60e-137	399
seq182_5e2r	XP_010380058.2	68.8	256	80	0	16	271	3	258	2.27e-137	398
seq182_5e2r	XP_033059414.1	68.4	256	81	0	16	271	3	258	6.49e-137	397
seq182_5e2r	QIM57070.1	68.8	256	80	0	16	271	3	258	9.26e-137	397
seq182_5e2r	3TVN_X	68.8	256	80	0	16	271	1	256	1.73e-136	396
seq182_5e2r	7ONV_AAA	68.8	256	80	0	16	271	3	258	1.93e-136	396
seq182_5e2r	7ONV_A	68.8	256	80	0	16	271	3	258	1.93e-136	396
seq182_5e2r	1XPZ_A	68.8	256	80	0	16	271	1	256	2.46e-136	395
seq182_5e2r	1A42_A	68.8	256	80	0	16	271	2	257	2.55e-136	395
seq182_5e2r	5NXI_A	68.8	256	80	0	16	271	2	257	2.55e-136	395
seq182_5e2r	1ZH9_A	68.8	256	80	0	16	271	2	257	2.55e-136	395
seq182_5e2r	2POV_A	68.8	256	80	0	16	271	3	258	2.55e-136	395
seq182_5e2r	1CAN_A	68.8	256	80	0	16	271	3	258	2.64e-136	395
seq182_5e2r	3PYK_A	68.8	256	80	0	16	271	3	258	2.64e-136	395
seq182_5e2r	NP_000058.1	68.8	256	80	0	16	271	3	258	2.64e-136	395
seq182_5e2r	AAX36973.1	68.8	256	80	0	16	271	3	258	2.73e-136	395
seq182_5e2r	6EQU_A	68.8	256	80	0	16	271	4	259	2.73e-136	395
seq182_5e2r	4PQ7_A	68.8	256	80	0	16	271	5	260	2.83e-136	395
seq182_5e2r	3M04_A	68.8	256	80	0	16	271	8	263	3.15e-136	395
seq182_5e2r	5ZXW_A	68.8	256	80	0	16	271	9	264	3.26e-136	395
seq182_5e2r	5JEG_B	68.4	256	81	0	16	271	2	257	3.62e-136	395
seq182_5e2r	3U3A_X	68.4	256	81	0	16	271	3	258	3.75e-136	395
seq182_5e2r	4QEF_A	68.4	256	81	0	16	271	3	258	3.75e-136	395
seq182_5e2r	1TH9_A	68.8	256	80	0	16	271	3	258	3.75e-136	395
seq182_5e2r	QIM57069.1	68.8	256	80	0	16	271	3	258	3.76e-136	395
seq503_5e2r	XP_064240409.1	60.7	252	99	0	2	253	5	256	7.32e-111	330
seq503_5e2r	XP_039320482.1	60.7	252	99	0	2	253	5	256	1.47e-110	330
seq503_5e2r	XP_006859299.1	59.9	252	101	0	2	253	5	256	2.09e-110	329
seq503_5e2r	XP_010380058.2	60.7	252	99	0	2	253	5	256	2.09e-110	329
seq503_5e2r	XP_023083603.1	60.7	252	99	0	2	253	5	256	2.97e-110	329
seq503_5e2r	4BCW_A	60.7	252	99	0	2	253	2	253	3.80e-110	328
seq503_5e2r	3DBU_A	60.7	252	99	0	2	253	5	256	4.21e-110	328
seq503_5e2r	KAL0599103.1	60.3	252	100	0	2	253	5	256	4.21e-110	328
seq503_5e2r	XP_002759086.1	60.7	252	99	0	2	253	5	256	4.21e-110	328
seq503_5e2r	XP_011792486.1	60.5	253	100	0	1	253	4	256	5.98e-110	328
seq503_5e2r	3TVN_X	60.3	252	100	0	2	253	3	254	1.12e-109	327
seq503_5e2r	XP_033059414.1	60.3	252	100	0	2	253	5	256	1.20e-109	327
seq503_5e2r	XP_003269568.1	60.3	252	100	0	2	253	5	256	1.71e-109	327
seq503_5e2r	1UGD_A	60.3	252	100	0	2	253	3	254	2.26e-109	327
seq503_5e2r	XP_017377294.1	59.9	252	101	0	2	253	5	256	2.42e-109	327
seq503_5e2r	4HBA_A	59.9	252	101	0	2	253	5	256	2.42e-109	327
seq503_5e2r	3TVO_X	59.9	252	101	0	2	253	3	254	4.56e-109	326
seq503_5e2r	5JG3_B	59.9	252	101	0	2	253	4	255	4.72e-109	326
seq503_5e2r	7ONV_AAA	59.9	252	101	0	2	253	5	256	5.05e-109	326
seq503_5e2r	4KUV_A	59.9	252	101	0	2	253	1	252	6.04e-109	325
seq503_5e2r	8PHM_A	59.9	252	101	0	2	253	2	253	6.25e-109	325
seq503_5e2r	3R16_A	59.9	252	101	0	2	253	2	253	6.25e-109	325
seq503_5e2r	1UGF_A	59.9	252	101	0	2	253	3	254	6.47e-109	325
seq503_5e2r	4KAP_A	59.9	252	101	0	2	253	3	254	6.47e-109	325
seq503_5e2r	1XPZ_A	59.9	252	101	0	2	253	3	254	6.47e-109	325
seq118_5e2r	4YGJ_A	64.3	266	83	1	1	266	3	256	3.19e-126	370
seq118_5e2r	3RYV_B	64.3	266	83	1	1	266	4	257	3.30e-126	370
seq118_5e2r	1UGF_A	64.3	266	83	1	1	266	3	256	9.12e-126	369
seq118_5e2r	4BCW_A	63.9	266	84	1	1	266	2	255	1.77e-125	368
seq118_5e2r	3DBU_A	63.9	266	84	1	1	266	5	258	1.97e-125	368
seq118_5e2r	3TVN_X	63.9	266	84	1	1	266	3	256	2.61e-125	367
seq118_5e2r	1UGD_A	63.9	266	84	1	1	266	3	256	3.70e-125	367
seq118_5e2r	7ONQ_A	63.9	266	84	1	1	266	5	258	3.97e-125	367
seq118_5e2r	7ONQ_AAA	63.9	266	84	1	1	266	5	258	3.97e-125	367
seq118_5e2r	XP_010380058.2	63.9	266	84	1	1	266	5	258	3.97e-125	367
seq118_5e2r	XP_023083603.1	63.9	266	84	1	1	266	5	258	3.97e-125	367
seq118_5e2r	7ONV_AAA	63.9	266	84	1	1	266	5	258	4.11e-125	367
seq118_5e2r	4KUV_A	63.9	266	84	1	1	266	1	254	4.90e-125	367
seq118_5e2r	8PHM_A	63.9	266	84	1	1	266	2	255	5.07e-125	367
seq118_5e2r	4ZWI_A	63.9	266	84	1	1	266	2	255	5.07e-125	367
seq118_5e2r	3R16_A	63.9	266	84	1	1	266	2	255	5.07e-125	367
seq118_5e2r	4KAP_A	63.9	266	84	1	1	266	3	256	5.26e-125	367
seq118_5e2r	1XPZ_A	63.9	266	84	1	1	266	3	256	5.26e-125	367
seq118_5e2r	1A42_A	63.9	266	84	1	1	266	4	257	5.44e-125	367
seq118_5e2r	5NXI_A	63.9	266	84	1	1	266	4	257	5.44e-125	367
seq118_5e2r	2POV_A	63.9	266	84	1	1	266	5	258	5.44e-125	367
seq118_5e2r	1CAN_A	63.9	266	84	1	1	266	5	258	5.64e-125	367
seq118_5e2r	8OGD_A	63.9	266	84	1	1	266	5	258	5.64e-125	367
seq118_5e2r	3PYK_A	63.9	266	84	1	1	266	5	258	5.64e-125	367
seq118_5e2r	1TH9_A	63.9	266	84	1	1	266	5	258	5.64e-125	367
seq142_5e2r	6QL1_A	68.9	254	79	0	2	255	5	258	3.15e-133	387
seq142_5e2r	4BCW_A	68.9	254	79	0	2	255	2	255	4.02e-133	387
seq142_5e2r	3DBU_A	68.9	254	79	0	2	255	5	258	4.47e-133	387
seq142_5e2r	1UGF_A	68.9	254	79	0	2	255	3	256	5.91e-133	386
seq142_5e2r	3TVN_X	68.9	254	79	0	2	255	3	256	5.91e-133	386
seq142_5e2r	3MNH_A	68.9	254	79	0	2	255	5	258	6.34e-133	386
seq142_5e2r	4ZX1_A	68.9	254	79	0	2	255	2	255	8.10e-133	386
seq142_5e2r	6B00_A	68.9	254	79	0	2	255	5	258	1.58e-132	385
seq142_5e2r	6NJ3_A	68.9	254	79	0	2	255	5	258	2.24e-132	385
seq142_5e2r	4K0S_A	68.5	254	80	0	2	255	2	255	2.32e-132	385
seq142_5e2r	4M2W_A	68.5	254	80	0	2	255	2	255	2.32e-132	385
seq142_5e2r	5SZ7_A	68.5	254	80	0	2	255	2	255	2.32e-132	385
seq142_5e2r	4K0Z_A	68.5	254	80	0	2	255	3	256	2.40e-132	385
seq142_5e2r	3TVO_X	68.5	254	80	0	2	255	3	256	2.40e-132	385
seq142_5e2r	1UGD_A	68.5	254	80	0	2	255	3	256	2.40e-132	385
seq142_5e2r	5JG3_B	68.5	254	80	0	2	255	4	257	2.49e-132	385
seq142_5e2r	5OGN_A	68.5	254	80	0	2	255	4	257	2.49e-132	385
seq142_5e2r	4R59_A	68.5	254	80	0	2	255	5	258	2.58e-132	385
seq142_5e2r	7ONQ_AAA	68.5	254	80	0	2	255	5	258	2.58e-132	385
seq142_5e2r	6T7U_A	68.5	254	80	0	2	255	5	258	2.58e-132	385
seq142_5e2r	XP_010380058.2	68.5	254	80	0	2	255	5	258	2.58e-132	385
seq142_5e2r	7ONV_AAA	68.5	254	80	0	2	255	5	258	2.67e-132	385
seq142_5e2r	4KUV_A	68.5	254	80	0	2	255	1	254	3.18e-132	384
seq142_5e2r	8PHM_A	68.5	254	80	0	2	255	2	255	3.29e-132	384
seq142_5e2r	4ZWI_A	68.5	254	80	0	2	255	2	255	3.29e-132	384
seq754_5e2r	XP_017377294.1	53.1	273	109	2	2	274	5	258	6.13e-98	298
seq754_5e2r	XP_032105929.1	53.1	273	109	2	2	274	5	258	6.13e-98	298
seq754_5e2r	KAL0599103.1	53.1	273	109	2	2	274	5	258	8.69e-98	298
seq754_5e2r	XP_064240409.1	52.7	273	110	2	2	274	5	258	2.48e-97	297
seq754_5e2r	XP_039320482.1	52.7	273	110	2	2	274	5	258	7.08e-97	296
seq754_5e2r	XP_002759086.1	53.1	273	109	2	2	274	5	258	7.08e-97	296
seq754_5e2r	XP_018614296.2	54.6	273	105	2	2	274	5	258	1.00e-96	295
seq754_5e2r	6B00_A	52.7	273	110	2	2	274	5	258	1.23e-96	295
seq754_5e2r	6NJ3_A	52.7	273	110	2	2	274	5	258	1.74e-96	295
seq754_5e2r	UER43521.1	52.7	273	110	2	2	274	5	258	1.74e-96	295
seq754_5e2r	1UGF_A	53.1	273	109	2	2	274	3	256	1.89e-96	295
seq754_5e2r	XP_010380058.2	52.4	273	111	2	2	274	5	258	2.02e-96	295
seq754_5e2r	6NJ2_A	52.7	273	110	2	2	274	5	258	2.47e-96	295
seq754_5e2r	UER43520.1	52.7	273	110	2	2	274	5	258	2.47e-96	295
seq754_5e2r	NP_001182346.1	52.4	273	111	2	2	274	5	258	2.86e-96	294
seq754_5e2r	BAE91302.1	52.4	273	111	2	2	274	5	258	2.86e-96	294
seq754_5e2r	XP_036033606.1	54.2	273	106	3	2	274	5	258	2.86e-96	294
seq754_5e2r	3MNK_A	53.1	273	109	3	2	274	5	258	2.86e-96	294
seq754_5e2r	XP_007999199.2	52.7	273	110	2	2	274	5	258	4.06e-96	294
seq754_5e2r	3V3G_B	52.4	273	111	2	2	274	5	258	4.06e-96	294
seq754_5e2r	XP_033059414.1	52.4	273	111	2	2	274	5	258	4.06e-96	294
seq754_5e2r	XP_055142645.1	52.7	273	110	2	2	274	5	258	4.06e-96	294
seq754_5e2r	XP_011887202.1	52.4	273	111	2	2	274	5	258	5.76e-96	293
seq754_5e2r	XP_003269568.1	52.7	273	110	2	2	274	5	258	5.76e-96	293
seq754_5e2r	1UGD_A	52.7	273	110	2	2	274	3	256	7.64e-96	293
seq755_5e2r	XP_064240409.1	54.7	274	104	2	2	275	5	258	1.02e-101	308
seq755_5e2r	XP_018614296.2	56.9	274	98	2	2	275	5	258	1.02e-101	308
seq755_5e2r	KAL0599103.1	54.7	274	104	2	2	275	5	258	1.44e-101	308
seq755_5e2r	XP_039320482.1	54.7	274	104	2	2	275	5	258	2.91e-101	307
seq755_5e2r	XP_002759086.1	54.7	274	104	2	2	275	5	258	1.18e-100	305
seq755_5e2r	1UGF_A	54.7	274	104	2	2	275	3	256	3.14e-100	304
seq755_5e2r	5G01_A	54.7	274	104	2	2	275	5	258	3.36e-100	304
seq755_5e2r	5T75_A	54.7	274	104	2	2	275	5	258	4.76e-100	304
seq755_5e2r	3PJJ_A	54.7	274	104	2	2	275	4	257	6.53e-100	303
seq755_5e2r	UER43521.1	54.4	274	105	2	2	275	5	258	8.28e-100	303
seq755_5e2r	XP_003269568.1	54.4	274	105	2	2	275	5	258	9.59e-100	303
seq755_5e2r	1UGD_A	54.4	274	105	2	2	275	3	256	1.27e-99	303
seq755_5e2r	1007140A	53.6	274	107	2	2	275	4	257	1.31e-99	303
seq755_5e2r	4KUV_A	54.4	274	105	2	2	275	1	254	1.68e-99	302
seq755_5e2r	4BCW_A	54.4	274	105	2	2	275	2	255	1.74e-99	302
seq755_5e2r	8PHM_A	54.4	274	105	2	2	275	2	255	1.74e-99	302
seq755_5e2r	3R16_A	54.4	274	105	2	2	275	2	255	1.74e-99	302
seq755_5e2r	4YGJ_A	54.4	274	105	2	2	275	3	256	1.80e-99	302
seq755_5e2r	4KAP_A	54.4	274	105	2	2	275	3	256	1.80e-99	302
seq755_5e2r	1XPZ_A	54.4	274	105	2	2	275	3	256	1.80e-99	302
seq755_5e2r	1A42_A	54.4	274	105	2	2	275	4	257	1.86e-99	302
seq755_5e2r	5NXI_A	54.4	274	105	2	2	275	4	257	1.86e-99	302
seq755_5e2r	3RYV_B	54.4	274	105	2	2	275	4	257	1.86e-99	302
seq755_5e2r	2POV_A	54.4	274	105	2	2	275	5	258	1.86e-99	302
seq755_5e2r	3DBU_A	54.4	274	105	2	2	275	5	258	1.93e-99	302
seq1497_5e2r	XP_056105247.1	53.6	250	112	2	3	252	10	255	3.10e-90	278
seq1497_5e2r	XP_018614296.2	53.0	251	114	2	3	253	10	256	4.40e-90	278
seq1497_5e2r	XP_028832472.1	53.2	250	113	2	4	253	11	256	2.52e-89	276
seq1497_5e2r	KPP59648.1	53.2	248	112	2	6	253	1	244	4.67e-89	275
seq1497_5e2r	XP_051543501.1	53.2	250	113	2	3	252	10	255	5.08e-89	275
seq1497_5e2r	NP_001187560.1	52.4	250	115	2	4	253	11	256	7.20e-89	275
seq1497_5e2r	Q8UWA5.3	52.8	250	114	2	3	252	10	255	7.20e-89	275
seq1497_5e2r	XP_013860877.1	52.8	250	114	2	4	253	11	256	7.44e-89	275
seq1497_5e2r	KAK2855264.1	52.4	250	115	2	4	253	11	256	1.99e-88	273
seq1497_5e2r	XP_053507549.1	52.4	250	115	2	4	253	11	256	2.05e-88	273
seq1497_5e2r	XP_060726900.1	52.0	250	116	2	4	253	11	256	8.04e-88	272
seq1497_5e2r	XP_026998648.1	51.2	252	119	2	2	253	8	255	8.04e-88	272
seq1497_5e2r	MEQ2298841.1	50.4	250	120	2	4	253	11	256	8.31e-88	272
seq1497_5e2r	XP_060726901.1	52.0	250	116	2	4	253	11	256	1.14e-87	271
seq1497_5e2r	GAA6102356.1	52.4	250	115	2	4	253	11	256	1.14e-87	271
seq1497_5e2r	XP_027013006.1	52.4	250	115	2	4	253	11	256	1.14e-87	271
seq1497_5e2r	XP_035993705.1	50.8	250	119	2	4	253	11	256	1.18e-87	271
seq1497_5e2r	MEQ2197101.1	50.8	250	119	2	4	253	11	256	1.18e-87	271
seq1497_5e2r	XP_056306953.1	52.5	255	114	3	2	253	6	256	1.18e-87	271
seq1497_5e2r	KAK2844034.1	51.6	250	117	2	4	253	11	256	1.18e-87	271
seq1497_5e2r	XP_004697542.1	51.0	251	119	2	3	253	10	256	1.67e-87	271
seq1497_5e2r	XP_019740325.1	52.0	250	116	2	4	253	11	256	1.67e-87	271
seq1497_5e2r	XP_051538368.1	51.8	251	117	2	3	253	10	256	2.37e-87	271
seq1497_5e2r	XP_024129250.1	52.4	250	115	2	4	253	11	256	2.37e-87	271
seq1497_5e2r	MED6261601.1	50.8	250	119	2	4	253	11	256	2.37e-87	271
seq1507_5e2r	XP_051556324.1	55.0	249	112	0	1	249	8	256	4.82e-98	298
seq1507_5e2r	TRY64617.1	54.8	248	112	0	1	248	8	255	4.82e-98	298
seq1507_5e2r	XP_018614296.2	56.2	249	109	0	1	249	8	256	6.83e-98	297
seq1507_5e2r	XP_030629904.1	55.8	249	110	0	1	249	8	256	6.83e-98	297
seq1507_5e2r	XP_022534849.1	56.1	246	108	0	3	248	10	255	6.83e-98	297
seq1507_5e2r	KAK2844034.1	55.0	249	112	0	1	249	8	256	9.70e-98	297
seq1507_5e2r	XP_051984134.1	54.2	249	114	0	1	249	8	256	9.70e-98	297
seq1507_5e2r	XP_051553060.1	54.6	249	113	0	1	249	8	256	1.38e-97	296
seq1507_5e2r	XP_051989830.1	54.2	249	114	0	1	249	8	256	2.77e-97	296
seq1507_5e2r	XP_056332595.1	54.2	249	114	0	1	249	8	256	3.93e-97	295
seq1507_5e2r	KAK7159234.1	53.8	249	115	0	1	249	8	256	7.91e-97	295
seq1507_5e2r	MCJ8744748.1	54.2	249	114	0	1	249	8	256	7.91e-97	295
seq1507_5e2r	NP_571185.1	54.2	249	114	0	1	249	8	256	7.91e-97	295
seq1507_5e2r	XP_026998648.1	54.0	248	114	0	2	249	8	255	1.08e-96	294
seq1507_5e2r	XP_039533206.1	53.4	249	116	0	1	249	8	256	1.12e-96	294
seq1507_5e2r	XP_036411939.1	55.1	247	111	0	3	249	10	256	1.12e-96	294
seq1507_5e2r	XP_017561465.1	54.3	247	113	0	3	249	10	256	1.12e-96	294
seq1507_5e2r	KAL2097415.1	54.2	249	114	0	1	249	8	256	1.12e-96	294
seq1507_5e2r	XP_016338294.1	53.8	249	115	0	1	249	8	256	1.59e-96	294
seq1507_5e2r	XP_067331114.1	54.6	249	113	0	1	249	8	256	1.59e-96	294
seq1507_5e2r	XP_024129250.1	55.3	246	110	0	4	249	11	256	1.59e-96	294
seq1507_5e2r	TRY64618.1	54.9	244	110	0	5	248	14	257	1.70e-96	294
seq1507_5e2r	KPP59648.1	56.6	244	106	0	6	249	1	244	2.06e-96	293
seq1507_5e2r	XP_005737598.1	56.3	245	107	0	5	249	12	256	3.20e-96	293
seq1507_5e2r	XP_050986983.1	53.8	249	115	0	1	249	8	256	3.20e-96	293
seq1533_5e2r	6B00_A	52.5	219	95	3	45	254	40	258	6.31e-69	224
seq1533_5e2r	6NJ2_A	52.5	219	95	3	45	254	40	258	1.27e-68	223
seq1533_5e2r	6NJ3_A	52.5	219	95	3	45	254	40	258	1.79e-68	223
seq1533_5e2r	XP_003408289.2	51.6	219	97	3	45	254	40	258	2.98e-68	222
seq1533_5e2r	3V3I_B	52.1	219	96	3	45	254	40	258	5.98e-68	221
seq1533_5e2r	XP_022534849.1	45.6	261	125	4	1	252	4	256	5.98e-68	221
seq1533_5e2r	XP_031548178.1	47.5	263	120	6	2	254	5	259	1.75e-67	220
seq1533_5e2r	3V3G_B	51.6	219	97	3	45	254	40	258	3.41e-67	219
seq1533_5e2r	KAI4887295.1	45.8	253	122	4	17	254	6	258	6.83e-67	219
seq1533_5e2r	3V3F_A	51.6	219	97	3	45	254	40	258	6.83e-67	219
seq1533_5e2r	XP_049604677.1	52.5	217	94	3	44	251	39	255	6.83e-67	219
seq1533_5e2r	XP_064240409.1	52.1	219	96	3	45	254	40	258	6.83e-67	219
seq1533_5e2r	XP_017561465.1	49.3	223	104	2	41	254	36	258	6.83e-67	219
seq1533_5e2r	4PXX_A	51.1	219	98	3	45	254	40	258	6.83e-67	219
seq1533_5e2r	XP_017377294.1	46.1	267	117	6	2	254	5	258	1.37e-66	218
seq1533_5e2r	XP_039320482.1	51.6	219	97	3	45	254	40	258	1.94e-66	218
seq1533_5e2r	3V3J_A	51.6	219	97	3	45	254	40	258	2.75e-66	217
seq1533_5e2r	ADD83028.1	51.4	216	96	3	48	254	43	258	2.75e-66	217
seq1533_5e2r	XP_004656973.1	45.9	266	119	6	2	254	5	258	2.75e-66	217
seq1533_5e2r	KAL2766929.1	52.8	216	93	3	48	254	43	258	3.89e-66	217
seq1533_5e2r	XP_011792486.1	47.4	253	118	5	17	254	6	258	3.89e-66	217
seq1533_5e2r	3MNI_A	51.6	219	97	3	45	254	40	258	5.51e-66	216
seq1533_5e2r	XP_003902981.1	51.6	219	97	3	45	254	40	258	5.51e-66	216
seq1533_5e2r	EHH28619.1	51.6	219	97	3	45	254	29	247	5.53e-66	216
seq1533_5e2r	4BCW_A	51.6	219	97	3	45	254	37	255	7.11e-66	216
seq3087_5e2r	XP_042523231.1	46.6	266	120	3	6	267	11	258	4.57e-86	268
seq3087_5e2r	XP_055459584.1	48.1	266	116	3	6	267	11	258	4.57e-86	268
seq3087_5e2r	AAM94169.1	49.6	268	112	6	5	267	10	259	4.73e-86	268
seq3087_5e2r	GAB1287392.1	48.9	266	114	3	6	267	11	258	9.20e-86	267
seq3087_5e2r	XP_062843557.1	47.7	266	117	6	6	267	11	258	9.20e-86	267
seq3087_5e2r	NP_001344263.1	47.7	266	117	3	6	267	11	258	9.20e-86	267
seq3087_5e2r	XP_069847109.1	46.2	266	121	3	6	267	11	258	1.30e-85	267
seq3087_5e2r	XP_052572074.1	49.4	267	113	4	5	267	10	258	1.30e-85	267
seq3087_5e2r	XP_003408289.2	48.5	266	115	5	6	267	11	258	1.30e-85	267
seq3087_5e2r	XP_035285728.1	49.2	266	113	5	6	267	11	258	1.85e-85	266
seq3087_5e2r	XP_012868011.1	46.4	267	121	3	5	267	10	258	1.85e-85	266
seq3087_5e2r	XP_007535409.1	47.6	271	119	4	1	267	7	258	2.62e-85	266
seq3087_5e2r	XP_004679812.1	47.7	266	117	3	6	267	11	258	2.62e-85	266
seq3087_5e2r	XP_061110523.1	49.6	266	112	5	6	267	11	258	2.62e-85	266
seq3087_5e2r	XP_059109901.1	49.1	267	114	4	5	267	10	258	3.72e-85	266
seq3087_5e2r	AAA37357.1	47.7	266	117	3	6	267	11	258	3.72e-85	266
seq3087_5e2r	XP_015843700.1	49.1	267	114	4	5	267	10	258	3.72e-85	266
seq3087_5e2r	XP_016327679.1	50.0	268	112	4	4	267	9	258	3.72e-85	266
seq3087_5e2r	MBN3318469.1	49.6	266	111	6	7	267	4	251	4.18e-85	265
seq3087_5e2r	XP_021519321.1	48.1	266	116	3	6	267	11	258	5.27e-85	265
seq3087_5e2r	XP_028740984.1	49.1	267	114	4	5	267	10	258	5.27e-85	265
seq3087_5e2r	XP_049604679.1	49.6	266	112	3	5	266	10	257	5.27e-85	265
seq3087_5e2r	XP_036033606.1	49.1	267	114	4	5	267	10	258	5.27e-85	265
seq3087_5e2r	XP_015280955.1	49.6	266	112	6	6	267	11	258	5.27e-85	265
seq3087_5e2r	AAH55291.1	47.4	266	118	3	6	267	11	258	5.27e-85	265
seq2917_5e2r	XP_004697542.1	48.6	255	127	3	7	258	5	258	8.76e-84	262
seq2917_5e2r	XP_004441192.1	50.0	254	125	2	7	258	5	258	8.76e-84	262
seq2917_5e2r	XP_036780974.2	50.0	254	125	2	7	258	5	258	5.02e-83	260
seq2917_5e2r	XP_036854155.1	49.6	254	126	2	7	258	5	258	5.02e-83	260
seq2917_5e2r	XP_023581663.1	48.8	254	128	2	7	258	5	258	5.02e-83	260
seq2917_5e2r	XP_019958779.1	50.6	255	122	3	7	258	3	256	6.67e-83	259
seq2917_5e2r	XP_064240409.1	49.6	254	126	2	7	258	5	258	7.12e-83	259
seq2917_5e2r	XP_058384947.1	50.0	254	125	2	7	258	5	258	7.12e-83	259
seq2917_5e2r	KAI5255476.1	50.0	254	125	2	7	258	5	258	1.01e-82	259
seq2917_5e2r	XP_018614296.2	50.4	254	124	2	7	258	5	258	1.01e-82	259
seq2917_5e2r	XP_017377294.1	49.2	254	127	2	7	258	5	258	1.01e-82	259
seq2917_5e2r	XP_040911161.1	49.0	255	126	3	7	258	5	258	1.01e-82	259
seq2917_5e2r	XP_039320482.1	49.6	254	126	2	7	258	5	258	2.03e-82	258
seq2917_5e2r	XP_030015405.1	50.2	255	123	4	7	258	5	258	2.87e-82	258
seq2917_5e2r	KAL0599103.1	49.6	254	126	2	7	258	5	258	4.08e-82	258
seq2917_5e2r	XP_036374928.1	49.4	255	125	3	7	258	5	258	5.78e-82	257
seq2917_5e2r	XP_032105929.1	48.8	254	128	2	7	258	5	258	5.78e-82	257
seq2917_5e2r	XP_006634514.1	50.0	256	123	4	7	258	5	259	5.97e-82	257
seq2917_5e2r	XP_062235617.1	49.2	254	127	2	7	258	3	256	7.67e-82	257
seq2917_5e2r	XP_068604451.1	51.6	256	118	5	7	258	5	258	8.00e-82	257
seq2917_5e2r	XP_035271484.1	48.6	255	127	3	7	258	5	258	8.19e-82	257
seq2917_5e2r	XP_003408289.2	48.4	254	129	2	7	258	5	258	8.19e-82	257
seq2917_5e2r	XP_035285728.1	48.6	255	127	3	7	258	5	258	1.16e-81	256
seq2917_5e2r	XP_011606415.2	49.8	255	124	3	7	258	5	258	1.16e-81	256
seq2917_5e2r	KAG5841949.1	48.6	255	127	3	7	258	5	258	1.65e-81	256
seq3327_5e2r	XP_064240409.1	51.4	255	123	1	6	259	5	259	2.18e-94	289
seq3327_5e2r	XP_039320482.1	51.4	255	123	1	6	259	5	259	4.39e-94	288
seq3327_5e2r	KAL0599103.1	51.4	255	123	1	6	259	5	259	6.23e-94	288
seq3327_5e2r	XP_031548178.1	50.8	256	124	2	6	259	5	260	6.44e-94	288
seq3327_5e2r	3V3I_B	50.6	255	125	1	6	259	5	259	1.25e-93	287
seq3327_5e2r	XP_017377294.1	51.0	255	124	1	6	259	5	259	1.78e-93	286
seq3327_5e2r	XP_032326138.1	51.2	256	123	2	6	259	5	260	1.84e-93	286
seq3327_5e2r	3V3F_A	50.6	255	125	1	6	259	5	259	2.52e-93	286
seq3327_5e2r	XP_010950250.1	51.2	256	123	2	6	259	5	260	2.61e-93	286
seq3327_5e2r	XP_031297263.2	51.2	256	123	2	6	259	5	260	2.61e-93	286
seq3327_5e2r	KAB1256598.1	51.2	256	123	2	6	259	5	260	2.61e-93	286
seq3327_5e2r	3V3J_A	50.6	255	125	1	6	259	5	259	5.07e-93	285
seq3327_5e2r	XP_002759086.1	51.0	255	124	1	6	259	5	259	5.07e-93	285
seq3327_5e2r	1007140A	51.4	255	123	1	6	259	4	258	6.96e-93	285
seq3327_5e2r	3V3G_B	50.2	255	126	1	6	259	5	259	7.20e-93	285
seq3327_5e2r	4PXX_A	50.2	255	126	1	6	259	5	259	7.20e-93	285
seq3327_5e2r	XP_016054435.1	52.0	252	120	1	9	259	35	286	8.78e-93	286
seq3327_5e2r	4YGJ_A	50.6	255	125	1	6	259	3	257	9.55e-93	285
seq3327_5e2r	3RYV_B	50.6	255	125	1	6	259	4	258	9.87e-93	285
seq3327_5e2r	XP_032105929.1	50.6	255	125	1	6	259	5	259	1.02e-92	285
seq3327_5e2r	1UGB_A	50.6	255	125	1	6	259	3	257	1.92e-92	284
seq3327_5e2r	3V3H_B	50.2	255	126	1	6	259	5	259	2.05e-92	284
seq3327_5e2r	4BCW_A	50.6	255	125	1	6	259	2	256	2.63e-92	283
seq3327_5e2r	3TVN_X	50.6	255	125	1	6	259	3	257	2.72e-92	283
seq3327_5e2r	3PJJ_A	50.6	255	125	1	6	259	4	258	2.82e-92	283
seq2938_5e2r	XP_018596813.1	54.3	256	110	5	2	252	5	258	9.84e-89	274
seq2938_5e2r	XP_028919104.1	51.8	257	117	5	1	252	5	259	6.73e-87	270
seq2938_5e2r	XP_003782556.1	52.0	256	118	4	1	252	4	258	1.86e-86	268
seq2938_5e2r	XP_048866610.1	53.5	256	114	4	1	252	4	258	2.63e-86	268
seq2938_5e2r	XP_040027446.1	54.5	255	111	4	2	252	5	258	5.29e-86	267
seq2938_5e2r	XP_003408289.2	51.2	256	120	4	1	252	4	258	5.29e-86	267
seq2938_5e2r	XP_056148656.1	53.3	255	114	4	2	252	5	258	1.06e-85	266
seq2938_5e2r	NP_001182637.1	52.3	256	117	4	1	252	4	258	1.51e-85	266
seq2938_5e2r	XP_023671950.1	53.7	255	113	4	2	252	5	258	2.14e-85	266
seq2938_5e2r	XP_051052855.1	52.0	256	118	4	1	252	4	258	2.14e-85	266
seq2938_5e2r	XP_054458351.1	52.9	255	115	4	2	252	5	258	3.03e-85	265
seq2938_5e2r	XP_054840575.1	50.8	256	121	4	1	252	4	258	3.03e-85	265
seq2938_5e2r	XP_001927840.1	52.0	256	118	4	1	252	4	258	3.03e-85	265
seq2938_5e2r	XP_004697542.1	51.6	256	119	4	1	252	4	258	4.30e-85	265
seq2938_5e2r	XP_030629904.1	53.1	256	113	5	2	252	5	258	6.10e-85	265
seq2938_5e2r	XP_036293247.1	52.0	256	118	4	1	252	4	258	6.10e-85	265
seq2938_5e2r	XP_048363242.1	50.4	256	122	4	1	252	4	258	6.10e-85	265
seq2938_5e2r	XP_036374928.1	52.9	255	115	4	2	252	5	258	8.65e-85	264
seq2938_5e2r	XP_048214409.1	52.7	256	116	4	1	252	4	258	8.65e-85	264
seq2938_5e2r	XP_053414479.1	51.2	256	120	4	1	252	4	258	8.65e-85	264
seq2938_5e2r	KAJ8336990.1	53.3	255	114	4	2	252	5	258	8.65e-85	264
seq2938_5e2r	XP_037314418.2	52.9	255	115	4	2	252	5	258	1.23e-84	264
seq2938_5e2r	3V3I_B	51.2	256	120	4	1	252	4	258	1.23e-84	264
seq2938_5e2r	XP_062426528.1	51.2	256	120	4	1	252	4	258	1.23e-84	264
seq2938_5e2r	XP_023581663.1	51.2	256	120	4	1	252	4	258	1.23e-84	264
seq939_5e2r	4Q08_A	53.5	254	112	1	1	254	5	252	6.48e-90	277
seq939_5e2r	XP_010380058.2	53.9	254	111	1	1	254	5	252	3.72e-89	275
seq939_5e2r	XP_058384947.1	52.8	254	114	2	1	254	5	252	7.47e-89	275
seq939_5e2r	6B00_A	52.4	254	115	1	1	254	5	252	2.60e-88	273
seq939_5e2r	4Q06_A	52.8	254	114	1	1	254	5	252	3.02e-88	273
seq939_5e2r	6NJ3_A	52.4	254	115	1	1	254	5	252	3.69e-88	273
seq939_5e2r	XP_028919104.1	52.8	254	114	2	1	254	6	253	4.43e-88	273
seq939_5e2r	XP_007999199.2	52.8	254	114	1	1	254	5	252	6.08e-88	272
seq939_5e2r	5G01_A	52.8	254	114	1	1	254	5	252	6.08e-88	272
seq939_5e2r	6NJ2_A	52.4	254	115	1	1	254	5	252	7.41e-88	272
seq939_5e2r	3DVD_A	52.8	254	114	1	1	254	4	251	8.34e-88	272
seq939_5e2r	NP_001182346.1	52.4	254	115	1	1	254	5	252	8.62e-88	272
seq939_5e2r	XP_023083603.1	53.1	254	113	1	1	254	5	252	8.62e-88	272
seq939_5e2r	4BCW_A	52.8	254	114	1	1	254	2	249	1.11e-87	271
seq939_5e2r	3DBU_A	52.8	254	114	1	1	254	5	252	1.22e-87	271
seq939_5e2r	3V3I_B	52.0	254	116	1	1	254	5	252	1.22e-87	271
seq939_5e2r	1UGD_A	52.8	254	114	1	1	254	3	250	1.62e-87	271
seq939_5e2r	XP_011887202.1	52.4	254	115	1	1	254	5	252	1.73e-87	271
seq939_5e2r	3V3G_B	52.0	254	116	1	1	254	5	252	1.73e-87	271
seq939_5e2r	BAE91302.1	52.4	254	115	1	1	254	5	252	1.73e-87	271
seq939_5e2r	1G3Z_A	52.4	254	115	1	1	254	4	251	2.38e-87	271
seq939_5e2r	3V3F_A	52.2	253	115	1	1	253	5	251	2.46e-87	271
seq939_5e2r	1G0E_A	52.4	254	115	1	1	254	5	252	2.46e-87	271
seq939_5e2r	XP_004441192.1	52.2	253	115	2	1	253	5	251	2.46e-87	271
seq939_5e2r	3TVN_X	52.4	254	115	1	1	254	3	250	3.26e-87	270
seq1795_5e2r	XP_023581663.1	57.4	230	98	0	5	234	11	240	2.27e-96	293
seq1795_5e2r	3V3I_B	58.8	226	93	0	5	230	11	236	3.23e-96	293
seq1795_5e2r	4Q06_A	57.8	230	97	0	5	234	11	240	6.50e-96	292
seq1795_5e2r	4K0S_A	57.8	230	97	0	5	234	8	237	8.33e-96	291
seq1795_5e2r	4BCW_A	57.8	230	97	0	5	234	8	237	8.33e-96	291
seq1795_5e2r	4K0Z_A	57.8	230	97	0	5	234	9	238	8.61e-96	291
seq1795_5e2r	3DBU_A	57.8	230	97	0	5	234	11	240	9.21e-96	291
seq1795_5e2r	5OGP_A	57.8	230	97	0	5	234	10	239	1.26e-95	291
seq1795_5e2r	4R5A_A	57.4	230	98	0	5	234	11	240	1.31e-95	291
seq1795_5e2r	8OKT_A	57.4	230	98	0	5	234	11	240	1.31e-95	291
seq1795_5e2r	4M2W_A	57.4	230	98	0	5	234	8	237	1.68e-95	291
seq1795_5e2r	4M2V_A	57.4	230	98	0	5	234	8	237	1.68e-95	291
seq1795_5e2r	5SZ7_A	57.4	230	98	0	5	234	8	237	1.68e-95	291
seq1795_5e2r	5OGN_A	57.4	230	98	0	5	234	10	239	1.79e-95	291
seq1795_5e2r	EHH28619.1	57.6	229	97	0	6	234	1	229	1.82e-95	290
seq1795_5e2r	3V3F_A	58.4	226	94	0	5	230	11	236	1.85e-95	291
seq1795_5e2r	6RZX_A	57.4	230	98	0	5	234	11	240	1.85e-95	291
seq1795_5e2r	3V3G_B	58.4	226	94	0	5	230	11	236	1.85e-95	291
seq1795_5e2r	BAE91302.1	57.4	230	98	0	5	234	11	240	1.85e-95	291
seq1795_5e2r	4R59_A	57.4	230	98	0	5	234	11	240	1.85e-95	291
seq1795_5e2r	UER43521.1	58.0	226	95	0	5	230	11	236	2.27e-95	291
seq1795_5e2r	3TVN_X	57.4	230	98	0	5	234	9	238	2.46e-95	290
seq1795_5e2r	3TVO_X	57.4	230	98	0	5	234	9	238	2.46e-95	290
seq1795_5e2r	XP_011887202.1	57.4	230	98	0	5	234	11	240	2.63e-95	290
seq1795_5e2r	XP_011851027.1	57.4	230	98	0	5	234	11	240	2.63e-95	290
seq2062_5e2r	XP_004656973.1	54.5	242	110	0	3	244	7	248	3.23e-93	285
seq2062_5e2r	XP_003408289.2	54.5	242	110	0	3	244	7	248	4.59e-93	285
seq2062_5e2r	XP_023581663.1	54.5	242	110	0	3	244	7	248	1.86e-92	283
seq2062_5e2r	3V3I_B	54.4	237	108	0	8	244	12	248	7.52e-92	282
seq2062_5e2r	8OKT_A	54.1	242	111	0	3	244	7	248	7.52e-92	282
seq2062_5e2r	6RZX_A	53.7	242	112	0	3	244	7	248	1.51e-91	281
seq2062_5e2r	4Q06_A	54.1	242	111	0	3	244	7	248	1.51e-91	281
seq2062_5e2r	4K0S_A	54.1	242	111	0	3	244	4	245	1.94e-91	281
seq2062_5e2r	4M2W_A	53.7	242	112	0	3	244	4	245	1.94e-91	281
seq2062_5e2r	5SZ7_A	53.7	242	112	0	3	244	4	245	1.94e-91	281
seq2062_5e2r	4K0Z_A	54.1	242	111	0	3	244	5	246	2.01e-91	281
seq2062_5e2r	5OGP_A	53.7	242	112	0	3	244	6	247	2.07e-91	281
seq2062_5e2r	5OGN_A	53.7	242	112	0	3	244	6	247	2.07e-91	281
seq2062_5e2r	KAF0877480.1	54.4	237	108	0	8	244	1	237	2.11e-91	280
seq2062_5e2r	4R5A_A	53.7	242	112	0	3	244	7	248	2.15e-91	281
seq2062_5e2r	3V3F_A	53.3	242	113	0	3	244	7	248	2.15e-91	281
seq2062_5e2r	4R59_A	53.7	242	112	0	3	244	7	248	2.15e-91	281
seq2062_5e2r	4M2V_A	54.4	237	108	0	8	244	9	245	3.90e-91	280
seq2062_5e2r	5G03_A	54.1	242	111	0	3	244	7	248	4.32e-91	280
seq2062_5e2r	3V3G_B	54.0	237	109	0	8	244	12	248	4.32e-91	280
seq2062_5e2r	8QHG_A	54.1	242	111	0	3	244	13	254	5.27e-91	280
seq2062_5e2r	6B00_A	52.9	242	114	0	3	244	7	248	5.27e-91	280
seq2062_5e2r	4ZX1_A	53.3	242	113	0	3	244	4	245	5.54e-91	280
seq2062_5e2r	XP_008570869.1	53.4	238	111	0	7	244	77	314	6.52e-91	282
seq2062_5e2r	XP_004697542.1	52.5	242	115	0	3	244	7	248	8.68e-91	279
seq2990_5e2r	XP_003408289.2	50.2	245	121	1	6	249	14	258	1.10e-84	264
seq2990_5e2r	6B00_A	51.0	243	118	1	8	249	16	258	2.18e-83	261
seq2990_5e2r	XP_058506406.1	52.7	245	111	3	8	249	16	258	3.60e-83	260
seq2990_5e2r	6NJ2_A	51.0	243	118	1	8	249	16	258	4.38e-83	260
seq2990_5e2r	XP_004441192.1	51.0	243	118	1	8	249	16	258	7.24e-83	259
seq2990_5e2r	3V3G_B	50.6	243	119	1	8	249	16	258	1.46e-82	258
seq2990_5e2r	6NJ3_A	50.6	243	119	1	8	249	16	258	1.77e-82	258
seq2990_5e2r	3V3F_A	50.6	243	119	1	8	249	16	258	2.06e-82	258
seq2990_5e2r	3V3I_B	50.6	243	119	1	8	249	16	258	2.06e-82	258
seq2990_5e2r	XP_007954384.1	50.2	245	121	1	6	249	18	262	2.35e-82	258
seq2990_5e2r	XP_040911161.1	50.6	245	120	1	6	249	14	258	2.93e-82	258
seq2990_5e2r	XP_058384947.1	50.6	243	119	1	8	249	16	258	4.15e-82	257
seq2990_5e2r	XP_036939631.1	50.2	245	121	1	6	249	14	258	5.88e-82	257
seq2990_5e2r	XP_014447993.1	51.9	243	116	1	8	249	16	258	5.88e-82	257
seq2990_5e2r	XP_004697542.1	48.2	245	126	1	6	249	14	258	8.34e-82	256
seq2990_5e2r	3V3H_B	50.6	243	119	1	8	249	16	258	8.34e-82	256
seq2990_5e2r	XP_018551517.1	50.6	245	120	1	6	249	14	258	8.34e-82	256
seq2990_5e2r	XP_026863117.2	49.8	245	122	1	6	249	14	258	1.18e-81	256
seq2990_5e2r	KAL2766929.1	50.6	243	119	1	8	249	16	258	1.18e-81	256
seq2990_5e2r	4PXX_A	50.2	243	120	1	8	249	16	258	1.18e-81	256
seq2990_5e2r	XP_027013006.1	50.2	245	121	1	6	249	14	258	1.62e-81	256
seq2990_5e2r	3V3J_A	50.6	243	119	1	8	249	16	258	1.68e-81	256
seq2990_5e2r	XP_060899936.1	51.4	245	114	3	8	249	16	258	1.68e-81	256
seq2990_5e2r	XP_069322366.1	50.6	243	119	1	8	249	16	258	1.68e-81	256
seq2990_5e2r	XP_027132302.1	49.8	245	122	1	6	249	14	258	1.68e-81	256
seq1335_5e2r	XP_036906111.1	53.4	253	114	2	2	254	2	250	3.47e-90	278
seq1335_5e2r	XP_037360483.1	52.2	253	117	2	2	254	2	250	8.05e-89	275
seq1335_5e2r	4Q06_A	52.0	254	118	2	2	255	2	251	1.14e-88	274
seq1335_5e2r	6B00_A	52.0	252	117	2	4	255	4	251	1.39e-88	274
seq1335_5e2r	XP_037360470.1	52.2	253	117	2	2	254	2	250	1.46e-88	275
seq1335_5e2r	XP_037360464.1	52.2	253	117	2	2	254	2	250	1.56e-88	275
seq1335_5e2r	XP_066234889.1	53.4	253	114	2	2	254	2	250	1.62e-88	274
seq1335_5e2r	XP_054548124.1	52.2	253	117	2	2	254	2	250	1.66e-88	275
seq1335_5e2r	XP_037360458.1	52.2	253	117	2	2	254	2	250	1.83e-88	275
seq1335_5e2r	XP_037360450.1	52.2	253	117	2	2	254	2	250	2.02e-88	275
seq1335_5e2r	XP_054548121.1	52.2	253	117	2	2	254	2	250	2.16e-88	275
seq1335_5e2r	XP_039697899.1	51.8	253	118	2	2	254	2	250	2.30e-88	273
seq1335_5e2r	XP_037360445.1	52.2	253	117	2	2	254	2	250	2.30e-88	275
seq1335_5e2r	XP_037360437.1	52.2	253	117	2	2	254	2	250	2.38e-88	275
seq1335_5e2r	XP_054548120.1	52.2	253	117	2	2	254	2	250	2.62e-88	275
seq1335_5e2r	XP_037360421.1	52.2	253	117	2	2	254	2	250	2.80e-88	275
seq1335_5e2r	XP_054548119.1	52.2	253	117	2	2	254	2	250	2.80e-88	275
seq1335_5e2r	XP_037360416.1	52.2	253	117	2	2	254	2	250	2.99e-88	275
seq1335_5e2r	XP_054548111.1	52.2	253	117	2	2	254	2	250	3.09e-88	275
seq1335_5e2r	XP_037360408.1	52.2	253	117	2	2	254	2	250	3.09e-88	275
seq1335_5e2r	3V3I_B	51.6	254	119	2	2	255	2	251	3.26e-88	273
seq1335_5e2r	XP_004679812.1	51.8	253	118	2	2	254	2	250	3.26e-88	273
seq1335_5e2r	XP_037360402.1	52.2	253	117	2	2	254	2	250	3.29e-88	275
seq1335_5e2r	XP_054548110.1	52.2	253	117	2	2	254	2	250	3.40e-88	275
seq1335_5e2r	XP_037360395.1	52.2	253	117	2	2	254	2	250	3.75e-88	275
seq960_5e2r	KAL0599103.1	59.3	248	99	2	6	252	6	252	2.19e-97	296
seq960_5e2r	XP_002759086.1	59.7	248	98	2	6	252	6	252	3.10e-97	296
seq960_5e2r	XP_039320482.1	58.9	248	100	2	6	252	6	252	1.78e-96	294
seq960_5e2r	XP_017377294.1	58.9	248	100	2	6	252	6	252	1.78e-96	294
seq960_5e2r	6NJ3_A	57.5	247	105	0	6	252	6	252	2.18e-96	294
seq960_5e2r	6B00_A	57.5	247	105	0	6	252	6	252	3.09e-96	293
seq960_5e2r	XP_064240409.1	57.9	247	104	0	6	252	6	252	3.59e-96	293
seq960_5e2r	XP_011851027.1	58.0	250	103	2	4	252	4	252	3.59e-96	293
seq960_5e2r	6NJ2_A	57.5	247	105	0	6	252	6	252	4.39e-96	293
seq960_5e2r	3V3G_B	57.1	247	106	0	6	252	6	252	7.22e-96	292
seq960_5e2r	4PXX_A	57.1	247	106	0	6	252	6	252	7.22e-96	292
seq960_5e2r	NXJ82308.1	57.1	247	106	0	6	252	7	253	7.47e-96	292
seq960_5e2r	NP_001182346.1	58.1	248	102	2	6	252	6	252	1.02e-95	292
seq960_5e2r	5T75_A	58.1	248	102	2	6	252	6	252	1.02e-95	292
seq960_5e2r	3V3I_B	57.1	247	106	0	6	252	6	252	1.02e-95	292
seq960_5e2r	BAE91302.1	58.1	248	102	2	6	252	6	252	1.02e-95	292
seq960_5e2r	XP_005517108.1	56.3	247	108	0	6	252	6	252	1.02e-95	292
seq960_5e2r	XP_025931607.1	55.9	247	109	0	6	252	6	252	1.02e-95	292
seq960_5e2r	XP_032105929.1	58.5	248	101	2	6	252	6	252	1.02e-95	292
seq960_5e2r	NWZ74870.1	56.3	247	108	0	6	252	7	253	1.06e-95	292
seq960_5e2r	XP_011887202.1	58.1	248	102	2	6	252	6	252	1.45e-95	291
seq960_5e2r	3V3F_A	57.3	246	105	0	6	251	6	251	1.45e-95	291
seq960_5e2r	XP_068789211.1	56.3	247	108	0	6	252	6	252	1.45e-95	291
seq960_5e2r	XP_067146354.1	55.9	247	109	0	6	252	6	252	1.45e-95	291
seq960_5e2r	XP_003269568.1	58.1	248	102	2	6	252	6	252	1.45e-95	291
seq977_5e2r	3V3I_B	57.4	256	102	2	3	258	4	252	1.77e-100	304
seq977_5e2r	3V3G_B	57.4	256	102	2	3	258	4	252	2.51e-100	304
seq977_5e2r	6B00_A	58.4	245	102	0	14	258	8	252	1.25e-99	302
seq977_5e2r	EHH64275.1	59.0	244	100	0	15	258	14	257	1.71e-99	302
seq977_5e2r	XP_011887202.1	58.8	245	101	0	14	258	8	252	2.05e-99	301
seq977_5e2r	BAE91302.1	58.8	245	101	0	14	258	8	252	2.05e-99	301
seq977_5e2r	6NJ3_A	58.4	245	102	0	14	258	8	252	3.56e-99	301
seq977_5e2r	XP_011851027.1	58.8	243	100	0	16	258	10	252	4.13e-99	301
seq977_5e2r	EHH28619.1	59.3	241	98	0	18	258	1	241	5.72e-99	300
seq977_5e2r	3V3H_B	57.0	256	103	2	3	258	4	252	5.86e-99	300
seq977_5e2r	3V3F_A	58.2	244	102	0	14	257	8	251	5.86e-99	300
seq977_5e2r	4YGJ_A	58.0	245	103	0	14	258	6	250	7.76e-99	300
seq977_5e2r	3RYV_B	58.0	245	103	0	14	258	7	251	8.03e-99	300
seq977_5e2r	XP_007999199.2	58.4	245	102	0	14	258	8	252	8.31e-99	300
seq977_5e2r	6NJ2_A	58.0	245	103	0	14	258	8	252	1.02e-98	300
seq977_5e2r	NP_001182346.1	58.4	245	102	0	14	258	8	252	1.18e-98	300
seq977_5e2r	XP_003902981.1	58.8	245	101	0	14	258	8	252	1.18e-98	300
seq977_5e2r	4BCW_A	58.0	245	103	0	14	258	5	249	3.04e-98	298
seq977_5e2r	3TVO_X	56.6	256	104	2	3	258	2	250	3.14e-98	298
seq977_5e2r	3V3J_A	56.9	255	103	2	3	257	4	251	3.36e-98	298
seq977_5e2r	3DBU_A	58.0	245	103	0	14	258	8	252	3.36e-98	298
seq977_5e2r	1UGD_A	58.0	245	103	0	14	258	6	250	4.46e-98	298
seq977_5e2r	1G3Z_A	57.6	245	104	0	14	258	7	251	4.61e-98	298
seq977_5e2r	XP_062935615.1	56.7	245	106	0	14	258	8	252	4.77e-98	298
seq977_5e2r	2NXR_A	56.6	256	104	2	3	258	4	252	4.77e-98	298
seq3227_5e2r	XP_058506406.1	55.5	256	111	2	2	256	5	258	1.07e-96	295
seq3227_5e2r	XP_040000140.1	55.1	256	112	2	2	256	5	258	4.33e-96	293
seq3227_5e2r	AJA37523.1	54.7	256	113	2	2	256	5	258	8.71e-96	292
seq3227_5e2r	CAJ1087241.1	53.9	256	115	2	2	256	5	258	5.00e-95	290
seq3227_5e2r	TKS80426.1	53.9	256	115	2	2	256	5	258	7.10e-95	290
seq3227_5e2r	XP_034557999.1	53.9	256	115	2	2	256	5	258	1.43e-94	289
seq3227_5e2r	NP_001133769.1	54.7	256	113	2	2	256	5	258	1.43e-94	289
seq3227_5e2r	XP_038573108.1	54.3	256	114	2	2	256	5	258	2.03e-94	289
seq3227_5e2r	XP_027132302.1	53.9	256	115	2	2	256	5	258	2.03e-94	289
seq3227_5e2r	XP_030015405.1	53.9	256	115	2	2	256	5	258	2.87e-94	288
seq3227_5e2r	XP_023128866.1	55.1	256	112	2	2	256	5	258	4.08e-94	288
seq3227_5e2r	XP_029560775.1	54.7	256	113	2	2	256	5	258	4.08e-94	288
seq3227_5e2r	XP_027132301.1	53.9	256	115	2	2	256	35	288	5.50e-94	289
seq3227_5e2r	XP_020506386.1	53.5	256	116	2	2	256	5	258	5.78e-94	288
seq3227_5e2r	XP_068197535.1	53.5	256	116	2	2	256	5	258	5.78e-94	288
seq3227_5e2r	XP_022077413.1	54.9	257	113	2	1	256	4	258	8.20e-94	287
seq3227_5e2r	XP_031146788.1	53.5	256	116	2	2	256	5	258	8.20e-94	287
seq3227_5e2r	XP_044075047.1	54.7	256	113	2	2	256	5	258	8.20e-94	287
seq3227_5e2r	TMS09937.1	53.9	256	115	2	2	256	49	302	8.72e-94	289
seq3227_5e2r	XP_022616770.1	54.3	256	114	2	2	256	5	258	1.16e-93	287
seq3227_5e2r	KAI4887295.1	52.7	256	118	2	2	256	5	258	1.65e-93	286
seq3227_5e2r	XP_059200733.1	53.5	256	116	2	2	256	5	258	1.65e-93	286
seq3227_5e2r	XP_029930567.1	53.9	256	115	2	2	256	5	258	1.65e-93	286
seq3227_5e2r	XP_040027446.1	54.3	256	114	2	2	256	5	258	2.34e-93	286
seq3227_5e2r	XP_047446440.1	53.9	256	115	2	2	256	5	258	2.34e-93	286
seq2933_5e2r	3V3I_B	52.5	263	115	2	1	260	3	258	1.85e-93	286
seq2933_5e2r	XP_048363242.1	54.8	263	109	4	1	260	3	258	1.85e-93	286
seq2933_5e2r	5T75_A	52.5	263	115	2	1	260	3	258	1.06e-92	285
seq2933_5e2r	3V3G_B	52.1	263	116	2	1	260	3	258	1.06e-92	285
seq2933_5e2r	3TVN_X	52.5	263	115	2	1	260	1	256	1.41e-92	284
seq2933_5e2r	3TVO_X	52.5	263	115	2	1	260	1	256	1.41e-92	284
seq2933_5e2r	3V3F_A	52.1	263	116	2	1	260	3	258	1.50e-92	284
seq2933_5e2r	XP_017377294.1	52.5	263	115	3	1	260	3	258	1.50e-92	284
seq2933_5e2r	4L5U_A	52.5	263	115	2	1	260	3	258	2.13e-92	284
seq2933_5e2r	XP_054840575.1	55.1	256	107	3	4	258	8	256	3.02e-92	283
seq2933_5e2r	1007140A	52.5	263	115	2	1	260	2	257	4.15e-92	283
seq2933_5e2r	XP_039320482.1	52.1	263	116	2	1	260	3	258	4.29e-92	283
seq2933_5e2r	3DBU_A	52.1	263	116	2	1	260	3	258	4.29e-92	283
seq2933_5e2r	XP_064240409.1	52.1	263	116	2	1	260	3	258	4.29e-92	283
seq2933_5e2r	XP_002759086.1	52.1	263	116	2	1	260	3	258	4.29e-92	283
seq2933_5e2r	4L5V_A	52.1	263	116	2	1	260	3	258	4.29e-92	283
seq2933_5e2r	4PXX_A	51.7	263	117	2	1	260	3	258	4.29e-92	283
seq2933_5e2r	NXD05853.1	52.9	263	114	2	1	260	4	259	4.43e-92	283
seq2933_5e2r	5JG3_B	52.1	263	116	2	1	260	2	257	5.88e-92	283
seq2933_5e2r	3V3J_A	52.1	263	116	2	1	260	3	258	6.08e-92	283
seq2933_5e2r	3RG3_A	52.1	263	116	2	1	260	3	258	6.08e-92	283
seq2933_5e2r	6B00_A	51.7	263	117	2	1	260	3	258	7.43e-92	283
seq2933_5e2r	4YGJ_A	52.1	263	116	2	1	260	1	256	8.07e-92	282
seq2933_5e2r	1XPZ_A	52.1	263	116	2	1	260	1	256	8.07e-92	282
seq2933_5e2r	1A42_A	52.1	263	116	2	1	260	2	257	8.34e-92	282
seq3192_5e2r	4PXX_A	51.6	254	122	1	2	254	5	258	1.44e-91	281
seq3192_5e2r	6NJ2_A	52.0	254	121	1	2	254	5	258	2.49e-91	281
seq3192_5e2r	6B00_A	52.0	254	121	1	2	254	5	258	3.54e-91	281
seq3192_5e2r	3V3I_B	51.6	254	122	1	2	254	5	258	8.26e-91	280
seq3192_5e2r	XP_038203418.1	52.0	254	121	1	2	254	5	258	1.17e-90	279
seq3192_5e2r	6NJ3_A	51.6	254	122	1	2	254	5	258	2.88e-90	278
seq3192_5e2r	6QL1_A	52.4	254	120	1	2	254	5	258	3.34e-90	278
seq3192_5e2r	XP_008835148.1	52.0	254	121	1	2	254	5	258	4.74e-90	278
seq3192_5e2r	3V3G_B	51.2	254	123	1	2	254	5	258	4.74e-90	278
seq3192_5e2r	3V3F_A	51.2	254	123	1	2	254	5	258	9.53e-90	277
seq3192_5e2r	5G01_A	52.4	254	120	1	2	254	5	258	1.35e-89	276
seq3192_5e2r	XP_057646475.1	51.6	254	122	1	2	254	5	258	1.35e-89	276
seq3192_5e2r	4YGJ_A	51.6	254	122	1	2	254	3	256	2.54e-89	276
seq3192_5e2r	3RYV_B	51.6	254	122	1	2	254	4	257	2.63e-89	276
seq3192_5e2r	XP_002759086.1	52.0	254	121	1	2	254	5	258	2.72e-89	276
seq3192_5e2r	XP_015843700.1	51.6	254	122	1	2	254	5	258	3.86e-89	275
seq3192_5e2r	XP_017377294.1	51.6	254	122	1	2	254	5	258	3.86e-89	275
seq3192_5e2r	4BCW_A	51.6	254	122	1	2	254	2	255	4.95e-89	275
seq3192_5e2r	3DBU_A	51.6	254	122	1	2	254	5	258	5.47e-89	275
seq3192_5e2r	XP_049638106.1	51.6	254	122	1	2	254	5	258	5.47e-89	275
seq3192_5e2r	KAL0599103.1	51.6	254	122	1	2	254	5	258	5.47e-89	275
seq3192_5e2r	XP_048275801.1	51.6	254	122	1	2	254	5	258	5.47e-89	275
seq3192_5e2r	4HBA_A	51.2	254	123	1	2	254	5	258	5.47e-89	275
seq3192_5e2r	1UGF_A	51.6	254	122	1	2	254	3	256	7.26e-89	275
seq3192_5e2r	3TVN_X	51.6	254	122	1	2	254	3	256	7.26e-89	275
seq1055_5e2r	XP_054984316.1	53.6	250	116	0	1	250	4	253	7.56e-93	285
seq1055_5e2r	XP_003408289.2	54.4	250	114	0	1	250	4	253	7.56e-93	285
seq1055_5e2r	1007140A	53.6	250	116	0	1	250	3	252	1.47e-92	284
seq1055_5e2r	XP_049638106.1	53.2	250	117	0	1	250	4	253	2.16e-92	283
seq1055_5e2r	XP_005066865.1	52.8	250	118	0	1	250	4	253	2.16e-92	283
seq1055_5e2r	6B00_A	52.8	250	118	0	1	250	4	253	7.52e-92	282
seq1055_5e2r	6NJ2_A	52.8	250	118	0	1	250	4	253	7.52e-92	282
seq1055_5e2r	XP_015843700.1	53.2	250	117	0	1	250	4	253	8.74e-92	282
seq1055_5e2r	XP_038203418.1	52.0	250	120	0	1	250	4	253	1.24e-91	281
seq1055_5e2r	XP_028740984.1	53.2	250	117	0	1	250	4	253	1.24e-91	281
seq1055_5e2r	XP_001488540.2	53.2	250	117	0	1	250	4	253	1.24e-91	281
seq1055_5e2r	KAL1776019.1	52.8	250	118	0	1	250	4	253	1.24e-91	281
seq1055_5e2r	3V3G_B	52.4	250	119	0	1	250	4	253	1.76e-91	281
seq1055_5e2r	XP_036854155.1	53.2	250	117	0	1	250	4	253	1.76e-91	281
seq1055_5e2r	XP_014694616.2	53.2	250	117	0	1	250	4	253	1.76e-91	281
seq1055_5e2r	6NJ3_A	52.8	250	118	0	1	250	4	253	2.15e-91	281
seq1055_5e2r	XP_011887202.1	52.8	250	118	0	1	250	4	253	3.54e-91	280
seq1055_5e2r	3V3F_A	52.4	250	119	0	1	250	4	253	3.54e-91	280
seq1055_5e2r	XP_066122532.1	52.4	250	119	0	1	250	4	253	3.54e-91	280
seq1055_5e2r	3V3I_B	52.4	250	119	0	1	250	4	253	3.54e-91	280
seq1055_5e2r	BAE91302.1	52.8	250	118	0	1	250	4	253	3.54e-91	280
seq1055_5e2r	XP_001927840.1	52.4	250	119	0	1	250	4	253	3.54e-91	280
seq1055_5e2r	4YGJ_A	52.4	250	119	0	1	250	2	251	4.69e-91	280
seq1055_5e2r	3RYV_B	52.4	250	119	0	1	250	3	252	4.85e-91	280
seq1055_5e2r	NP_001182346.1	52.8	250	118	0	1	250	4	253	5.02e-91	280
seq1377_5e2r	3V3F_A	53.4	247	115	0	3	249	4	250	4.62e-94	288
seq1377_5e2r	6B00_A	53.0	249	117	0	3	251	4	252	5.64e-94	288
seq1377_5e2r	6NJ3_A	53.0	249	117	0	3	251	4	252	5.64e-94	288
seq1377_5e2r	XP_064240409.1	53.4	249	116	0	3	251	4	252	9.29e-94	287
seq1377_5e2r	3V3I_B	52.6	249	118	0	3	251	4	252	9.29e-94	287
seq1377_5e2r	6NJ2_A	53.0	249	117	0	3	251	4	252	1.14e-93	287
seq1377_5e2r	3V3G_B	52.6	249	118	0	3	251	4	252	1.32e-93	286
seq1377_5e2r	4PXX_A	52.6	249	118	0	3	251	4	252	1.32e-93	286
seq1377_5e2r	1007140A	53.8	249	115	0	3	251	3	251	2.56e-93	286
seq1377_5e2r	XP_017377294.1	53.0	249	117	0	3	251	4	252	3.76e-93	285
seq1377_5e2r	3V3J_A	53.0	247	116	0	3	249	4	250	5.33e-93	285
seq1377_5e2r	3V3H_B	52.6	249	118	0	3	251	4	252	5.33e-93	285
seq1377_5e2r	XP_001488540.2	53.4	249	116	0	3	251	4	252	7.56e-93	285
seq1377_5e2r	XP_014694616.2	53.4	249	116	0	3	251	4	252	7.56e-93	285
seq1377_5e2r	XP_011851027.1	53.2	248	116	0	4	251	5	252	1.07e-92	284
seq1377_5e2r	XP_057592367.1	52.6	249	118	0	3	251	4	252	1.07e-92	284
seq1377_5e2r	XP_003902981.1	52.6	249	118	0	3	251	4	252	1.52e-92	284
seq1377_5e2r	XP_039320482.1	53.0	249	117	0	3	251	4	252	2.16e-92	283
seq1377_5e2r	XP_032105929.1	52.6	249	118	0	3	251	4	252	2.16e-92	283
seq1377_5e2r	NP_001182346.1	52.6	249	118	0	3	251	4	252	4.34e-92	283
seq1377_5e2r	KAL0599103.1	52.6	249	118	0	3	251	4	252	4.34e-92	283
seq1377_5e2r	XP_062935615.1	52.8	248	117	0	4	251	5	252	4.34e-92	283
seq1377_5e2r	BAE91302.1	52.6	249	118	0	3	251	4	252	4.34e-92	283
seq1377_5e2r	4YGJ_A	52.6	249	118	0	3	251	2	250	5.76e-92	282
seq1377_5e2r	3RYV_B	52.6	249	118	0	3	251	3	251	5.96e-92	282
seq1057_5e2r	XP_064240409.1	59.9	252	96	3	1	250	4	252	1.52e-104	314
seq1057_5e2r	6B00_A	59.1	252	98	3	1	250	4	252	1.87e-104	314
seq1057_5e2r	XP_007535409.1	58.7	252	99	3	1	250	4	252	2.16e-104	314
seq1057_5e2r	4Q06_A	60.2	254	92	4	1	250	4	252	2.16e-104	314
seq1057_5e2r	6NJ3_A	59.1	252	98	3	1	250	4	252	2.65e-104	314
seq1057_5e2r	4YGJ_A	59.4	254	94	4	1	250	2	250	2.86e-104	313
seq1057_5e2r	3RYV_B	59.4	254	94	4	1	250	3	251	2.96e-104	313
seq1057_5e2r	XP_003902981.1	59.8	254	93	4	1	250	4	252	3.06e-104	313
seq1057_5e2r	6NJ2_A	59.1	252	98	3	1	250	4	252	3.76e-104	313
seq1057_5e2r	3V3F_A	59.4	251	97	3	1	249	4	251	4.35e-104	313
seq1057_5e2r	2NWY_A	59.4	254	94	4	1	250	4	252	4.35e-104	313
seq1057_5e2r	1G3Z_A	59.4	254	94	4	1	250	3	251	8.46e-104	312
seq1057_5e2r	3V3I_B	58.7	252	99	3	1	250	4	252	8.75e-104	312
seq1057_5e2r	4BCW_A	59.4	254	94	4	1	250	1	249	1.12e-103	312
seq1057_5e2r	XP_011887202.1	59.4	254	94	4	1	250	4	252	1.24e-103	312
seq1057_5e2r	3DBU_A	59.4	254	94	4	1	250	4	252	1.24e-103	312
seq1057_5e2r	3V3G_B	58.7	252	99	3	1	250	4	252	1.24e-103	312
seq1057_5e2r	4QK2_A	59.1	252	98	3	1	250	4	252	1.24e-103	312
seq1057_5e2r	1UGD_A	59.4	254	94	4	1	250	2	250	1.65e-103	311
seq1057_5e2r	XP_039320482.1	59.5	252	97	3	1	250	4	252	1.76e-103	311
seq1057_5e2r	4Q08_A	59.8	254	93	4	1	250	4	252	1.76e-103	311
seq1057_5e2r	5OGP_A	59.8	254	93	4	1	250	3	251	2.42e-103	311
seq1057_5e2r	BAE91302.1	59.4	254	94	4	1	250	4	252	2.50e-103	311
seq1057_5e2r	4M2V_A	59.4	254	94	4	1	250	1	249	3.20e-103	311
seq1057_5e2r	3TVN_X	59.1	254	95	4	1	250	2	250	3.31e-103	311
seq601_5e2r	XP_027254535.1	52.8	252	115	2	1	251	4	252	1.36e-86	269
seq601_5e2r	NP_001344263.1	51.6	252	118	2	1	251	4	252	1.36e-86	269
seq601_5e2r	AAH55291.1	51.6	252	118	2	1	251	4	252	1.36e-86	269
seq601_5e2r	6NJ3_A	52.4	252	116	2	1	251	4	252	2.35e-86	268
seq601_5e2r	6B00_A	52.4	252	116	2	1	251	4	252	3.33e-86	268
seq601_5e2r	5G03_A	52.8	252	115	2	1	251	4	252	5.49e-86	267
seq601_5e2r	AAA37357.1	51.6	252	118	2	1	251	4	252	5.49e-86	267
seq601_5e2r	AAA37356.1	51.6	252	118	2	1	251	4	252	5.49e-86	267
seq601_5e2r	8QHG_A	52.8	252	115	2	1	251	10	258	6.69e-86	267
seq601_5e2r	6NJ2_A	52.4	252	116	2	1	251	4	252	6.69e-86	267
seq601_5e2r	XP_049638106.1	52.4	252	116	2	1	251	4	252	7.79e-86	267
seq601_5e2r	4M2V_A	52.8	252	115	2	1	251	1	249	1.00e-85	266
seq601_5e2r	XP_015843700.1	52.0	252	117	2	1	251	4	252	1.10e-85	266
seq601_5e2r	4YGJ_A	52.4	252	116	2	1	251	2	250	1.47e-85	266
seq601_5e2r	3RYV_B	52.4	252	116	2	1	251	3	251	1.51e-85	266
seq601_5e2r	XP_011887202.1	52.4	252	116	2	1	251	4	252	1.57e-85	266
seq601_5e2r	XP_054984316.1	52.0	252	117	2	1	251	4	252	1.57e-85	266
seq601_5e2r	XP_055992705.1	52.4	252	116	2	1	251	4	252	1.57e-85	266
seq601_5e2r	6RZX_A	52.8	252	115	2	1	251	4	252	1.57e-85	266
seq601_5e2r	4K0S_A	52.8	252	115	2	1	251	1	249	2.01e-85	266
seq601_5e2r	4M2W_A	52.8	252	115	2	1	251	1	249	2.01e-85	266
seq601_5e2r	5SZ7_A	52.8	252	115	2	1	251	1	249	2.01e-85	266
seq601_5e2r	4ZX1_A	52.8	252	115	2	1	251	1	249	2.01e-85	266
seq601_5e2r	4K0Z_A	52.8	252	115	2	1	251	2	250	2.08e-85	266
seq601_5e2r	5OGN_A	52.8	252	115	2	1	251	3	251	2.15e-85	266
seq3249_5e2r	XP_060899936.1	59.1	254	103	1	2	254	5	258	2.91e-103	311
seq3249_5e2r	XP_020506386.1	59.1	254	103	1	2	254	5	258	1.18e-102	310
seq3249_5e2r	XP_017259782.1	59.4	254	102	1	2	254	5	258	9.63e-102	307
seq3249_5e2r	XP_030015405.1	57.9	254	106	1	2	254	5	258	1.94e-101	306
seq3249_5e2r	XP_044075047.1	58.3	254	105	1	2	254	5	258	2.24e-100	304
seq3249_5e2r	XP_022616770.1	59.1	254	103	1	2	254	5	258	3.18e-100	303
seq3249_5e2r	XP_057646475.1	54.1	255	116	1	1	254	4	258	6.41e-100	303
seq3249_5e2r	XP_069029364.1	57.5	254	107	1	2	254	5	258	6.41e-100	303
seq3249_5e2r	XP_047446440.1	57.1	254	108	1	2	254	5	258	6.41e-100	303
seq3249_5e2r	XP_069579130.1	57.5	254	107	1	2	254	5	258	6.41e-100	303
seq3249_5e2r	XP_036033606.1	53.7	255	117	1	1	254	4	258	9.09e-100	302
seq3249_5e2r	XP_040000140.1	57.9	254	106	1	2	254	5	258	1.29e-99	302
seq3249_5e2r	XP_032388257.1	58.3	254	105	1	2	254	5	258	1.29e-99	302
seq3249_5e2r	XP_023251645.1	58.7	254	104	1	2	254	5	258	1.29e-99	302
seq3249_5e2r	XP_041658699.1	58.3	254	105	1	2	254	5	258	2.60e-99	301
seq3249_5e2r	XP_055459584.1	54.5	255	115	1	1	254	4	258	2.60e-99	301
seq3249_5e2r	XP_040911161.1	57.5	254	107	1	2	254	5	258	2.60e-99	301
seq3249_5e2r	KAI5616937.1	55.5	254	112	1	2	254	12	265	3.29e-99	301
seq3249_5e2r	XP_054984316.1	54.1	255	116	1	1	254	4	258	3.68e-99	301
seq3249_5e2r	XP_034557999.1	57.9	254	106	1	2	254	5	258	3.68e-99	301
seq3249_5e2r	XP_050017734.1	54.1	255	116	1	1	254	4	258	5.23e-99	300
seq3249_5e2r	XP_027132302.1	57.5	254	107	1	2	254	5	258	5.23e-99	300
seq3249_5e2r	TKS80426.1	57.1	254	108	1	2	254	5	258	5.23e-99	300
seq3249_5e2r	XP_052572074.1	53.7	255	117	1	1	254	4	258	5.23e-99	300
seq3249_5e2r	KAA8587577.1	58.3	254	105	1	2	254	52	305	6.22e-99	302
seq1895_5e2r	3V3I_B	51.5	264	115	2	2	264	4	255	1.19e-93	287
seq1895_5e2r	XP_030072006.1	53.2	263	110	2	3	264	5	255	1.19e-93	287
seq1895_5e2r	XP_040911161.1	53.2	263	110	2	3	264	5	255	1.69e-93	287
seq1895_5e2r	3V3G_B	51.1	264	116	2	2	264	4	255	6.84e-93	285
seq1895_5e2r	6B00_A	50.8	264	117	2	2	264	4	255	1.18e-92	285
seq1895_5e2r	6NJ3_A	50.8	264	117	2	2	264	4	255	1.18e-92	285
seq1895_5e2r	NP_001187560.1	50.8	264	117	2	2	264	4	255	1.37e-92	285
seq1895_5e2r	XP_003408289.2	51.1	264	116	2	2	264	4	255	1.37e-92	285
seq1895_5e2r	3V3F_A	50.8	264	117	2	2	264	4	255	2.77e-92	284
seq1895_5e2r	6NJ2_A	50.8	264	117	2	2	264	4	255	3.38e-92	284
seq1895_5e2r	3V3J_A	51.1	264	116	2	2	264	4	255	3.92e-92	283
seq1895_5e2r	XP_007535409.1	52.3	264	113	2	2	264	4	255	3.92e-92	283
seq1895_5e2r	XP_053507549.1	50.8	264	117	2	2	264	4	255	5.56e-92	283
seq1895_5e2r	XP_014694616.2	50.4	264	118	2	2	264	4	255	5.56e-92	283
seq1895_5e2r	KAI5255476.1	51.9	264	114	2	2	264	4	255	7.89e-92	283
seq1895_5e2r	XP_033789546.1	53.6	263	109	2	3	264	5	255	7.89e-92	283
seq1895_5e2r	4PXX_A	50.4	264	118	2	2	264	4	255	7.89e-92	283
seq1895_5e2r	XP_036780974.2	51.9	264	114	2	2	264	4	255	1.12e-91	282
seq1895_5e2r	KAK2855264.1	53.0	264	109	4	3	264	5	255	1.53e-91	282
seq1895_5e2r	3V3H_B	50.8	264	117	2	2	264	4	255	1.59e-91	282
seq1895_5e2r	XP_012629696.1	51.1	264	116	2	2	264	4	255	1.59e-91	282
seq1895_5e2r	XP_046498176.1	50.4	264	118	2	2	264	4	255	1.59e-91	282
seq1895_5e2r	GAA6102356.1	52.7	264	110	4	3	264	5	255	2.18e-91	281
seq1895_5e2r	4BCW_A	51.1	264	116	2	2	264	1	252	2.89e-91	281
seq1895_5e2r	3TVO_X	51.1	264	116	2	2	264	2	253	2.98e-91	281
seq1976_5e2r	6B00_A	47.6	252	128	1	5	252	5	256	2.14e-80	253
seq1976_5e2r	XP_003408289.2	46.0	252	132	1	5	252	5	256	2.49e-80	253
seq1976_5e2r	6NJ2_A	47.6	252	128	1	5	252	5	256	3.03e-80	253
seq1976_5e2r	6NJ3_A	47.6	252	128	1	5	252	5	256	6.09e-80	252
seq1976_5e2r	3V3I_B	48.4	256	122	4	3	252	5	256	7.10e-80	252
seq1976_5e2r	XP_011374234.2	48.8	252	125	1	5	252	5	256	1.43e-79	251
seq1976_5e2r	XP_010380058.2	48.0	252	127	1	5	252	5	256	1.43e-79	251
seq1976_5e2r	3V3F_A	47.2	252	129	1	5	252	5	256	2.02e-79	251
seq1976_5e2r	XP_011792486.1	48.0	252	127	1	5	252	5	256	2.02e-79	251
seq1976_5e2r	XP_033059414.1	48.0	252	127	1	5	252	5	256	2.87e-79	250
seq1976_5e2r	4PXX_A	47.2	252	129	1	5	252	5	256	2.87e-79	250
seq1976_5e2r	XP_031548178.1	47.8	253	127	1	5	252	5	257	2.96e-79	250
seq1976_5e2r	3V3G_B	48.0	256	123	4	3	252	5	256	4.06e-79	250
seq1976_5e2r	XP_014694616.2	48.0	252	127	1	5	252	5	256	4.06e-79	250
seq1976_5e2r	XP_001488540.2	48.0	252	127	1	5	252	5	256	5.76e-79	249
seq1976_5e2r	XP_016008626.2	48.0	252	127	1	5	252	5	256	5.76e-79	249
seq1976_5e2r	XP_023083603.1	48.0	252	127	1	5	252	5	256	5.76e-79	249
seq1976_5e2r	XP_039697899.1	48.4	252	126	1	5	252	5	256	8.17e-79	249
seq1976_5e2r	4K0S_A	47.6	252	128	1	5	252	2	253	2.11e-78	248
seq1976_5e2r	4BCW_A	47.6	252	128	1	5	252	2	253	2.11e-78	248
seq1976_5e2r	4M2V_A	47.6	252	128	1	5	252	2	253	2.11e-78	248
seq1976_5e2r	4K0Z_A	47.6	252	128	1	5	252	3	254	2.18e-78	248
seq1976_5e2r	4YGJ_A	47.2	252	129	1	5	252	3	254	2.18e-78	248
seq1976_5e2r	3RYV_B	47.2	252	129	1	5	252	4	255	2.25e-78	248
seq1976_5e2r	3V3J_A	48.0	256	123	4	3	252	5	256	2.33e-78	248
seq1137_5e2r	UER43521.1	47.8	255	120	4	4	252	5	252	1.05e-74	239
seq1137_5e2r	4YGJ_A	48.6	253	117	4	4	250	3	248	2.31e-74	238
seq1137_5e2r	3RYV_B	48.6	253	117	4	4	250	4	249	2.39e-74	238
seq1137_5e2r	4QK2_A	48.6	253	117	4	4	250	5	250	2.47e-74	238
seq1137_5e2r	XP_004697542.1	49.6	250	119	4	4	250	5	250	4.95e-74	237
seq1137_5e2r	XP_069847109.1	49.4	253	115	4	4	250	5	250	4.95e-74	237
seq1137_5e2r	1UGF_A	48.6	253	117	4	4	250	3	248	6.58e-74	236
seq1137_5e2r	5JE7_B	48.6	253	117	4	4	250	2	247	9.04e-74	236
seq1137_5e2r	4KAP_A	48.2	255	119	4	2	250	1	248	9.33e-74	236
seq1137_5e2r	6B00_A	48.2	253	118	4	4	250	5	250	1.20e-73	236
seq1137_5e2r	UER43520.1	47.5	255	121	4	4	252	5	252	1.20e-73	236
seq1137_5e2r	6NJ3_A	48.2	253	118	4	4	250	5	250	1.20e-73	236
seq1137_5e2r	XP_002759086.1	48.8	250	121	4	4	250	5	250	1.41e-73	236
seq1137_5e2r	XP_042523231.1	49.0	253	116	4	4	250	5	250	1.41e-73	236
seq1137_5e2r	XP_052572074.1	48.2	253	118	4	4	250	5	250	1.41e-73	236
seq1137_5e2r	7ONQ_A	48.2	253	118	4	4	250	5	250	2.00e-73	235
seq1137_5e2r	7ONQ_AAA	48.2	253	118	4	4	250	5	250	2.00e-73	235
seq1137_5e2r	XP_054354888.1	48.2	255	119	4	4	252	5	252	2.00e-73	235
seq1137_5e2r	XP_004656973.1	47.4	253	120	4	4	250	5	250	2.00e-73	235
seq1137_5e2r	XP_012868011.1	49.0	253	116	4	4	250	5	250	2.00e-73	235
seq1137_5e2r	2FOQ_A	48.8	250	121	4	4	250	5	250	2.00e-73	235
seq1137_5e2r	6NJ2_A	48.2	253	118	4	4	250	5	250	2.42e-73	235
seq1137_5e2r	1UGD_A	48.2	253	118	4	4	250	3	248	2.65e-73	235
seq1137_5e2r	XP_039320482.1	48.4	250	122	4	4	250	5	250	2.83e-73	235
seq1137_5e2r	5T75_A	48.8	250	121	4	4	250	5	250	2.83e-73	235
seq582_5e2r	XP_032105929.1	50.0	224	108	3	9	232	9	228	1.69e-70	227
seq582_5e2r	XP_017377294.1	50.0	224	108	3	9	232	9	228	2.39e-70	227
seq582_5e2r	XP_039892921.1	50.0	222	107	3	12	233	12	229	6.80e-70	226
seq582_5e2r	XP_064240409.1	50.0	224	108	3	9	232	9	228	2.74e-69	224
seq582_5e2r	XP_016008626.2	49.3	221	108	3	12	232	12	228	2.74e-69	224
seq582_5e2r	XP_039320482.1	50.0	224	108	3	9	232	9	228	3.88e-69	224
seq582_5e2r	XP_039697899.1	49.3	221	108	3	12	232	12	228	3.88e-69	224
seq582_5e2r	KAL0599103.1	50.0	224	108	3	9	232	9	228	5.50e-69	223
seq582_5e2r	XP_036939631.1	50.0	222	107	3	12	233	12	229	5.50e-69	223
seq582_5e2r	TRY64617.1	49.3	227	110	4	11	236	11	233	5.50e-69	223
seq582_5e2r	XP_030581241.1	49.3	221	108	3	12	232	12	228	5.50e-69	223
seq582_5e2r	XP_011374234.2	49.3	221	108	3	12	232	12	228	7.79e-69	223
seq582_5e2r	XP_002759086.1	50.4	224	107	3	9	232	9	228	7.79e-69	223
seq582_5e2r	5G01_A	49.1	224	110	3	9	232	9	228	7.79e-69	223
seq582_5e2r	XP_010380058.2	49.6	224	109	3	9	232	9	228	7.79e-69	223
seq582_5e2r	XP_032388257.1	49.1	222	109	3	12	233	12	229	7.79e-69	223
seq582_5e2r	TRY64618.1	49.6	226	109	4	12	236	14	235	8.30e-69	223
seq582_5e2r	MBN3318469.1	49.3	223	108	4	12	233	4	222	1.25e-68	222
seq582_5e2r	XP_060899936.1	49.5	222	108	3	12	233	12	229	1.56e-68	222
seq582_5e2r	XP_004565148.1	49.5	222	108	3	12	233	12	229	1.56e-68	222
seq582_5e2r	AAM94169.1	49.3	223	108	4	12	233	12	230	1.61e-68	222
seq582_5e2r	XP_039697898.1	49.3	221	108	3	12	232	59	275	1.65e-68	224
seq582_5e2r	KAK2900939.1	49.8	227	109	4	11	236	11	233	2.22e-68	222
seq582_5e2r	XP_030629904.1	48.0	223	112	3	11	233	11	229	2.22e-68	222
seq582_5e2r	NP_001187560.1	48.0	223	112	3	11	233	11	229	2.22e-68	222
seq1250_5e2r	4PXX_A	49.0	251	117	3	12	261	12	252	2.19e-80	253
seq1250_5e2r	XP_032105929.1	49.0	251	117	3	12	261	12	252	1.78e-79	251
seq1250_5e2r	3V3G_B	48.6	251	118	3	12	261	12	252	3.57e-79	250
seq1250_5e2r	3V3I_B	48.6	251	118	3	12	261	12	252	5.05e-79	250
seq1250_5e2r	XP_002759086.1	49.0	251	117	3	12	261	12	252	7.16e-79	249
seq1250_5e2r	1LG5_A	48.6	251	118	3	12	261	12	252	7.16e-79	249
seq1250_5e2r	4HBA_A	48.6	251	118	3	12	261	12	252	7.16e-79	249
seq1250_5e2r	6B00_A	48.2	251	119	3	12	261	12	252	8.70e-79	249
seq1250_5e2r	6NJ3_A	48.2	251	119	3	12	261	12	252	8.70e-79	249
seq1250_5e2r	XP_017377294.1	48.6	251	118	3	12	261	12	252	1.02e-78	249
seq1250_5e2r	1BIC_A	48.2	251	119	2	12	261	11	251	1.39e-78	249
seq1250_5e2r	5G01_A	49.0	251	117	3	12	261	12	252	1.44e-78	249
seq1250_5e2r	KAL0599103.1	49.0	251	117	3	12	261	12	252	2.04e-78	248
seq1250_5e2r	KAL1776019.1	47.0	251	122	3	12	261	12	252	2.04e-78	248
seq1250_5e2r	6NJ2_A	48.2	251	119	3	12	261	12	252	2.48e-78	248
seq1250_5e2r	3V3F_A	48.4	250	118	3	12	260	12	251	2.89e-78	248
seq1250_5e2r	XP_005066865.1	48.6	251	118	3	12	261	12	252	2.89e-78	248
seq1250_5e2r	1UGD_A	48.6	251	118	3	12	261	10	250	3.84e-78	248
seq1250_5e2r	4K0S_A	48.6	251	118	3	12	261	9	249	5.27e-78	247
seq1250_5e2r	4BCW_A	48.6	251	118	3	12	261	9	249	5.27e-78	247
seq1250_5e2r	4M2W_A	48.6	251	118	3	12	261	9	249	5.27e-78	247
seq1250_5e2r	4M2V_A	48.6	251	118	3	12	261	9	249	5.27e-78	247
seq1250_5e2r	5SZ7_A	48.6	251	118	3	12	261	9	249	5.27e-78	247
seq1250_5e2r	4K0Z_A	48.6	251	118	3	12	261	10	250	5.44e-78	247
seq1250_5e2r	5OGN_A	48.6	251	118	3	12	261	11	251	5.62e-78	247
seq580_5e2r	6B00_A	47.6	271	119	1	5	275	5	252	4.58e-87	271
seq580_5e2r	6NJ3_A	47.6	271	119	1	5	275	5	252	4.58e-87	271
seq580_5e2r	5OGP_A	47.2	271	120	1	5	275	4	251	1.03e-86	270
seq580_5e2r	3V3G_B	47.2	271	120	1	5	275	5	252	1.07e-86	270
seq580_5e2r	3V3I_B	47.2	271	120	1	5	275	5	252	1.52e-86	270
seq580_5e2r	4PXX_A	47.6	271	119	1	5	275	5	252	1.52e-86	270
seq580_5e2r	3V3F_A	47.4	270	119	1	5	274	5	251	2.15e-86	269
seq580_5e2r	XP_002759086.1	48.0	271	118	1	5	275	5	252	2.15e-86	269
seq580_5e2r	XP_048363242.1	49.8	271	113	1	5	275	5	252	3.05e-86	269
seq580_5e2r	6NJ2_A	47.2	271	120	1	5	275	5	252	3.71e-86	269
seq580_5e2r	1UGD_A	47.6	271	119	1	5	275	3	250	4.04e-86	268
seq580_5e2r	1G3Z_A	47.2	271	120	1	5	275	4	251	4.18e-86	268
seq580_5e2r	XP_011851027.1	46.9	273	122	1	3	275	3	252	4.32e-86	268
seq580_5e2r	XP_066480202.1	48.7	271	116	1	5	275	5	252	4.32e-86	268
seq580_5e2r	4K0S_A	47.2	271	120	1	5	275	2	249	5.55e-86	268
seq580_5e2r	4BCW_A	47.6	271	119	1	5	275	2	249	5.55e-86	268
seq580_5e2r	4K0Z_A	47.2	271	120	1	5	275	3	250	5.73e-86	268
seq580_5e2r	3DBU_A	47.6	271	119	1	5	275	5	252	6.12e-86	268
seq580_5e2r	XP_007999199.2	47.6	271	119	1	5	275	5	252	6.12e-86	268
seq580_5e2r	7ONQ_A	47.2	271	120	1	5	275	5	252	6.12e-86	268
seq580_5e2r	7ONQ_AAA	47.2	271	120	1	5	275	5	252	6.12e-86	268
seq580_5e2r	6T7U_A	46.9	271	121	1	5	275	5	252	6.12e-86	268
seq580_5e2r	XP_011887202.1	47.2	271	120	1	5	275	5	252	8.68e-86	268
seq580_5e2r	KAL0599103.1	47.6	271	119	1	5	275	5	252	8.68e-86	268
seq580_5e2r	4QEF_A	47.6	271	119	1	5	275	5	252	8.68e-86	268
seq2853_5e2r	XP_004842036.1	55.5	254	112	1	2	254	5	258	6.05e-98	298
seq2853_5e2r	XP_030015405.1	56.3	254	110	1	2	254	5	258	1.73e-97	296
seq2853_5e2r	XP_014694616.2	54.7	254	114	1	2	254	5	258	9.92e-97	295
seq2853_5e2r	XP_044075047.1	57.1	254	108	1	2	254	5	258	9.92e-97	295
seq2853_5e2r	EHB00478.1	55.8	249	109	1	7	254	2	250	1.07e-96	294
seq2853_5e2r	XP_038203418.1	55.9	254	111	1	2	254	5	258	2.00e-96	294
seq2853_5e2r	XP_057646475.1	55.9	254	111	1	2	254	5	258	2.00e-96	294
seq2853_5e2r	KAK9539557.1	56.3	254	110	1	2	254	5	258	2.00e-96	294
seq2853_5e2r	XP_059200733.1	55.5	254	112	1	2	254	5	258	4.02e-96	293
seq2853_5e2r	XP_001488540.2	54.7	254	114	1	2	254	5	258	5.70e-96	293
seq2853_5e2r	XP_031153608.1	56.3	254	110	1	2	254	3	256	1.07e-95	292
seq2853_5e2r	XP_048214409.1	55.5	254	112	1	2	254	5	258	1.15e-95	292
seq2853_5e2r	3V3F_A	54.3	254	115	1	2	254	5	258	1.15e-95	292
seq2853_5e2r	XP_020506386.1	55.1	254	113	1	2	254	5	258	1.15e-95	292
seq2853_5e2r	XP_050017734.1	55.5	254	112	1	2	254	5	258	1.15e-95	292
seq2853_5e2r	XP_022616770.1	56.7	254	109	1	2	254	5	258	1.15e-95	292
seq2853_5e2r	XP_004441192.1	54.3	254	115	1	2	254	5	258	1.15e-95	292
seq2853_5e2r	XP_040911161.1	55.9	254	111	1	2	254	5	258	1.15e-95	292
seq2853_5e2r	XP_068557531.1	55.9	254	111	1	2	254	5	258	1.15e-95	292
seq2853_5e2r	6B00_A	54.3	254	115	1	2	254	5	258	1.40e-95	292
seq2853_5e2r	XP_060899936.1	55.1	254	113	1	2	254	5	258	1.63e-95	291
seq2853_5e2r	XP_031730825.1	56.5	255	108	3	2	254	5	258	1.63e-95	291
seq2853_5e2r	3V3I_B	54.3	254	115	1	2	254	5	258	1.63e-95	291
seq2853_5e2r	XP_011851027.1	54.1	255	116	1	1	254	4	258	1.63e-95	291
seq2853_5e2r	XP_023251645.1	56.7	254	109	1	2	254	5	258	1.63e-95	291
seq3274_5e2r	4YGJ_A	55.5	254	112	1	2	254	3	256	1.16e-99	302
seq3274_5e2r	3RYV_B	55.5	254	112	1	2	254	4	257	1.20e-99	302
seq3274_5e2r	3V3I_B	55.1	254	113	1	2	254	5	258	1.24e-99	302
seq3274_5e2r	XP_038573108.1	56.3	254	110	1	2	254	5	258	1.76e-99	301
seq3274_5e2r	3V3F_A	55.1	254	113	1	2	254	5	258	2.50e-99	301
seq3274_5e2r	3TVN_X	55.5	254	112	1	2	254	3	256	3.32e-99	301
seq3274_5e2r	5T75_A	55.5	254	112	1	2	254	5	258	3.55e-99	301
seq3274_5e2r	6B00_A	54.7	254	114	1	2	254	5	258	4.35e-99	301
seq3274_5e2r	3V3J_A	55.1	254	113	1	2	254	5	258	5.03e-99	300
seq3274_5e2r	XP_044075047.1	56.7	254	109	1	2	254	5	258	5.03e-99	300
seq3274_5e2r	6NJ3_A	54.7	254	114	1	2	254	5	258	6.16e-99	300
seq3274_5e2r	3V3G_B	54.7	254	114	1	2	254	5	258	7.14e-99	300
seq3274_5e2r	XP_011851027.1	54.5	255	115	1	1	254	4	258	7.14e-99	300
seq3274_5e2r	4PXX_A	54.7	254	114	1	2	254	5	258	7.14e-99	300
seq3274_5e2r	4BCW_A	55.1	254	113	1	2	254	2	255	9.15e-99	300
seq3274_5e2r	3DBU_A	55.1	254	113	1	2	254	5	258	1.01e-98	300
seq3274_5e2r	6NJ2_A	54.7	254	114	1	2	254	5	258	1.24e-98	300
seq3274_5e2r	3TVO_X	55.1	254	113	1	2	254	3	256	1.34e-98	299
seq3274_5e2r	5JG3_B	55.1	254	113	1	2	254	4	257	1.39e-98	299
seq3274_5e2r	NP_001181853.1	55.1	254	113	1	2	254	5	258	1.44e-98	299
seq3274_5e2r	XP_004588177.2	55.1	254	113	1	2	254	5	258	1.44e-98	299
seq3274_5e2r	7ONV_AAA	55.1	254	113	1	2	254	5	258	1.49e-98	299
seq3274_5e2r	4KUV_A	55.1	254	113	1	2	254	1	254	1.78e-98	299
seq3274_5e2r	8PHM_A	55.1	254	113	1	2	254	2	255	1.84e-98	299
seq3274_5e2r	3R16_A	55.1	254	113	1	2	254	2	255	1.84e-98	299
seq2028_5e2r	KAG7455077.1	52.4	250	112	5	11	259	10	253	5.28e-80	252
seq2028_5e2r	Q8UWA5.3	51.0	251	120	3	10	259	9	257	1.21e-79	251
seq2028_5e2r	XP_039533206.1	50.8	248	119	3	13	259	12	257	1.71e-79	251
seq2028_5e2r	XP_003408289.2	50.0	250	122	3	11	259	10	257	1.71e-79	251
seq2028_5e2r	XP_036374928.1	49.6	250	123	3	11	259	10	257	2.43e-79	251
seq2028_5e2r	XP_058274608.1	50.8	248	119	3	11	257	10	255	3.44e-79	250
seq2028_5e2r	XP_062843557.1	49.6	248	122	3	11	257	10	255	4.87e-79	250
seq2028_5e2r	XP_033856346.1	52.4	250	115	4	12	259	11	258	5.03e-79	250
seq2028_5e2r	MCI4390503.1	51.6	246	116	3	13	257	12	255	9.79e-79	249
seq2028_5e2r	XP_013860877.1	51.0	249	119	3	12	259	11	257	1.01e-78	249
seq2028_5e2r	4PXX_A	48.0	250	127	3	11	259	10	257	1.39e-78	249
seq2028_5e2r	XP_053507549.1	50.0	246	120	3	13	257	12	255	1.97e-78	248
seq2028_5e2r	XP_062935615.1	47.8	251	128	3	10	259	9	257	1.97e-78	248
seq2028_5e2r	XP_051984134.1	50.4	250	121	3	11	259	10	257	2.79e-78	248
seq2028_5e2r	XP_051989830.1	50.0	250	122	3	11	259	10	257	2.79e-78	248
seq2028_5e2r	NP_001187560.1	50.0	246	120	3	13	257	12	255	3.95e-78	248
seq2028_5e2r	XP_056105247.1	49.8	251	123	3	10	259	9	257	5.60e-78	247
seq2028_5e2r	XP_039540616.1	50.2	251	122	3	10	259	9	257	5.60e-78	247
seq2028_5e2r	XP_028832472.1	50.2	247	120	3	12	257	11	255	5.60e-78	247
seq2028_5e2r	XP_010950250.1	48.8	250	126	2	11	259	10	258	5.78e-78	247
seq2028_5e2r	KAK6490325.1	52.0	250	116	4	12	259	11	258	5.78e-78	247
seq2028_5e2r	XP_031297263.2	48.8	250	126	2	11	259	10	258	5.78e-78	247
seq2028_5e2r	MEQ2316218.1	51.0	249	119	3	12	259	11	257	7.93e-78	247
seq2028_5e2r	MCJ8744748.1	50.4	246	119	3	13	257	12	255	7.93e-78	247
seq2028_5e2r	KAK1172102.1	51.4	255	120	4	7	259	12	264	9.94e-78	247
seq2227_5e2r	XP_023581663.1	48.2	247	109	4	2	246	5	234	2.56e-74	238
seq2227_5e2r	XP_003408289.2	46.5	254	117	4	2	253	5	241	1.03e-73	236
seq2227_5e2r	XP_030072006.1	48.6	247	108	4	2	246	5	234	1.03e-73	236
seq2227_5e2r	6NJ2_A	47.2	254	115	4	2	253	5	241	2.51e-73	235
seq2227_5e2r	6B00_A	47.2	254	115	4	2	253	5	241	3.55e-73	235
seq2227_5e2r	XP_033789546.1	49.4	241	103	4	2	240	5	228	4.16e-73	234
seq2227_5e2r	6NJ3_A	47.2	254	115	4	2	253	5	241	5.03e-73	234
seq2227_5e2r	XP_045417806.1	48.2	247	109	4	2	246	5	234	5.89e-73	234
seq2227_5e2r	4YGJ_A	48.2	247	109	4	2	246	3	232	1.11e-72	233
seq2227_5e2r	3RYV_B	48.2	247	109	4	2	246	4	233	1.15e-72	233
seq2227_5e2r	XP_063155520.1	47.2	248	112	4	1	246	2	232	2.23e-72	233
seq2227_5e2r	3V3F_A	46.9	254	116	4	2	253	5	241	2.37e-72	233
seq2227_5e2r	4BCW_A	48.2	247	109	4	2	246	2	231	3.06e-72	232
seq2227_5e2r	3DBU_A	48.2	247	109	4	2	246	5	234	3.36e-72	232
seq2227_5e2r	3V3I_B	48.1	243	107	4	13	253	16	241	3.36e-72	232
seq2227_5e2r	EHH64275.1	48.0	248	107	5	1	246	12	239	3.94e-72	232
seq2227_5e2r	4K0S_A	48.2	247	109	4	2	246	2	231	4.33e-72	232
seq2227_5e2r	4M2V_A	48.2	247	109	4	2	246	2	231	4.33e-72	232
seq2227_5e2r	4K0Z_A	48.2	247	109	4	2	246	3	232	4.47e-72	232
seq2227_5e2r	XP_011851027.1	47.8	247	110	4	2	246	5	234	4.76e-72	232
seq2227_5e2r	XP_003902981.1	47.8	247	110	4	2	246	5	234	4.76e-72	232
seq2227_5e2r	XP_045417803.1	49.6	236	100	4	13	246	58	276	6.22e-72	233
seq2227_5e2r	1UGD_A	48.2	247	109	4	2	246	3	232	6.33e-72	231
seq2227_5e2r	XP_054417791.1	48.6	247	105	5	2	246	40	266	6.48e-72	233
seq2227_5e2r	6RZX_A	48.2	247	109	4	2	246	5	234	6.75e-72	231
seq2223_5e2r	XP_003408289.2	50.0	246	111	5	3	246	5	240	2.00e-72	233
seq2223_5e2r	4PXX_A	48.0	246	116	5	3	246	5	240	5.70e-72	232
seq2223_5e2r	XP_064240409.1	49.6	240	109	5	3	240	5	234	2.29e-71	230
seq2223_5e2r	XP_023581663.1	52.5	242	99	7	3	240	5	234	2.29e-71	230
seq2223_5e2r	XP_028832472.1	51.7	240	104	5	3	240	5	234	2.29e-71	230
seq2223_5e2r	4CNR_A	48.3	240	112	5	3	240	7	236	2.44e-71	230
seq2223_5e2r	XP_036374928.1	51.6	248	104	7	3	246	5	240	3.25e-71	230
seq2223_5e2r	XP_011792486.1	49.0	241	111	5	2	240	4	234	1.31e-70	228
seq2223_5e2r	XP_001927840.1	51.2	248	105	7	3	246	5	240	1.31e-70	228
seq2223_5e2r	KAG7455077.1	52.1	240	99	7	3	238	5	232	1.63e-70	228
seq2223_5e2r	4HBA_A	48.8	240	111	5	3	240	5	234	1.85e-70	228
seq2223_5e2r	XP_037659002.1	49.2	240	110	5	3	240	5	234	2.63e-70	228
seq2223_5e2r	XP_057592367.1	50.0	240	108	5	3	240	5	234	3.72e-70	227
seq2223_5e2r	XP_023083603.1	49.2	240	110	5	3	240	5	234	3.72e-70	227
seq2223_5e2r	XP_031548178.1	48.0	248	116	6	2	246	4	241	3.84e-70	227
seq2223_5e2r	XP_053916823.1	52.1	236	100	6	2	234	3	228	4.95e-70	227
seq2223_5e2r	XP_010380058.2	48.8	240	111	5	3	240	5	234	5.27e-70	227
seq2223_5e2r	XP_037659000.1	48.8	240	111	5	3	240	5	234	7.46e-70	226
seq2223_5e2r	NP_001187560.1	49.6	242	110	5	3	242	5	236	7.46e-70	226
seq2223_5e2r	KAK6490325.1	53.1	243	97	8	3	240	5	235	7.70e-70	226
seq2223_5e2r	DAA22514.1	47.9	240	113	5	3	240	5	234	1.02e-69	226
seq2223_5e2r	XP_041103105.1	53.5	243	96	8	3	240	5	235	1.09e-69	226
seq2223_5e2r	1V9E_A	47.9	240	113	5	3	240	4	233	1.45e-69	226
seq2223_5e2r	XP_047639617.1	50.8	248	106	7	3	246	5	240	1.50e-69	226
seq2223_5e2r	NP_848667.1	47.9	240	113	5	3	240	5	234	1.50e-69	226
seq2256_5e2r	XP_003408289.2	43.5	276	115	6	3	276	5	241	1.60e-68	224
seq2256_5e2r	NP_001187560.1	44.1	272	111	6	2	271	4	236	6.44e-68	222
seq2256_5e2r	XP_064240409.1	44.2	269	109	6	3	269	5	234	9.11e-68	222
seq2256_5e2r	6B00_A	42.8	276	117	6	3	276	5	241	1.10e-67	222
seq2256_5e2r	XP_062843557.1	45.7	269	103	7	3	268	5	233	1.29e-67	221
seq2256_5e2r	XP_053507549.1	44.1	272	111	6	2	271	4	236	1.83e-67	221
seq2256_5e2r	1LG5_A	43.9	269	110	6	3	269	5	234	2.59e-67	221
seq2256_5e2r	XP_062935615.1	42.0	276	119	6	3	276	5	241	2.59e-67	221
seq2256_5e2r	4PXX_A	42.8	276	117	6	3	276	5	241	2.59e-67	221
seq2256_5e2r	6NJ2_A	42.8	276	117	6	3	276	5	241	3.12e-67	221
seq2256_5e2r	6NJ3_A	42.8	276	117	6	3	276	5	241	3.12e-67	221
seq2256_5e2r	3V3I_B	42.4	276	118	6	3	276	5	241	5.18e-67	220
seq2256_5e2r	XP_057592367.1	45.4	269	106	6	3	269	5	234	5.18e-67	220
seq2256_5e2r	3V3F_A	42.4	276	118	6	3	276	5	241	7.34e-67	219
seq2256_5e2r	4BCW_A	43.9	269	110	6	3	269	2	231	1.34e-66	219
seq2256_5e2r	3DBU_A	43.9	269	110	6	3	269	5	234	1.47e-66	219
seq2256_5e2r	XP_036780974.2	44.2	269	109	6	3	269	5	234	1.47e-66	219
seq2256_5e2r	XP_049638106.1	43.9	269	110	6	3	269	5	234	1.47e-66	219
seq2256_5e2r	XP_017377294.1	43.9	269	110	6	3	269	5	234	1.47e-66	219
seq2256_5e2r	MCJ8744748.1	44.1	272	111	6	2	271	4	236	1.47e-66	219
seq2256_5e2r	EHH64272.1	44.3	271	109	7	2	269	5	236	1.57e-66	219
seq2256_5e2r	KAL0599103.1	43.9	269	110	6	3	269	5	234	2.08e-66	218
seq2256_5e2r	XP_001488540.2	42.0	276	119	6	3	276	5	241	2.08e-66	218
seq2256_5e2r	XP_023581663.1	45.0	269	107	6	3	269	5	234	2.08e-66	218
seq2256_5e2r	XP_006879593.1	44.2	269	107	6	3	269	5	232	2.77e-66	218
seq2273_5e2r	XP_023581663.1	49.4	247	105	5	4	248	5	233	5.29e-75	239
seq2273_5e2r	XP_011792486.1	50.6	243	100	5	3	243	4	228	2.13e-74	238
seq2273_5e2r	XP_023083603.1	50.4	242	100	5	4	243	5	228	6.07e-74	236
seq2273_5e2r	XP_011851027.1	49.8	243	102	5	3	243	4	228	1.22e-73	236
seq2273_5e2r	XP_003408289.2	49.0	247	106	5	4	248	5	233	1.22e-73	236
seq2273_5e2r	6NJ2_A	49.6	242	102	5	4	243	5	228	1.48e-73	236
seq2273_5e2r	6B00_A	49.6	242	102	5	4	243	5	228	2.09e-73	235
seq2273_5e2r	6NJ3_A	49.6	242	102	5	4	243	5	228	2.09e-73	235
seq2273_5e2r	4BCW_A	50.0	242	101	5	4	243	2	225	2.22e-73	235
seq2273_5e2r	3DBU_A	50.0	242	101	5	4	243	5	228	2.45e-73	235
seq2273_5e2r	XP_011887202.1	49.6	242	102	5	4	243	5	228	3.47e-73	234
seq2273_5e2r	XP_003902981.1	49.6	242	102	5	4	243	5	228	3.47e-73	234
seq2273_5e2r	XP_003269568.1	50.0	242	101	5	4	243	5	228	3.47e-73	234
seq2273_5e2r	XP_007999199.2	50.0	242	101	5	4	243	5	228	4.92e-73	234
seq2273_5e2r	3TVN_X	49.6	242	102	5	4	243	3	226	6.54e-73	234
seq2273_5e2r	XP_027013006.1	50.6	243	100	5	3	243	4	228	6.75e-73	234
seq2273_5e2r	NP_001182346.1	49.2	242	103	5	4	243	5	228	6.97e-73	234
seq2273_5e2r	3V3I_B	50.9	230	94	4	16	243	16	228	6.97e-73	234
seq2273_5e2r	XP_010380058.2	49.6	242	102	5	4	243	5	228	6.97e-73	234
seq2273_5e2r	4K0S_A	49.6	242	102	5	4	243	2	225	8.97e-73	233
seq2273_5e2r	6RMX_A	49.6	242	102	5	4	243	2	225	8.97e-73	233
seq2273_5e2r	4K0Z_A	49.6	242	102	5	4	243	3	226	9.26e-73	233
seq2273_5e2r	4QK3_A	49.2	244	104	5	4	245	5	230	9.84e-73	233
seq2273_5e2r	XP_002819286.1	50.0	242	101	5	4	243	5	228	9.87e-73	233
seq2273_5e2r	XP_033059414.1	49.6	242	102	5	4	243	5	228	9.87e-73	233
seq1723_5e2r	4PXX_A	45.0	251	118	6	2	239	4	247	3.08e-70	227
seq1723_5e2r	6B00_A	45.0	251	118	6	2	239	4	247	1.06e-69	226
seq1723_5e2r	6NJ2_A	44.2	251	120	5	2	239	4	247	2.12e-69	225
seq1723_5e2r	6NJ3_A	45.0	251	118	6	2	239	4	247	3.01e-69	224
seq1723_5e2r	3V3I_B	44.6	251	119	6	2	239	4	247	5.00e-69	224
seq1723_5e2r	XP_010380058.2	46.2	238	110	5	2	228	4	234	5.00e-69	224
seq1723_5e2r	3V3F_A	44.6	251	119	6	2	239	4	247	7.08e-69	223
seq1723_5e2r	XP_008835148.1	45.4	238	112	5	2	228	4	234	2.01e-68	222
seq1723_5e2r	3V3G_B	44.2	251	120	6	2	239	4	247	2.85e-68	222
seq1723_5e2r	XP_023083603.1	45.8	238	111	5	2	228	4	234	2.85e-68	222
seq1723_5e2r	NP_001182346.1	46.6	238	109	5	2	228	4	234	4.04e-68	221
seq1723_5e2r	XP_003902981.1	46.6	238	109	5	2	228	4	234	5.72e-68	221
seq1723_5e2r	4M2V_A	45.8	238	111	5	2	228	1	231	7.38e-68	221
seq1723_5e2r	5SZ7_A	46.2	238	110	5	2	228	1	231	7.38e-68	221
seq1723_5e2r	XP_011887202.1	46.6	238	109	5	2	228	4	234	8.11e-68	221
seq1723_5e2r	BAE91302.1	46.6	238	109	5	2	228	4	234	8.11e-68	221
seq1723_5e2r	XP_004588177.2	45.0	251	118	5	2	239	4	247	8.11e-68	221
seq1723_5e2r	4HBA_A	45.8	238	111	5	2	228	4	234	8.11e-68	221
seq1723_5e2r	4K0S_A	46.2	238	110	5	2	228	1	231	1.05e-67	220
seq1723_5e2r	4BCW_A	46.2	238	110	5	2	228	1	231	1.05e-67	220
seq1723_5e2r	4K0Z_A	46.2	238	110	5	2	228	2	232	1.08e-67	220
seq1723_5e2r	4YGJ_A	45.8	238	111	5	2	228	2	232	1.08e-67	220
seq1723_5e2r	3RYV_B	45.8	238	111	5	2	228	3	233	1.11e-67	220
seq1723_5e2r	3V3J_A	44.2	251	120	6	2	239	4	247	1.15e-67	220
seq1723_5e2r	3DBU_A	46.2	238	110	5	2	228	4	234	1.15e-67	220
seq2544_5e2r	XP_008835148.1	43.6	266	124	6	2	264	4	246	1.51e-65	216
seq2544_5e2r	6B00_A	43.3	275	129	7	2	273	4	254	3.65e-65	215
seq2544_5e2r	6NJ2_A	43.3	275	129	7	2	273	4	254	3.65e-65	215
seq2544_5e2r	XP_010380058.2	43.6	266	124	6	2	264	4	246	4.29e-65	215
seq2544_5e2r	6NJ3_A	43.3	275	129	7	2	273	4	254	1.03e-64	214
seq2544_5e2r	XP_023083603.1	43.2	266	125	6	2	264	4	246	1.72e-64	213
seq2544_5e2r	3V3F_A	43.2	266	125	6	2	264	4	246	3.45e-64	213
seq2544_5e2r	XP_064240409.1	44.0	266	123	6	2	264	4	246	3.45e-64	213
seq2544_5e2r	XP_014694616.2	43.6	266	124	6	2	264	4	246	3.45e-64	213
seq2544_5e2r	4YGJ_A	43.2	266	125	6	2	264	2	244	6.49e-64	212
seq2544_5e2r	3RYV_B	43.2	266	125	6	2	264	3	245	6.69e-64	212
seq2544_5e2r	NP_001182346.1	43.6	266	124	6	2	264	4	246	6.90e-64	212
seq2544_5e2r	3V3I_B	42.9	266	126	6	2	264	4	246	6.90e-64	212
seq2544_5e2r	UER43521.1	42.9	275	130	7	2	273	4	254	8.30e-64	212
seq2544_5e2r	XP_012629696.1	43.2	266	125	6	2	264	4	246	9.77e-64	211
seq2544_5e2r	XP_003902981.1	43.6	266	124	6	2	264	4	246	9.77e-64	211
seq2544_5e2r	1YDB_A	43.2	266	125	6	2	264	3	245	1.34e-63	211
seq2544_5e2r	1CCS_A	43.2	266	125	6	2	264	3	245	1.34e-63	211
seq2544_5e2r	1CCU_A	43.2	266	125	6	2	264	3	245	1.34e-63	211
seq2544_5e2r	3V3G_B	42.9	266	126	6	2	264	4	246	1.38e-63	211
seq2544_5e2r	XP_033059414.1	42.9	266	126	6	2	264	4	246	1.38e-63	211
seq2544_5e2r	XP_069322366.1	44.0	266	123	6	2	264	4	246	1.38e-63	211
seq2544_5e2r	XP_046498176.1	43.2	266	125	6	2	264	4	246	1.38e-63	211
seq2544_5e2r	4PXX_A	42.9	266	126	6	2	264	4	246	1.38e-63	211
seq2544_5e2r	4BCW_A	43.2	266	125	6	2	264	1	243	1.78e-63	211
seq3139_5e2r	XP_015280955.1	51.6	250	113	5	13	257	9	255	4.87e-79	250
seq3139_5e2r	4PXX_A	50.0	248	120	4	13	257	9	255	1.39e-78	249
seq3139_5e2r	5G01_A	50.4	248	119	4	13	257	9	255	1.97e-78	248
seq3139_5e2r	XP_017377294.1	50.4	248	119	4	13	257	9	255	5.60e-78	247
seq3139_5e2r	XP_053507549.1	49.2	248	122	4	15	259	11	257	1.12e-77	246
seq3139_5e2r	3V3I_B	50.0	248	120	4	13	257	9	255	1.12e-77	246
seq3139_5e2r	6B00_A	50.0	248	120	4	13	257	9	255	1.36e-77	246
seq3139_5e2r	6NJ3_A	50.0	248	120	4	13	257	9	255	1.36e-77	246
seq3139_5e2r	NP_001182346.1	50.0	248	120	4	13	257	9	255	1.59e-77	246
seq3139_5e2r	XP_039320482.1	50.0	248	120	4	13	257	9	255	1.59e-77	246
seq3139_5e2r	3V3F_A	50.0	248	120	4	13	257	9	255	1.59e-77	246
seq3139_5e2r	XP_002759086.1	50.4	248	119	4	13	257	9	255	1.59e-77	246
seq3139_5e2r	XP_054840575.1	51.2	250	114	5	13	257	9	255	1.59e-77	246
seq3139_5e2r	4HBA_A	49.6	248	121	4	13	257	9	255	1.59e-77	246
seq3139_5e2r	XP_064240409.1	49.6	248	121	4	13	257	9	255	2.26e-77	246
seq3139_5e2r	3V3G_B	50.0	248	120	4	13	257	9	255	2.26e-77	246
seq3139_5e2r	XP_069322366.1	49.6	248	121	4	13	257	9	255	2.26e-77	246
seq3139_5e2r	BAE91302.1	50.0	248	120	4	13	257	9	255	2.26e-77	246
seq3139_5e2r	XP_003902981.1	50.0	248	120	4	13	257	9	255	2.26e-77	246
seq3139_5e2r	XP_012868011.1	49.6	248	121	4	13	257	9	255	2.26e-77	246
seq3139_5e2r	XP_003408289.2	49.6	248	121	4	13	257	9	255	3.20e-77	245
seq3139_5e2r	XP_032105929.1	50.0	248	120	4	13	257	9	255	3.20e-77	245
seq3139_5e2r	4BCW_A	50.0	248	120	4	13	257	6	252	4.12e-77	245
seq3139_5e2r	XP_011887202.1	50.0	248	120	4	13	257	9	255	4.54e-77	245
seq3139_5e2r	3DBU_A	50.0	248	120	4	13	257	9	255	4.54e-77	245
seq2738_5e2r	XP_003408289.2	52.9	242	110	3	13	250	16	257	3.73e-86	268
seq2738_5e2r	4PXX_A	52.9	242	110	3	13	250	16	257	3.03e-85	265
seq2738_5e2r	XP_064240409.1	53.7	242	108	3	13	250	16	257	1.23e-84	264
seq2738_5e2r	6B00_A	52.9	242	110	3	13	250	16	257	1.49e-84	264
seq2738_5e2r	XP_011792486.1	53.7	242	108	3	13	250	16	257	2.47e-84	263
seq2738_5e2r	XP_023083603.1	53.7	242	108	3	13	250	16	257	2.47e-84	263
seq2738_5e2r	6NJ2_A	52.9	242	110	3	13	250	16	257	3.00e-84	263
seq2738_5e2r	6NJ3_A	52.9	242	110	3	13	250	16	257	4.25e-84	263
seq2738_5e2r	3V3I_B	52.5	242	111	3	13	250	16	257	7.03e-84	262
seq2738_5e2r	NXA39290.1	52.9	242	110	3	13	250	5	246	9.84e-84	261
seq2738_5e2r	3V3G_B	52.5	242	111	3	13	250	16	257	9.96e-84	261
seq2738_5e2r	3V3F_A	52.5	242	111	3	13	250	16	257	1.41e-83	261
seq2738_5e2r	4HBA_A	52.5	242	111	3	13	250	16	257	1.41e-83	261
seq2738_5e2r	XP_038203418.1	52.5	242	111	3	13	250	16	257	2.00e-83	261
seq2738_5e2r	EHH28619.1	52.5	242	111	3	13	250	5	246	2.80e-83	260
seq2738_5e2r	XP_039320482.1	52.9	242	110	3	13	250	16	257	2.84e-83	260
seq2738_5e2r	XP_055142645.1	52.9	242	110	3	13	250	16	257	2.84e-83	260
seq2738_5e2r	XP_010380058.2	52.9	242	110	3	13	250	16	257	2.84e-83	260
seq2738_5e2r	NP_001182346.1	52.5	242	111	3	13	250	16	257	4.03e-83	260
seq2738_5e2r	XP_011887202.1	52.5	242	111	3	13	250	16	257	4.03e-83	260
seq2738_5e2r	KAL0599103.1	52.5	242	111	3	13	250	16	257	4.03e-83	260
seq2738_5e2r	XP_033059414.1	52.9	242	110	3	13	250	16	257	4.03e-83	260
seq2738_5e2r	BAE91302.1	52.5	242	111	3	13	250	16	257	4.03e-83	260
seq2738_5e2r	XP_011851027.1	52.5	242	111	3	13	250	16	257	4.03e-83	260
seq2738_5e2r	EHH64275.1	52.5	242	111	3	13	250	21	262	4.74e-83	260
seq2578_5e2r	XP_033856346.1	53.0	270	108	5	8	273	4	258	6.05e-91	281
seq2578_5e2r	XP_024129250.1	52.6	268	109	4	9	273	5	257	2.37e-90	279
seq2578_5e2r	XP_023820560.1	53.0	268	108	4	9	273	5	257	9.57e-90	278
seq2578_5e2r	KAK6490325.1	52.2	270	110	5	8	273	4	258	1.40e-89	277
seq2578_5e2r	XP_062337313.1	52.2	268	110	4	9	273	5	257	3.87e-89	276
seq2578_5e2r	XP_061569924.1	52.0	269	111	4	8	273	2	255	7.28e-89	275
seq2578_5e2r	KAL2097415.1	51.5	268	112	4	9	273	5	257	7.78e-89	275
seq2578_5e2r	XP_032982343.1	51.3	269	113	4	8	273	4	257	1.56e-88	275
seq2578_5e2r	CAG5896123.1	52.6	268	109	4	9	273	5	257	2.22e-88	274
seq2578_5e2r	XP_031146788.1	51.9	268	111	4	9	273	5	257	2.22e-88	274
seq2578_5e2r	RVE61384.1	52.2	268	110	4	9	273	70	322	3.21e-88	276
seq2578_5e2r	XP_055007027.1	52.9	261	106	3	15	273	10	255	4.17e-88	273
seq2578_5e2r	XP_066508192.1	50.8	266	113	4	9	271	5	255	4.46e-88	273
seq2578_5e2r	XP_066512038.1	50.8	266	113	4	9	271	5	255	4.46e-88	273
seq2578_5e2r	XP_030629904.1	52.3	266	109	4	9	271	5	255	6.32e-88	273
seq2578_5e2r	XP_003408289.2	51.3	269	113	4	8	273	4	257	6.32e-88	273
seq2578_5e2r	KAK6492306.1	52.4	271	108	6	8	273	4	258	6.53e-88	273
seq2578_5e2r	TNN40220.1	52.0	269	111	4	8	273	2	255	8.38e-88	273
seq2578_5e2r	XP_026998648.1	50.0	268	117	3	8	273	4	256	8.66e-88	273
seq2578_5e2r	XP_030258647.1	51.5	268	112	4	9	273	5	257	8.96e-88	273
seq2578_5e2r	XP_039533206.1	51.1	268	113	4	9	273	5	257	8.96e-88	273
seq2578_5e2r	XP_046227832.1	52.0	269	111	4	8	273	4	257	8.96e-88	273
seq2578_5e2r	MCJ8744748.1	50.6	267	114	4	8	271	4	255	8.96e-88	273
seq2578_5e2r	XP_032388257.1	51.5	268	112	4	9	273	5	257	8.96e-88	273
seq2578_5e2r	KAK1174086.1	51.5	270	112	5	8	273	4	258	9.26e-88	273
seq2714_5e2r	XP_028832472.1	51.1	262	116	3	5	264	7	258	3.46e-80	253
seq2714_5e2r	XP_053507549.1	49.6	262	118	4	4	261	4	255	4.90e-80	253
seq2714_5e2r	MCJ8744748.1	50.8	262	115	4	4	261	4	255	6.95e-80	252
seq2714_5e2r	MCI4390503.1	50.6	265	117	4	4	264	4	258	9.85e-80	252
seq2714_5e2r	XP_061569924.1	50.9	265	116	4	4	264	2	256	1.31e-79	251
seq2714_5e2r	KAL2097415.1	51.9	264	113	4	5	264	5	258	1.40e-79	251
seq2714_5e2r	XP_051984134.1	50.9	265	116	4	4	264	4	258	1.40e-79	251
seq2714_5e2r	NP_001187560.1	49.6	262	118	4	4	261	4	255	1.40e-79	251
seq2714_5e2r	XP_039533206.1	50.4	264	117	4	5	264	5	258	1.98e-79	251
seq2714_5e2r	4PXX_A	48.3	265	123	4	4	264	4	258	2.80e-79	251
seq2714_5e2r	TRY64617.1	49.8	265	119	4	4	264	4	258	3.97e-79	250
seq2714_5e2r	XP_034717961.1	50.6	265	117	4	4	264	2	256	5.28e-79	250
seq2714_5e2r	AJA37524.1	50.6	265	117	4	4	264	2	256	7.48e-79	249
seq2714_5e2r	XP_032388257.1	50.4	264	117	4	5	264	5	258	7.98e-79	249
seq2714_5e2r	XP_008306375.1	50.8	258	115	3	9	264	9	256	1.06e-78	249
seq2714_5e2r	XP_041824038.1	50.4	264	117	4	5	264	5	258	1.18e-78	249
seq2714_5e2r	XP_039646336.1	50.6	265	117	4	4	264	2	256	1.50e-78	249
seq2714_5e2r	P83299.1	50.8	264	116	4	5	264	4	257	1.55e-78	249
seq2714_5e2r	KAI4887295.1	50.4	264	117	4	5	264	5	258	1.60e-78	249
seq2714_5e2r	CAG5896123.1	50.8	258	115	3	9	264	11	258	1.60e-78	249
seq2714_5e2r	AAZ83743.1	50.8	264	116	4	5	264	5	258	1.60e-78	249
seq2714_5e2r	NP_571185.1	50.4	264	117	4	5	264	5	258	1.60e-78	249
seq2714_5e2r	5SZ7_A	48.7	265	122	4	4	264	1	255	2.06e-78	248
seq2714_5e2r	XP_011606415.2	49.8	265	119	4	4	264	4	258	2.27e-78	248
seq2714_5e2r	KAB5535433.1	50.2	265	118	4	4	264	4	258	2.27e-78	248
